{"lines":[{"id":69146,"name":"Exotic Coinage","icon":"https://web.poecdn.com/gen/image/WzI1LDE0LHsiZiI6IjJESXRlbXMvQ3VycmVuY3kvRXhwZWRpdGlvbi9CYXJ0ZXJSZWZyZXNoQ3VycmVuY3kiLCJ3IjoxLCJoIjoxLCJzY2FsZSI6MX1d/bf3e6fbe8f/BarterRefreshCurrency.png","baseType":"Exotic Coinage","stackSize":1000,"itemClass":5,"sparkline":{"data":[0,0,0,0,0,0,0],"totalChange":0},"lowConfidenceSparkline":{"data":[0,0,0,0,0,0,0],"totalChange":0},"implicitModifiers":[],"explicitModifiers":[],"flavourText":"","chaosValue":8.00,"exaltedValue":0.37,"divineValue":0.03,"count":285,"detailsId":"exotic-coinage","tradeInfo":[],"listingCount":4361},{"id":69149,"name":"Burial Medallion","icon":"https://web.poecdn.com/gen/image/WzI1LDE0LHsiZiI6IjJESXRlbXMvQ3VycmVuY3kvRXhwZWRpdGlvbi9EYW5uaWdSZXJvbGxDdXJyZW5jeSIsInciOjEsImgiOjEsInNjYWxlIjoxfV0/62d38b9f1d/DannigRerollCurrency.png","baseType":"Burial Medallion","stackSize":1000,"itemClass":5,"sparkline":{"data":[0,-10,0,0,0,0,0],"totalChange":0},"lowConfidenceSparkline":{"data":[0,-10,0,0,0,0,0],"totalChange":0},"implicitModifiers":[],"explicitModifiers":[],"flavourText":"","chaosValue":5.00,"exaltedValue":0.23,"divineValue":0.02,"count":273,"detailsId":"burial-medallion","tradeInfo":[],"listingCount":4691},{"id":69141,"name":"Scrap Metal","icon":"https://web.poecdn.com/gen/image/WzI1LDE0LHsiZiI6IjJESXRlbXMvQ3VycmVuY3kvRXhwZWRpdGlvbi9EZWFsZXJSZWZyZXNoQ3VycmVuY3kiLCJ3IjoxLCJoIjoxLCJzY2FsZSI6MX1d/f4db789e4b/DealerRefreshCurrency.png","baseType":"Scrap Metal","stackSize":1000,"itemClass":5,"sparkline":{"data":[0,0,0,0,0,0,0],"totalChange":0},"lowConfidenceSparkline":{"data":[0,0,0,0,0,0,0],"totalChange":0},"implicitModifiers":[],"explicitModifiers":[],"flavourText":"","chaosValue":1.00,"exaltedValue":0.05,"divineValue":0.00,"count":197,"detailsId":"scrap-metal","tradeInfo":[],"listingCount":4945},{"id":69150,"name":"Astragali","icon":"https://web.poecdn.com/gen/image/WzI1LDE0LHsiZiI6IjJESXRlbXMvQ3VycmVuY3kvRXhwZWRpdGlvbi9HYW1ibGVyUmVmcmVzaEN1cnJlbmN5IiwidyI6MSwiaCI6MSwic2NhbGUiOjF9XQ/f878f8fc1a/GamblerRefreshCurrency.png","baseType":"Astragali","stackSize":1000,"itemClass":5,"sparkline":{"data":[0,0,0,0,0,0,0],"totalChange":0},"lowConfidenceSparkline":{"data":[0,0,0,0,0,0,0],"totalChange":0},"implicitModifiers":[],"explicitModifiers":[],"flavourText":"","chaosValue":0.50,"exaltedValue":0.02,"divineValue":0.00,"count":383,"detailsId":"astragali","tradeInfo":[],"listingCount":7540}]}