{"lines":[{"id":7666,"name":"Glyphic Fossil","icon":"https://web.poecdn.com/gen/image/WzI1LDE0LHsiZiI6IjJESXRlbXMvQ3VycmVuY3kvRGVsdmUvR2x5cGhpY0Zvc3NpbCIsInciOjEsImgiOjEsInNjYWxlIjoxfV0/f5b3c6edf7/GlyphicFossil.png","baseType":"Glyphic Fossil","stackSize":10,"itemClass":5,"sparkline":{"data":[0,-1.22,1.25,-1.22,-1.22,-1.22,-1.22],"totalChange":-1.22},"lowConfidenceSparkline":{"data":[0,-1.22,1.25,-1.22,-1.22,-1.22,-1.22],"totalChange":-1.22},"implicitModifiers":[],"explicitModifiers":[{"text":"Has a Corrupt Essence modifier","optional":false}],"flavourText":"","chaosValue":80.00,"exaltedValue":3.70,"divineValue":0.31,"count":300,"detailsId":"glyphic-fossil","tradeInfo":[],"listingCount":2245},{"id":7650,"name":"Faceted Fossil","icon":"https://web.poecdn.com/gen/image/WzI1LDE0LHsiZiI6IjJESXRlbXMvQ3VycmVuY3kvRGVsdmUvRmFjZXRlZEZvc3NpbCIsInciOjEsImgiOjEsInNjYWxlIjoxfV0/db0aba6238/FacetedFossil.png","baseType":"Faceted Fossil","stackSize":10,"itemClass":5,"sparkline":{"data":[0,0,0,0,0,0,-0.27],"totalChange":-0.27},"lowConfidenceSparkline":{"data":[0,0,0,0,0,0,-0.27],"totalChange":-0.27},"implicitModifiers":[],"explicitModifiers":[{"text":"More Gem modifiers","optional":false}],"flavourText":"","chaosValue":74.80,"exaltedValue":3.46,"divineValue":0.29,"count":222,"detailsId":"faceted-fossil","tradeInfo":[],"listingCount":1761},{"id":7661,"name":"Hollow Fossil","icon":"https://web.poecdn.com/gen/image/WzI1LDE0LHsiZiI6IjJESXRlbXMvQ3VycmVuY3kvRGVsdmUvQW1iZXJFeWUiLCJ3IjoxLCJoIjoxLCJzY2FsZSI6MX1d/7579485795/AmberEye.png","baseType":"Hollow Fossil","stackSize":10,"itemClass":5,"sparkline":{"data":[0,0,0,0,0,-0.48,-2],"totalChange":-2},"lowConfidenceSparkline":{"data":[0,0,0,0,0,-0.48,-2],"totalChange":-2},"implicitModifiers":[],"explicitModifiers":[{"text":"Has an Abyssal socket","optional":false}],"flavourText":"","chaosValue":49.00,"exaltedValue":2.26,"divineValue":0.19,"count":379,"detailsId":"hollow-fossil","tradeInfo":[],"listingCount":2550},{"id":20445,"name":"Fractured Fossil","icon":"https://web.poecdn.com/gen/image/WzI1LDE0LHsiZiI6IjJESXRlbXMvQ3VycmVuY3kvRGVsdmUvRnJhY3R1cmVkRm9zc2lsIiwidyI6MSwiaCI6MSwic2NhbGUiOjF9XQ/ffb5b47984/FracturedFossil.png","baseType":"Fractured Fossil","stackSize":10,"itemClass":5,"sparkline":{"data":[0,0,-0.74,0,-5.26,-5.26,-5.26],"totalChange":-5.26},"lowConfidenceSparkline":{"data":[0,0,-0.74,0,-5.26,-5.26,-5.26],"totalChange":-5.26},"implicitModifiers":[],"explicitModifiers":[{"text":"Creates a split copy\nCannot be used to split Influenced,\nEnchanted, Fractured, or Synthesised items","optional":false}],"flavourText":"","chaosValue":18.00,"exaltedValue":0.83,"divineValue":0.07,"count":301,"detailsId":"fractured-fossil","tradeInfo":[],"listingCount":2703},{"id":7634,"name":"Perfect Fossil","icon":"https://web.poecdn.com/gen/image/WzI1LDE0LHsiZiI6IjJESXRlbXMvQ3VycmVuY3kvRGVsdmUvUGVyZmVjdEZvc3NpbCIsInciOjEsImgiOjEsInNjYWxlIjoxfV0/7a87694b3c/PerfectFossil.png","baseType":"Perfect Fossil","stackSize":20,"itemClass":5,"sparkline":{"data":[0,1.33,0,0,0,0,0],"totalChange":0},"lowConfidenceSparkline":{"data":[0,1.33,0,0,0,0,0],"totalChange":0},"implicitModifiers":[],"explicitModifiers":[{"text":"Improved Quality","optional":false}],"flavourText":"","chaosValue":12.00,"exaltedValue":0.55,"divineValue":0.05,"count":399,"detailsId":"perfect-fossil","tradeInfo":[],"listingCount":3796},{"id":7665,"name":"Shuddering Fossil","icon":"https://web.poecdn.com/gen/image/WzI1LDE0LHsiZiI6IjJESXRlbXMvQ3VycmVuY3kvRGVsdmUvU2h1ZGRlcmluZ0Zvc3NpbCIsInciOjEsImgiOjEsInNjYWxlIjoxfV0/7ea7926999/ShudderingFossil.png","baseType":"Shuddering Fossil","stackSize":20,"itemClass":5,"sparkline":{"data":[0,0,0,0,0,0,0],"totalChange":0},"lowConfidenceSparkline":{"data":[0,0,0,0,0,0,0],"totalChange":0},"implicitModifiers":[],"explicitModifiers":[{"text":"More Speed modifiers\nNo Mana modifiers","optional":false}],"flavourText":"","chaosValue":10.00,"exaltedValue":0.46,"divineValue":0.04,"count":399,"detailsId":"shuddering-fossil","tradeInfo":[],"listingCount":5567},{"id":7653,"name":"Sanctified Fossil","icon":"https://web.poecdn.com/gen/image/WzI1LDE0LHsiZiI6IjJESXRlbXMvQ3VycmVuY3kvRGVsdmUvR2lsZGVkRm9zc2lsIiwidyI6MSwiaCI6MSwic2NhbGUiOjF9XQ/8a8b6de108/GildedFossil.png","baseType":"Sanctified Fossil","stackSize":10,"itemClass":5,"sparkline":{"data":[0,0,0,0,0,0,0],"totalChange":0},"lowConfidenceSparkline":{"data":[0,0,0,0,0,0,0],"totalChange":0},"implicitModifiers":[],"explicitModifiers":[{"text":"Numeric modifier values are lucky\nHigh Level modifiers are more common","optional":false}],"flavourText":"","chaosValue":6.00,"exaltedValue":0.28,"divineValue":0.02,"count":348,"detailsId":"sanctified-fossil","tradeInfo":[],"listingCount":2907},{"id":7654,"name":"Corroded Fossil","icon":"https://web.poecdn.com/gen/image/WzI1LDE0LHsiZiI6IjJESXRlbXMvQ3VycmVuY3kvRGVsdmUvQ29ycm9kZWRGb3NzaWwiLCJ3IjoxLCJoIjoxLCJzY2FsZSI6MX1d/e934508b43/CorrodedFossil.png","baseType":"Corroded Fossil","stackSize":20,"itemClass":5,"sparkline":{"data":[0,0,0,0,0,0,0],"totalChange":0},"lowConfidenceSparkline":{"data":[0,0,0,0,0,0,0],"totalChange":0},"implicitModifiers":[],"explicitModifiers":[{"text":"More Physical Ailment or Chaos Ailment modifiers\nNo Elemental modifiers","optional":false}],"flavourText":"","chaosValue":5.00,"exaltedValue":0.23,"divineValue":0.02,"count":399,"detailsId":"corroded-fossil","tradeInfo":[],"listingCount":6540},{"id":70507,"name":"Deft Fossil","icon":"https://web.poecdn.com/gen/image/WzI1LDE0LHsiZiI6IjJESXRlbXMvQ3VycmVuY3kvRGVsdmUvRW5jaGFudGVkRm9zc2lsIiwidyI6MSwiaCI6MSwic2NhbGUiOjF9XQ/314cfdc367/EnchantedFossil.png","baseType":"Deft Fossil","stackSize":20,"itemClass":5,"sparkline":{"data":[0,0,0,0,0,0,0],"totalChange":0},"lowConfidenceSparkline":{"data":[0,0,0,0,0,0,0],"totalChange":0},"implicitModifiers":[],"explicitModifiers":[{"text":"More Critical modifiers\nNo Attribute modifiers","optional":false}],"flavourText":"","chaosValue":5.00,"exaltedValue":0.23,"divineValue":0.02,"count":399,"detailsId":"deft-fossil","tradeInfo":[],"listingCount":3281},{"id":7640,"name":"Bound Fossil","icon":"https://web.poecdn.com/gen/image/WzI1LDE0LHsiZiI6IjJESXRlbXMvQ3VycmVuY3kvRGVsdmUvUmVzb25hdGluZ0Zvc3NpbCIsInciOjEsImgiOjEsInNjYWxlIjoxfV0/836925ced6/ResonatingFossil.png","baseType":"Bound Fossil","stackSize":20,"itemClass":5,"sparkline":{"data":[0,0,0,0,0,0,0],"totalChange":0},"lowConfidenceSparkline":{"data":[0,0,0,0,0,0,0],"totalChange":0},"implicitModifiers":[],"explicitModifiers":[{"text":"More Minion, Aura or Curse modifiers","optional":false}],"flavourText":"","chaosValue":3.00,"exaltedValue":0.14,"divineValue":0.01,"count":399,"detailsId":"bound-fossil","tradeInfo":[],"listingCount":4440},{"id":7667,"name":"Bloodstained Fossil","icon":"https://web.poecdn.com/gen/image/WzI1LDE0LHsiZiI6IjJESXRlbXMvQ3VycmVuY3kvRGVsdmUvQmxvb2RzdGFpbmVkRm9zc2lsIiwidyI6MSwiaCI6MSwic2NhbGUiOjF9XQ/fe0b3edea8/BloodstainedFossil.png","baseType":"Bloodstained Fossil","stackSize":10,"itemClass":5,"sparkline":{"data":[0,0,0,0,0,0,0],"totalChange":0},"lowConfidenceSparkline":{"data":[0,0,0,0,0,0,0],"totalChange":0},"implicitModifiers":[],"explicitModifiers":[{"text":"Corrupted\nHas a Corrupted implicit modifier","optional":false}],"flavourText":"","chaosValue":3.00,"exaltedValue":0.14,"divineValue":0.01,"count":120,"detailsId":"bloodstained-fossil","tradeInfo":[],"listingCount":1385},{"id":7637,"name":"Aetheric Fossil","icon":"https://web.poecdn.com/gen/image/WzI1LDE0LHsiZiI6IjJESXRlbXMvQ3VycmVuY3kvRGVsdmUvQWV0aGVyaWNGb3NzaWwiLCJ3IjoxLCJoIjoxLCJzY2FsZSI6MX1d/fb38994bc8/AethericFossil.png","baseType":"Aetheric Fossil","stackSize":20,"itemClass":5,"sparkline":{"data":[0,0,0,0,0,0,0],"totalChange":0},"lowConfidenceSparkline":{"data":[0,0,0,0,0,0,0],"totalChange":0},"implicitModifiers":[],"explicitModifiers":[{"text":"More Caster modifiers\nFewer Attack modifiers","optional":false}],"flavourText":"","chaosValue":2.00,"exaltedValue":0.09,"divineValue":0.01,"count":335,"detailsId":"aetheric-fossil","tradeInfo":[],"listingCount":3248},{"id":7664,"name":"Tangled Fossil","icon":"https://web.poecdn.com/gen/image/WzI1LDE0LHsiZiI6IjJESXRlbXMvQ3VycmVuY3kvRGVsdmUvVGFuZ2xlZEZvc3NpbCIsInciOjEsImgiOjEsInNjYWxlIjoxfV0/3e5e6289c8/TangledFossil.png","baseType":"Tangled Fossil","stackSize":10,"itemClass":5,"sparkline":{"data":[0,0,0,0,0,0,0],"totalChange":0},"lowConfidenceSparkline":{"data":[0,0,0,0,0,0,0],"totalChange":0},"implicitModifiers":[],"explicitModifiers":[{"text":"Makes a random modifier type much more likely and prevents \nanother random modifier type\nEffects revealed once resonator is fully socketed","optional":false}],"flavourText":"","chaosValue":2.00,"exaltedValue":0.09,"divineValue":0.01,"count":110,"detailsId":"tangled-fossil","tradeInfo":[],"listingCount":1817},{"id":70510,"name":"Fundamental Fossil","icon":"https://web.poecdn.com/gen/image/WzI1LDE0LHsiZiI6IjJESXRlbXMvQ3VycmVuY3kvRGVsdmUvRW5jcnVzdGVkRm9zc2lsIiwidyI6MSwiaCI6MSwic2NhbGUiOjF9XQ/4f7e7cc55d/EncrustedFossil.png","baseType":"Fundamental Fossil","stackSize":20,"itemClass":5,"sparkline":{"data":[0,0,0,0,0,0,0],"totalChange":0},"lowConfidenceSparkline":{"data":[0,0,0,0,0,0,0],"totalChange":0},"implicitModifiers":[],"explicitModifiers":[{"text":"More Attribute modifiers\nNo Critical modifiers","optional":false}],"flavourText":"","chaosValue":2.00,"exaltedValue":0.09,"divineValue":0.01,"count":399,"detailsId":"fundamental-fossil","tradeInfo":[],"listingCount":4036},{"id":7638,"name":"Gilded Fossil","icon":"https://web.poecdn.com/gen/image/WzI1LDE0LHsiZiI6IjJESXRlbXMvQ3VycmVuY3kvRGVsdmUvU2FuY3RpZmllZEZvc3NpbCIsInciOjEsImgiOjEsInNjYWxlIjoxfV0/3c8e7553b5/SanctifiedFossil.png","baseType":"Gilded Fossil","stackSize":10,"itemClass":5,"sparkline":{"data":[0,0,0,0,0,0,0],"totalChange":0},"lowConfidenceSparkline":{"data":[0,0,0,0,0,0,0],"totalChange":0},"implicitModifiers":[],"explicitModifiers":[{"text":"Item is overvalued by vendors","optional":false}],"flavourText":"","chaosValue":1.00,"exaltedValue":0.05,"divineValue":0.00,"count":246,"detailsId":"gilded-fossil","tradeInfo":[],"listingCount":2705},{"id":7639,"name":"Jagged Fossil","icon":"https://web.poecdn.com/gen/image/WzI1LDE0LHsiZiI6IjJESXRlbXMvQ3VycmVuY3kvRGVsdmUvSmFnZ2VkRm9zc2lsIiwidyI6MSwiaCI6MSwic2NhbGUiOjF9XQ/054b08865e/JaggedFossil.png","baseType":"Jagged Fossil","stackSize":20,"itemClass":5,"sparkline":{"data":[0,0,0,0,0,0,0],"totalChange":0},"lowConfidenceSparkline":{"data":[0,0,0,0,0,0,0],"totalChange":0},"implicitModifiers":[],"explicitModifiers":[{"text":"More Physical modifiers\nNo Chaos modifiers","optional":false}],"flavourText":"","chaosValue":1.00,"exaltedValue":0.05,"divineValue":0.00,"count":399,"detailsId":"jagged-fossil","tradeInfo":[],"listingCount":10458},{"id":7641,"name":"Aberrant Fossil","icon":"https://web.poecdn.com/gen/image/WzI1LDE0LHsiZiI6IjJESXRlbXMvQ3VycmVuY3kvRGVsdmUvQWJiZXJhbnRGb3NzaWwiLCJ3IjoxLCJoIjoxLCJzY2FsZSI6MX1d/426882fe76/AbberantFossil.png","baseType":"Aberrant Fossil","stackSize":20,"itemClass":5,"sparkline":{"data":[0,0,0,0,0,0,0],"totalChange":0},"lowConfidenceSparkline":{"data":[0,0,0,0,0,0,0],"totalChange":0},"implicitModifiers":[],"explicitModifiers":[{"text":"More Chaos modifiers\nNo Lightning modifiers","optional":false}],"flavourText":"","chaosValue":1.00,"exaltedValue":0.05,"divineValue":0.00,"count":399,"detailsId":"aberrant-fossil","tradeInfo":[],"listingCount":9020},{"id":7643,"name":"Dense Fossil","icon":"https://web.poecdn.com/gen/image/WzI1LDE0LHsiZiI6IjJESXRlbXMvQ3VycmVuY3kvRGVsdmUvRGVuc2VGb3NzaWwiLCJ3IjoxLCJoIjoxLCJzY2FsZSI6MX1d/e51b8071e7/DenseFossil.png","baseType":"Dense Fossil","stackSize":20,"itemClass":5,"sparkline":{"data":[0,0,0,0,0,0,0],"totalChange":0},"lowConfidenceSparkline":{"data":[0,0,0,0,0,0,0],"totalChange":0},"implicitModifiers":[],"explicitModifiers":[{"text":"More Defence modifiers\nNo Life Modifiers","optional":false}],"flavourText":"","chaosValue":1.00,"exaltedValue":0.05,"divineValue":0.00,"count":399,"detailsId":"dense-fossil","tradeInfo":[],"listingCount":7110},{"id":7645,"name":"Metallic Fossil","icon":"https://web.poecdn.com/gen/image/WzI1LDE0LHsiZiI6IjJESXRlbXMvQ3VycmVuY3kvRGVsdmUvTWV0YWxsaWNGb3NzaWwiLCJ3IjoxLCJoIjoxLCJzY2FsZSI6MX1d/c26857827c/MetallicFossil.png","baseType":"Metallic Fossil","stackSize":20,"itemClass":5,"sparkline":{"data":[0,0,0,0,0,0,0],"totalChange":0},"lowConfidenceSparkline":{"data":[0,0,0,0,0,0,0],"totalChange":0},"implicitModifiers":[],"explicitModifiers":[{"text":"More Lightning modifiers\nNo Physical modifiers","optional":false}],"flavourText":"","chaosValue":1.00,"exaltedValue":0.05,"divineValue":0.00,"count":399,"detailsId":"metallic-fossil","tradeInfo":[],"listingCount":10999},{"id":7649,"name":"Prismatic Fossil","icon":"https://web.poecdn.com/gen/image/WzI1LDE0LHsiZiI6IjJESXRlbXMvQ3VycmVuY3kvRGVsdmUvUHJpc21hdGljRm9zc2lsIiwidyI6MSwiaCI6MSwic2NhbGUiOjF9XQ/ebaea2a708/PrismaticFossil.png","baseType":"Prismatic Fossil","stackSize":20,"itemClass":5,"sparkline":{"data":[0,0,0,0,0,0,0],"totalChange":0},"lowConfidenceSparkline":{"data":[0,0,0,0,0,0,0],"totalChange":0},"implicitModifiers":[],"explicitModifiers":[{"text":"More Elemental modifiers\nNo Physical Ailment or Chaos Ailment modifiers","optional":false}],"flavourText":"","chaosValue":1.00,"exaltedValue":0.05,"divineValue":0.00,"count":399,"detailsId":"prismatic-fossil","tradeInfo":[],"listingCount":4291},{"id":7652,"name":"Pristine Fossil","icon":"https://web.poecdn.com/gen/image/WzI1LDE0LHsiZiI6IjJESXRlbXMvQ3VycmVuY3kvRGVsdmUvUHJpc3RpbmVGb3NzaWwiLCJ3IjoxLCJoIjoxLCJzY2FsZSI6MX1d/e9dda92a19/PristineFossil.png","baseType":"Pristine Fossil","stackSize":20,"itemClass":5,"sparkline":{"data":[0,0,0,0,0,0,0],"totalChange":0},"lowConfidenceSparkline":{"data":[0,0,0,0,0,0,0],"totalChange":0},"implicitModifiers":[],"explicitModifiers":[{"text":"More Life modifiers\nNo Defence modifiers","optional":false}],"flavourText":"","chaosValue":1.00,"exaltedValue":0.05,"divineValue":0.00,"count":399,"detailsId":"pristine-fossil","tradeInfo":[],"listingCount":10819},{"id":7655,"name":"Lucent Fossil","icon":"https://web.poecdn.com/gen/image/WzI1LDE0LHsiZiI6IjJESXRlbXMvQ3VycmVuY3kvRGVsdmUvTHVjZW50Rm9zc2lsIiwidyI6MSwiaCI6MSwic2NhbGUiOjF9XQ/633b40a6b0/LucentFossil.png","baseType":"Lucent Fossil","stackSize":20,"itemClass":5,"sparkline":{"data":[0,0,0,0,0,0,0],"totalChange":0},"lowConfidenceSparkline":{"data":[0,0,0,0,0,0,0],"totalChange":0},"implicitModifiers":[],"explicitModifiers":[{"text":"More Mana modifiers\nNo Speed modifiers","optional":false}],"flavourText":"","chaosValue":1.00,"exaltedValue":0.05,"divineValue":0.00,"count":399,"detailsId":"lucent-fossil","tradeInfo":[],"listingCount":6287},{"id":7658,"name":"Serrated Fossil","icon":"https://web.poecdn.com/gen/image/WzI1LDE0LHsiZiI6IjJESXRlbXMvQ3VycmVuY3kvRGVsdmUvU2VycmF0ZWRGb3NzaWwiLCJ3IjoxLCJoIjoxLCJzY2FsZSI6MX1d/42d7279694/SerratedFossil.png","baseType":"Serrated Fossil","stackSize":20,"itemClass":5,"sparkline":{"data":[0,0,0,0,0,0,0],"totalChange":0},"lowConfidenceSparkline":{"data":[0,0,0,0,0,0,0],"totalChange":0},"implicitModifiers":[],"explicitModifiers":[{"text":"More Attack modifiers\nFewer Caster modifiers","optional":false}],"flavourText":"","chaosValue":1.00,"exaltedValue":0.05,"divineValue":0.00,"count":368,"detailsId":"serrated-fossil","tradeInfo":[],"listingCount":4181},{"id":7642,"name":"Scorched Fossil","icon":"https://web.poecdn.com/gen/image/WzI1LDE0LHsiZiI6IjJESXRlbXMvQ3VycmVuY3kvRGVsdmUvQW1iZXJGaXJlRmx5IiwidyI6MSwiaCI6MSwic2NhbGUiOjF9XQ/cf1a077c8d/AmberFireFly.png","baseType":"Scorched Fossil","stackSize":20,"itemClass":5,"sparkline":{"data":[0,0,0,0,0,0,0],"totalChange":0},"lowConfidenceSparkline":{"data":[0,0,0,0,0,0,0],"totalChange":0},"implicitModifiers":[],"explicitModifiers":[{"text":"More Fire modifiers\nNo Cold modifiers","optional":false}],"flavourText":"","chaosValue":0.50,"exaltedValue":0.02,"divineValue":0.00,"count":399,"detailsId":"scorched-fossil","tradeInfo":[],"listingCount":11775},{"id":7644,"name":"Frigid Fossil","icon":"https://web.poecdn.com/gen/image/WzI1LDE0LHsiZiI6IjJESXRlbXMvQ3VycmVuY3kvRGVsdmUvQW1iZXJGYW5nIiwidyI6MSwiaCI6MSwic2NhbGUiOjF9XQ/559d8ae855/AmberFang.png","baseType":"Frigid Fossil","stackSize":20,"itemClass":5,"sparkline":{"data":[0,0,0,0,0,0,0],"totalChange":0},"lowConfidenceSparkline":{"data":[0,0,0,0,0,0,0],"totalChange":0},"implicitModifiers":[],"explicitModifiers":[{"text":"More Cold modifiers\nNo Fire modifiers","optional":false}],"flavourText":"","chaosValue":0.50,"exaltedValue":0.02,"divineValue":0.00,"count":399,"detailsId":"frigid-fossil","tradeInfo":[],"listingCount":11477}]}