{"lines":[{"id":106802,"name":"Tattoo of the Ramako Makanga","icon":"https://web.poecdn.com/gen/image/WzI1LDE0LHsiZiI6IjJESXRlbXMvQ3VycmVuY3kvQW5jZXN0b3JzL1JhcmVEZXhUYXR0dG9vRXF1aXBtZW50IiwidyI6MSwiaCI6MSwic2NhbGUiOjF9XQ/a2e28f4b6c/RareDexTatttooEquipment.png","baseType":"Tattoo of the Ramako Makanga","stackSize":10,"itemClass":5,"sparkline":{"data":[0,-2.44,1.75,6.61,7.52,9.06,10.58],"totalChange":10.58},"lowConfidenceSparkline":{"data":[0,-2.44,1.75,6.61,7.52,9.06,10.58],"totalChange":10.58},"implicitModifiers":[],"explicitModifiers":[{"text":"Skills fire an additional Projectile","optional":false}],"flavourText":"","chaosValue":8575.71,"exaltedValue":396.29,"divineValue":33.00,"count":352,"detailsId":"tattoo-of-the-ramako-makanga","tradeInfo":[],"listingCount":1398},{"id":107055,"name":"Tattoo of the Arohongui Makanga","icon":"https://web.poecdn.com/gen/image/WzI1LDE0LHsiZiI6IjJESXRlbXMvQ3VycmVuY3kvQW5jZXN0b3JzL1JhcmVEZXhUYXR0dG9vRXF1aXBtZW50IiwidyI6MSwiaCI6MSwic2NhbGUiOjF9XQ/a2e28f4b6c/RareDexTatttooEquipment.png","baseType":"Tattoo of the Arohongui Makanga","stackSize":10,"itemClass":5,"sparkline":{"data":[0,0.44,1.48,3.10,14.40,16.62,17.63],"totalChange":17.63},"lowConfidenceSparkline":{"data":[0,0.44,1.48,3.10,14.40,16.62,17.63],"totalChange":17.63},"implicitModifiers":[],"explicitModifiers":[{"text":"+1% to maximum Cold Resistance","optional":false}],"flavourText":"","chaosValue":2572.71,"exaltedValue":118.89,"divineValue":9.90,"count":239,"detailsId":"tattoo-of-the-arohongui-makanga","tradeInfo":[],"listingCount":794},{"id":108016,"name":"Journey Tattoo of Makanui","icon":"https://web.poecdn.com/gen/image/WzI1LDE0LHsiZiI6IjJESXRlbXMvQ3VycmVuY3kvQW5jZXN0b3JzL1VuaXF1ZTRUYXR0dG9vRXF1aXBtZW50IiwidyI6MSwiaCI6MSwic2NhbGUiOjF9XQ/6e8c1bd4e6/Unique4TatttooEquipment.png","baseType":"Journey Tattoo of Makanui","stackSize":10,"itemClass":5,"sparkline":{"data":[0,-0.83,-3.50,-3.01,0.68,0.81,0.23],"totalChange":0.23},"lowConfidenceSparkline":{"data":[0,-0.83,-3.50,-3.01,0.68,0.81,0.23],"totalChange":0.23},"implicitModifiers":[],"explicitModifiers":[{"text":"Grants a random Keystone","optional":false}],"flavourText":"","chaosValue":1819.09,"exaltedValue":84.06,"divineValue":7.00,"count":399,"detailsId":"journey-tattoo-of-makanui","tradeInfo":[],"listingCount":2484},{"id":106902,"name":"Tattoo of the Ngamahu Makanga","icon":"https://web.poecdn.com/gen/image/WzI1LDE0LHsiZiI6IjJESXRlbXMvQ3VycmVuY3kvQW5jZXN0b3JzL1JhcmVTdHJUYXR0dG9vRXF1aXBtZW50IiwidyI6MSwiaCI6MSwic2NhbGUiOjF9XQ/c7c5e8c4de/RareStrTatttooEquipment.png","baseType":"Tattoo of the Ngamahu Makanga","stackSize":10,"itemClass":5,"sparkline":{"data":[0,0.43,1.47,3.09,3.97,16.35,17.62],"totalChange":17.62},"lowConfidenceSparkline":{"data":[0,0.43,1.47,3.09,3.97,16.35,17.62],"totalChange":17.62},"implicitModifiers":[],"explicitModifiers":[{"text":"+1% to maximum Fire Resistance","optional":false}],"flavourText":"","chaosValue":1429.28,"exaltedValue":66.05,"divineValue":5.50,"count":251,"detailsId":"tattoo-of-the-ngamahu-makanga","tradeInfo":[],"listingCount":1227},{"id":106499,"name":"Honoured Tattoo of the Flock","icon":"https://web.poecdn.com/gen/image/WzI1LDE0LHsiZiI6IjJESXRlbXMvQ3VycmVuY3kvQW5jZXN0b3JzL0hpbmVrb3JhQ29tbW9uVGF0dHRvb0VxdWlwbWVudCIsInciOjEsImgiOjEsInNjYWxlIjoxfV0/80dfeda101/HinekoraCommonTatttooEquipment.png","baseType":"Honoured Tattoo of the Flock","stackSize":10,"itemClass":5,"sparkline":{"data":[0,0.43,1.47,3.09,3.97,5.46,6.93],"totalChange":6.93},"lowConfidenceSparkline":{"data":[0,0.43,1.47,3.09,3.97,5.46,6.93],"totalChange":6.93},"implicitModifiers":[],"explicitModifiers":[{"text":"1% increased effect of Non-Curse Auras from your Skills","optional":false}],"flavourText":"","chaosValue":779.61,"exaltedValue":36.03,"divineValue":3.00,"count":399,"detailsId":"honoured-tattoo-of-the-flock","tradeInfo":[],"listingCount":3268},{"id":106859,"name":"Honoured Tattoo of the Wise","icon":"https://web.poecdn.com/gen/image/WzI1LDE0LHsiZiI6IjJESXRlbXMvQ3VycmVuY3kvQW5jZXN0b3JzL0hpbmVrb3JhUmFyZUludFRhdHR0b29FcXVpcG1lbnQiLCJ3IjoxLCJoIjoxLCJzY2FsZSI6MX1d/77b2de82f9/HinekoraRareIntTatttooEquipment.png","baseType":"Honoured Tattoo of the Wise","stackSize":10,"itemClass":5,"sparkline":{"data":[0,0.44,102.96,106.21,107.98,110.96,113.89],"totalChange":113.89},"lowConfidenceSparkline":{"data":[0,0.44,102.96,106.21,107.98,110.96,113.89],"totalChange":113.89},"implicitModifiers":[],"explicitModifiers":[{"text":"+1 to Level of all Intelligence Skill Gems","optional":false}],"flavourText":"","chaosValue":519.74,"exaltedValue":24.02,"divineValue":2.00,"count":399,"detailsId":"honoured-tattoo-of-the-wise","tradeInfo":[],"listingCount":6017},{"id":107100,"name":"Tattoo of the Hinekora Makanga","icon":"https://web.poecdn.com/gen/image/WzI1LDE0LHsiZiI6IjJESXRlbXMvQ3VycmVuY3kvQW5jZXN0b3JzL1JhcmVJbnRUYXR0dG9vRXF1aXBtZW50IiwidyI6MSwiaCI6MSwic2NhbGUiOjF9XQ/b43cc22fc6/RareIntTatttooEquipment.png","baseType":"Tattoo of the Hinekora Makanga","stackSize":10,"itemClass":5,"sparkline":{"data":[0,13.76,14.94,16.77,26.27,137.70,142.25],"totalChange":142.25},"lowConfidenceSparkline":{"data":[0,13.76,14.94,16.77,26.27,137.70,142.25],"totalChange":142.25},"implicitModifiers":[],"explicitModifiers":[{"text":"8% increased Effect of your Curses","optional":false}],"flavourText":"","chaosValue":519.74,"exaltedValue":24.02,"divineValue":2.00,"count":228,"detailsId":"tattoo-of-the-hinekora-makanga","tradeInfo":[],"listingCount":2053},{"id":106493,"name":"Honoured Tattoo of the Hatungo","icon":"https://web.poecdn.com/gen/image/WzI1LDE0LHsiZiI6IjJESXRlbXMvQ3VycmVuY3kvQW5jZXN0b3JzL0hpbmVrb3JhQ29tbW9uVGF0dHRvb0VxdWlwbWVudCIsInciOjEsImgiOjEsInNjYWxlIjoxfV0/80dfeda101/HinekoraCommonTatttooEquipment.png","baseType":"Honoured Tattoo of the Hatungo","stackSize":10,"itemClass":5,"sparkline":{"data":[0,0.43,1.47,3.09,3.97,5.46,6.93],"totalChange":6.93},"lowConfidenceSparkline":{"data":[0,0.43,1.47,3.09,3.97,5.46,6.93],"totalChange":6.93},"implicitModifiers":[],"explicitModifiers":[{"text":"1% increased Reservation Efficiency of Skills","optional":false}],"flavourText":"","chaosValue":389.80,"exaltedValue":18.01,"divineValue":1.50,"count":399,"detailsId":"honoured-tattoo-of-the-hatungo","tradeInfo":[],"listingCount":4068},{"id":107034,"name":"Tattoo of the Tawhoa Makanga","icon":"https://web.poecdn.com/gen/image/WzI1LDE0LHsiZiI6IjJESXRlbXMvQ3VycmVuY3kvQW5jZXN0b3JzL1JhcmVEZXhUYXR0dG9vRXF1aXBtZW50IiwidyI6MSwiaCI6MSwic2NhbGUiOjF9XQ/a2e28f4b6c/RareDexTatttooEquipment.png","baseType":"Tattoo of the Tawhoa Makanga","stackSize":10,"itemClass":5,"sparkline":{"data":[0,0,4.16,42,152.68,156.31,120.11],"totalChange":120.11},"lowConfidenceSparkline":{"data":[0,0,4.16,42,152.68,156.31,120.11],"totalChange":120.11},"implicitModifiers":[],"explicitModifiers":[{"text":"Flasks applied to you have 8% increased Effect","optional":false}],"flavourText":"","chaosValue":220.11,"exaltedValue":10.17,"divineValue":0.85,"count":191,"detailsId":"tattoo-of-the-tawhoa-makanga","tradeInfo":[],"listingCount":1991},{"id":106889,"name":"Tattoo of the Valako Makanga","icon":"https://web.poecdn.com/gen/image/WzI1LDE0LHsiZiI6IjJESXRlbXMvQ3VycmVuY3kvQW5jZXN0b3JzL1JhcmVJbnRUYXR0dG9vRXF1aXBtZW50IiwidyI6MSwiaCI6MSwic2NhbGUiOjF9XQ/b43cc22fc6/RareIntTatttooEquipment.png","baseType":"Tattoo of the Valako Makanga","stackSize":10,"itemClass":5,"sparkline":{"data":[0,12.94,9.00,13.11,13.11,13.11,3.86],"totalChange":3.86},"lowConfidenceSparkline":{"data":[0,12.94,9.00,13.11,13.11,13.11,3.86],"totalChange":3.86},"implicitModifiers":[],"explicitModifiers":[{"text":"+1% to maximum Lightning Resistance","optional":false}],"flavourText":"","chaosValue":202.00,"exaltedValue":9.33,"divineValue":0.78,"count":199,"detailsId":"tattoo-of-the-valako-makanga","tradeInfo":[],"listingCount":1524},{"id":106891,"name":"Honoured Tattoo of the Hunter","icon":"https://web.poecdn.com/gen/image/WzI1LDE0LHsiZiI6IjJESXRlbXMvQ3VycmVuY3kvQW5jZXN0b3JzL0hpbmVrb3JhUmFyZURleFRhdHR0b29FcXVpcG1lbnQiLCJ3IjoxLCJoIjoxLCJzY2FsZSI6MX1d/ab06601d49/HinekoraRareDexTatttooEquipment.png","baseType":"Honoured Tattoo of the Hunter","stackSize":10,"itemClass":5,"sparkline":{"data":[0,0,0,0,0,0,0],"totalChange":0},"lowConfidenceSparkline":{"data":[0,0,0,0,0,0,0],"totalChange":0},"implicitModifiers":[],"explicitModifiers":[{"text":"+1 to Level of all Dexterity Skill Gems","optional":false}],"flavourText":"","chaosValue":200.00,"exaltedValue":9.24,"divineValue":0.77,"count":399,"detailsId":"honoured-tattoo-of-the-hunter","tradeInfo":[],"listingCount":5490},{"id":106843,"name":"Tattoo of the Tasalio Makanga","icon":"https://web.poecdn.com/gen/image/WzI1LDE0LHsiZiI6IjJESXRlbXMvQ3VycmVuY3kvQW5jZXN0b3JzL1JhcmVJbnRUYXR0dG9vRXF1aXBtZW50IiwidyI6MSwiaCI6MSwic2NhbGUiOjF9XQ/b43cc22fc6/RareIntTatttooEquipment.png","baseType":"Tattoo of the Tasalio Makanga","stackSize":10,"itemClass":5,"sparkline":{"data":[0,0.52,12.61,50.14,84.60,88.91,84.60],"totalChange":84.60},"lowConfidenceSparkline":{"data":[0,0.52,12.61,50.14,84.60,88.91,84.60],"totalChange":84.60},"implicitModifiers":[],"explicitModifiers":[{"text":"8% increased Cooldown Recovery Rate","optional":false}],"flavourText":"","chaosValue":150.00,"exaltedValue":6.93,"divineValue":0.58,"count":259,"detailsId":"tattoo-of-the-tasalio-makanga","tradeInfo":[],"listingCount":3950},{"id":108019,"name":"Honoured Tattoo of the Makanga","icon":"https://web.poecdn.com/gen/image/WzI1LDE0LHsiZiI6IjJESXRlbXMvQ3VycmVuY3kvQW5jZXN0b3JzL1VuaXF1ZTJUYXR0dG9vRXF1aXBtZW50IiwidyI6MSwiaCI6MSwic2NhbGUiOjF9XQ/180024f962/Unique2TatttooEquipment.png","baseType":"Honoured Tattoo of the Makanga","stackSize":10,"itemClass":5,"sparkline":{"data":[0,0,0,0,0,20.96,50],"totalChange":50},"lowConfidenceSparkline":{"data":[0,0,0,0,0,20.96,50],"totalChange":50},"implicitModifiers":[],"explicitModifiers":[{"text":"+2% to all maximum Resistances","optional":false}],"flavourText":"","chaosValue":150.00,"exaltedValue":6.93,"divineValue":0.58,"count":326,"detailsId":"honoured-tattoo-of-the-makanga","tradeInfo":[],"listingCount":3552},{"id":107236,"name":"Honoured Tattoo of the Barbarian","icon":"https://web.poecdn.com/gen/image/WzI1LDE0LHsiZiI6IjJESXRlbXMvQ3VycmVuY3kvQW5jZXN0b3JzL0hpbmVrb3JhUmFyZURleFRhdHR0b29FcXVpcG1lbnQiLCJ3IjoxLCJoIjoxLCJzY2FsZSI6MX1d/ab06601d49/HinekoraRareDexTatttooEquipment.png","baseType":"Honoured Tattoo of the Barbarian","stackSize":10,"itemClass":5,"sparkline":{"data":[0,19.35,49.22,49.19,78.19,90.96,77.84],"totalChange":77.84},"lowConfidenceSparkline":{"data":[0,19.35,49.22,49.19,78.19,90.96,77.84],"totalChange":77.84},"implicitModifiers":[],"explicitModifiers":[{"text":"+1% to maximum Cold Resistance","optional":false},{"text":"+1 to Maximum Frenzy Charges","optional":false}],"flavourText":"","chaosValue":149.00,"exaltedValue":6.89,"divineValue":0.57,"count":353,"detailsId":"honoured-tattoo-of-the-barbarian","tradeInfo":[],"listingCount":5237},{"id":106317,"name":"Tattoo of the Tasalio Scout","icon":"https://web.poecdn.com/gen/image/WzI1LDE0LHsiZiI6IjJESXRlbXMvQ3VycmVuY3kvQW5jZXN0b3JzL0NvbW1vbkRleFRhdHR0b29FcXVpcG1lbnQiLCJ3IjoxLCJoIjoxLCJzY2FsZSI6MX1d/b80711f45f/CommonDexTatttooEquipment.png","baseType":"Tattoo of the Tasalio Scout","stackSize":10,"itemClass":5,"sparkline":{"data":[0,0,0,0,0,0,-0.08],"totalChange":-0.08},"lowConfidenceSparkline":{"data":[0,0,0,0,0,0,-0.08],"totalChange":-0.08},"implicitModifiers":[],"explicitModifiers":[{"text":"5% increased Effect of your Marks","optional":false}],"flavourText":"","chaosValue":119.90,"exaltedValue":5.54,"divineValue":0.46,"count":399,"detailsId":"tattoo-of-the-tasalio-scout","tradeInfo":[],"listingCount":4125},{"id":107285,"name":"Honoured Tattoo of the Storm","icon":"https://web.poecdn.com/gen/image/WzI1LDE0LHsiZiI6IjJESXRlbXMvQ3VycmVuY3kvQW5jZXN0b3JzL0hpbmVrb3JhUmFyZUludFRhdHR0b29FcXVpcG1lbnQiLCJ3IjoxLCJoIjoxLCJzY2FsZSI6MX1d/77b2de82f9/HinekoraRareIntTatttooEquipment.png","baseType":"Honoured Tattoo of the Storm","stackSize":10,"itemClass":5,"sparkline":{"data":[0,10.05,19.62,19.86,43.54,27.51,19.62],"totalChange":19.62},"lowConfidenceSparkline":{"data":[0,10.05,19.62,19.86,43.54,27.51,19.62],"totalChange":19.62},"implicitModifiers":[],"explicitModifiers":[{"text":"+1% to maximum Lightning Resistance","optional":false},{"text":"+1 to Maximum Power Charges","optional":false}],"flavourText":"","chaosValue":100.00,"exaltedValue":4.62,"divineValue":0.38,"count":378,"detailsId":"honoured-tattoo-of-the-storm","tradeInfo":[],"listingCount":5198},{"id":108020,"name":"Journey Tattoo of the Soul","icon":"https://web.poecdn.com/gen/image/WzI1LDE0LHsiZiI6IjJESXRlbXMvQ3VycmVuY3kvQW5jZXN0b3JzL1VuaXF1ZTNUYXR0dG9vRXF1aXBtZW50IiwidyI6MSwiaCI6MSwic2NhbGUiOjF9XQ/b9554ff666/Unique3TatttooEquipment.png","baseType":"Journey Tattoo of the Soul","stackSize":10,"itemClass":5,"sparkline":{"data":[0,0,0,0,0,0,0],"totalChange":0},"lowConfidenceSparkline":{"data":[0,0,0,0,0,0,0],"totalChange":0},"implicitModifiers":[],"explicitModifiers":[{"text":"+40 to maximum Energy Shield per Allocated Journey Tattoo of the Soul","optional":false}],"flavourText":"","chaosValue":100.00,"exaltedValue":4.62,"divineValue":0.38,"count":273,"detailsId":"journey-tattoo-of-the-soul","tradeInfo":[],"listingCount":1814},{"id":108021,"name":"Journey Tattoo of the Mind","icon":"https://web.poecdn.com/gen/image/WzI1LDE0LHsiZiI6IjJESXRlbXMvQ3VycmVuY3kvQW5jZXN0b3JzL1VuaXF1ZTNUYXR0dG9vRXF1aXBtZW50IiwidyI6MSwiaCI6MSwic2NhbGUiOjF9XQ/b9554ff666/Unique3TatttooEquipment.png","baseType":"Journey Tattoo of the Mind","stackSize":10,"itemClass":5,"sparkline":{"data":[0,6.69,102.63,153.29,153.29,191.29,406.59],"totalChange":406.59},"lowConfidenceSparkline":{"data":[0,6.69,102.63,153.29,153.29,191.29,406.59],"totalChange":406.59},"implicitModifiers":[],"explicitModifiers":[{"text":"+30 to maximum Mana per Allocated Journey Tattoo of the Mind","optional":false}],"flavourText":"","chaosValue":100.00,"exaltedValue":4.62,"divineValue":0.38,"count":268,"detailsId":"journey-tattoo-of-the-mind","tradeInfo":[],"listingCount":1877},{"id":106866,"name":"Tattoo of the Kitava Makanga","icon":"https://web.poecdn.com/gen/image/WzI1LDE0LHsiZiI6IjJESXRlbXMvQ3VycmVuY3kvQW5jZXN0b3JzL1JhcmVTdHJUYXR0dG9vRXF1aXBtZW50IiwidyI6MSwiaCI6MSwic2NhbGUiOjF9XQ/c7c5e8c4de/RareStrTatttooEquipment.png","baseType":"Tattoo of the Kitava Makanga","stackSize":10,"itemClass":5,"sparkline":{"data":[0,1.82,18.18,55.27,65.45,128.18,79.38],"totalChange":79.38},"lowConfidenceSparkline":{"data":[0,1.82,18.18,55.27,65.45,128.18,79.38],"totalChange":79.38},"implicitModifiers":[],"explicitModifiers":[{"text":"80% increased Maximum total Life Recovery per second from Leech","optional":false}],"flavourText":"","chaosValue":98.66,"exaltedValue":4.56,"divineValue":0.38,"count":156,"detailsId":"tattoo-of-the-kitava-makanga","tradeInfo":[],"listingCount":1865},{"id":107094,"name":"Honoured Tattoo of the Berserker","icon":"https://web.poecdn.com/gen/image/WzI1LDE0LHsiZiI6IjJESXRlbXMvQ3VycmVuY3kvQW5jZXN0b3JzL0hpbmVrb3JhUmFyZURleFRhdHR0b29FcXVpcG1lbnQiLCJ3IjoxLCJoIjoxLCJzY2FsZSI6MX1d/ab06601d49/HinekoraRareDexTatttooEquipment.png","baseType":"Honoured Tattoo of the Berserker","stackSize":10,"itemClass":5,"sparkline":{"data":[0,0,0,0,-5.97,0,0],"totalChange":0},"lowConfidenceSparkline":{"data":[0,0,0,0,-5.97,0,0],"totalChange":0},"implicitModifiers":[],"explicitModifiers":[{"text":"You gain Onslaught for 4 seconds on Hit","optional":false}],"flavourText":"","chaosValue":90.00,"exaltedValue":4.16,"divineValue":0.35,"count":399,"detailsId":"honoured-tattoo-of-the-berserker","tradeInfo":[],"listingCount":6957},{"id":106369,"name":"Tattoo of the Ramako Shaman","icon":"https://web.poecdn.com/gen/image/WzI1LDE0LHsiZiI6IjJESXRlbXMvQ3VycmVuY3kvQW5jZXN0b3JzL0NvbW1vbkRleFRhdHR0b29FcXVpcG1lbnQiLCJ3IjoxLCJoIjoxLCJzY2FsZSI6MX1d/b80711f45f/CommonDexTatttooEquipment.png","baseType":"Tattoo of the Ramako Shaman","stackSize":10,"itemClass":5,"sparkline":{"data":[0,-6.34,-6.34,-7.98,-7.18,-5.85,-4.55],"totalChange":-4.55},"lowConfidenceSparkline":{"data":[0,-6.34,-6.34,-7.98,-7.18,-5.85,-4.55],"totalChange":-4.55},"implicitModifiers":[],"explicitModifiers":[{"text":"+2% chance to Suppress Spell Damage","optional":false}],"flavourText":"","chaosValue":86.62,"exaltedValue":4.00,"divineValue":0.33,"count":399,"detailsId":"tattoo-of-the-ramako-shaman","tradeInfo":[],"listingCount":3059},{"id":106373,"name":"Tattoo of the Tawhoa Herbalist","icon":"https://web.poecdn.com/gen/image/WzI1LDE0LHsiZiI6IjJESXRlbXMvQ3VycmVuY3kvQW5jZXN0b3JzL0NvbW1vbkRleFRhdHR0b29FcXVpcG1lbnQiLCJ3IjoxLCJoIjoxLCJzY2FsZSI6MX1d/b80711f45f/CommonDexTatttooEquipment.png","baseType":"Tattoo of the Tawhoa Herbalist","stackSize":10,"itemClass":5,"sparkline":{"data":[0,0,0,-6.29,-6.42,-5.56,-3.76],"totalChange":-3.76},"lowConfidenceSparkline":{"data":[0,0,0,-6.29,-6.42,-5.56,-3.76],"totalChange":-3.76},"implicitModifiers":[],"explicitModifiers":[{"text":"6% increased Flask Effect Duration","optional":false}],"flavourText":"","chaosValue":86.62,"exaltedValue":4.00,"divineValue":0.33,"count":399,"detailsId":"tattoo-of-the-tawhoa-herbalist","tradeInfo":[],"listingCount":4256},{"id":106383,"name":"Tattoo of the Ramako Fleetfoot","icon":"https://web.poecdn.com/gen/image/WzI1LDE0LHsiZiI6IjJESXRlbXMvQ3VycmVuY3kvQW5jZXN0b3JzL0NvbW1vbkRleFRhdHR0b29FcXVpcG1lbnQiLCJ3IjoxLCJoIjoxLCJzY2FsZSI6MX1d/b80711f45f/CommonDexTatttooEquipment.png","baseType":"Tattoo of the Ramako Fleetfoot","stackSize":10,"itemClass":5,"sparkline":{"data":[0,0,0,-5.56,-5.56,-5.56,-3.76],"totalChange":-3.76},"lowConfidenceSparkline":{"data":[0,0,0,-5.56,-5.56,-5.56,-3.76],"totalChange":-3.76},"implicitModifiers":[],"explicitModifiers":[{"text":"2% increased Movement Speed","optional":false}],"flavourText":"","chaosValue":86.62,"exaltedValue":4.00,"divineValue":0.33,"count":399,"detailsId":"tattoo-of-the-ramako-fleetfoot","tradeInfo":[],"listingCount":2838},{"id":106356,"name":"Honoured Tattoo of the Oak","icon":"https://web.poecdn.com/gen/image/WzI1LDE0LHsiZiI6IjJESXRlbXMvQ3VycmVuY3kvQW5jZXN0b3JzL0hpbmVrb3JhQ29tbW9uVGF0dHRvb0VxdWlwbWVudCIsInciOjEsImgiOjEsInNjYWxlIjoxfV0/80dfeda101/HinekoraCommonTatttooEquipment.png","baseType":"Honoured Tattoo of the Oak","stackSize":10,"itemClass":5,"sparkline":{"data":[0,-4.49,-7.64,-6.17,-5.80,-10.11,-10.11],"totalChange":-10.11},"lowConfidenceSparkline":{"data":[0,-4.49,-7.64,-6.17,-5.80,-10.11,-10.11],"totalChange":-10.11},"implicitModifiers":[],"explicitModifiers":[{"text":"2% increased maximum Life","optional":false}],"flavourText":"","chaosValue":80.00,"exaltedValue":3.70,"divineValue":0.31,"count":399,"detailsId":"honoured-tattoo-of-the-oak","tradeInfo":[],"listingCount":5951},{"id":107294,"name":"Honoured Tattoo of the Mountain","icon":"https://web.poecdn.com/gen/image/WzI1LDE0LHsiZiI6IjJESXRlbXMvQ3VycmVuY3kvQW5jZXN0b3JzL0hpbmVrb3JhUmFyZVN0clRhdHR0b29FcXVpcG1lbnQiLCJ3IjoxLCJoIjoxLCJzY2FsZSI6MX1d/21ddcb435d/HinekoraRareStrTatttooEquipment.png","baseType":"Honoured Tattoo of the Mountain","stackSize":10,"itemClass":5,"sparkline":{"data":[0,40.35,40.35,40.35,40.35,40.35,40.35],"totalChange":40.35},"lowConfidenceSparkline":{"data":[0,40.35,40.35,40.35,40.35,40.35,40.35],"totalChange":40.35},"implicitModifiers":[],"explicitModifiers":[{"text":"+1% to maximum Fire Resistance","optional":false},{"text":"+1 to Maximum Endurance Charges","optional":false}],"flavourText":"","chaosValue":80.00,"exaltedValue":3.70,"divineValue":0.31,"count":399,"detailsId":"honoured-tattoo-of-the-mountain","tradeInfo":[],"listingCount":4876},{"id":108018,"name":"Journey Tattoo of the Body","icon":"https://web.poecdn.com/gen/image/WzI1LDE0LHsiZiI6IjJESXRlbXMvQ3VycmVuY3kvQW5jZXN0b3JzL1VuaXF1ZTNUYXR0dG9vRXF1aXBtZW50IiwidyI6MSwiaCI6MSwic2NhbGUiOjF9XQ/b9554ff666/Unique3TatttooEquipment.png","baseType":"Journey Tattoo of the Body","stackSize":10,"itemClass":5,"sparkline":{"data":[0,0,0,0,14.29,14.29,14.29],"totalChange":14.29},"lowConfidenceSparkline":{"data":[0,0,0,0,14.29,14.29,14.29],"totalChange":14.29},"implicitModifiers":[],"explicitModifiers":[{"text":"+25 to maximum Life per Allocated Journey Tattoo of the Body","optional":false}],"flavourText":"","chaosValue":80.00,"exaltedValue":3.70,"divineValue":0.31,"count":320,"detailsId":"journey-tattoo-of-the-body","tradeInfo":[],"listingCount":2677},{"id":107016,"name":"Honoured Tattoo of the Warlord","icon":"https://web.poecdn.com/gen/image/WzI1LDE0LHsiZiI6IjJESXRlbXMvQ3VycmVuY3kvQW5jZXN0b3JzL0hpbmVrb3JhUmFyZVN0clRhdHR0b29FcXVpcG1lbnQiLCJ3IjoxLCJoIjoxLCJzY2FsZSI6MX1d/21ddcb435d/HinekoraRareStrTatttooEquipment.png","baseType":"Honoured Tattoo of the Warlord","stackSize":10,"itemClass":5,"sparkline":{"data":[0,33.33,33.33,25,33.33,25,25],"totalChange":25},"lowConfidenceSparkline":{"data":[0,33.33,33.33,25,33.33,25,25],"totalChange":25},"implicitModifiers":[],"explicitModifiers":[{"text":"+1 to Level of all Strength Skill Gems","optional":false}],"flavourText":"","chaosValue":75.00,"exaltedValue":3.47,"divineValue":0.29,"count":399,"detailsId":"honoured-tattoo-of-the-warlord","tradeInfo":[],"listingCount":7690},{"id":107173,"name":"Honoured Tattoo of the Pa","icon":"https://web.poecdn.com/gen/image/WzI1LDE0LHsiZiI6IjJESXRlbXMvQ3VycmVuY3kvQW5jZXN0b3JzL0hpbmVrb3JhUmFyZVN0clRhdHR0b29FcXVpcG1lbnQiLCJ3IjoxLCJoIjoxLCJzY2FsZSI6MX1d/21ddcb435d/HinekoraRareStrTatttooEquipment.png","baseType":"Honoured Tattoo of the Pa","stackSize":10,"itemClass":5,"sparkline":{"data":[0,63.26,60,60,60,60,40],"totalChange":40},"lowConfidenceSparkline":{"data":[0,63.26,60,60,60,60,40],"totalChange":40},"implicitModifiers":[],"explicitModifiers":[{"text":"Melee Hits Fortify","optional":false}],"flavourText":"","chaosValue":70.00,"exaltedValue":3.23,"divineValue":0.27,"count":399,"detailsId":"honoured-tattoo-of-the-pa","tradeInfo":[],"listingCount":5260},{"id":106445,"name":"Tattoo of the Ngamahu Warmonger","icon":"https://web.poecdn.com/gen/image/WzI1LDE0LHsiZiI6IjJESXRlbXMvQ3VycmVuY3kvQW5jZXN0b3JzL0NvbW1vblN0clRhdHR0b29FcXVpcG1lbnQiLCJ3IjoxLCJoIjoxLCJzY2FsZSI6MX1d/b7072892c0/CommonStrTatttooEquipment.png","baseType":"Tattoo of the Ngamahu Warmonger","stackSize":10,"itemClass":5,"sparkline":{"data":[0,0,0,0,-7.5,-12.5,-18.75],"totalChange":-18.75},"lowConfidenceSparkline":{"data":[0,0,0,0,-7.5,-12.5,-18.75],"totalChange":-18.75},"implicitModifiers":[],"explicitModifiers":[{"text":"Enemies you Kill have a 2% chance to Explode, dealing a tenth of their maximum Life as Fire Damage","optional":false}],"flavourText":"","chaosValue":65.00,"exaltedValue":3.00,"divineValue":0.25,"count":399,"detailsId":"tattoo-of-the-ngamahu-warmonger","tradeInfo":[],"listingCount":4253},{"id":106417,"name":"Tattoo of the Rongokurai Turtle","icon":"https://web.poecdn.com/gen/image/WzI1LDE0LHsiZiI6IjJESXRlbXMvQ3VycmVuY3kvQW5jZXN0b3JzL0NvbW1vbkludFRhdHR0b29FcXVpcG1lbnQiLCJ3IjoxLCJoIjoxLCJzY2FsZSI6MX1d/bae0258602/CommonIntTatttooEquipment.png","baseType":"Tattoo of the Rongokurai Turtle","stackSize":10,"itemClass":5,"sparkline":{"data":[0,41.45,72.41,72.41,72.41,72.41,72.41],"totalChange":72.41},"lowConfidenceSparkline":{"data":[0,41.45,72.41,72.41,72.41,72.41,72.41],"totalChange":72.41},"implicitModifiers":[],"explicitModifiers":[{"text":"You take 10% reduced Extra Damage from Critical Strikes","optional":false}],"flavourText":"","chaosValue":50.00,"exaltedValue":2.31,"divineValue":0.19,"count":399,"detailsId":"tattoo-of-the-rongokurai-turtle","tradeInfo":[],"listingCount":3314},{"id":106437,"name":"Tattoo of the Kitava Shaman","icon":"https://web.poecdn.com/gen/image/WzI1LDE0LHsiZiI6IjJESXRlbXMvQ3VycmVuY3kvQW5jZXN0b3JzL0NvbW1vblN0clRhdHR0b29FcXVpcG1lbnQiLCJ3IjoxLCJoIjoxLCJzY2FsZSI6MX1d/b7072892c0/CommonStrTatttooEquipment.png","baseType":"Tattoo of the Kitava Shaman","stackSize":10,"itemClass":5,"sparkline":{"data":[0,-1.67,-8.33,-16.67,-16.67,-16.67,-16.67],"totalChange":-16.67},"lowConfidenceSparkline":{"data":[0,-1.67,-8.33,-16.67,-16.67,-16.67,-16.67],"totalChange":-16.67},"implicitModifiers":[],"explicitModifiers":[{"text":"4% increased Life Reservation Efficiency of Skills","optional":false}],"flavourText":"","chaosValue":50.00,"exaltedValue":2.31,"divineValue":0.19,"count":399,"detailsId":"tattoo-of-the-kitava-shaman","tradeInfo":[],"listingCount":4712},{"id":106527,"name":"Loyalty Tattoo of Kiloava","icon":"https://web.poecdn.com/gen/image/WzI1LDE0LHsiZiI6IjJESXRlbXMvQ3VycmVuY3kvQW5jZXN0b3JzL1JhcmVJbnRUYXR0dG9vRXF1aXBtZW50IiwidyI6MSwiaCI6MSwic2NhbGUiOjF9XQ/b43cc22fc6/RareIntTatttooEquipment.png","baseType":"Loyalty Tattoo of Kiloava","stackSize":10,"itemClass":5,"sparkline":{"data":[0,0,0,0,0,0,24.95],"totalChange":24.95},"lowConfidenceSparkline":{"data":[0,0,0,0,0,0,24.95],"totalChange":24.95},"implicitModifiers":[],"explicitModifiers":[{"text":"Trigger Summon Spirit of Kiloava Skill when you Block Damage from a Unique Enemy","optional":false}],"flavourText":"","chaosValue":49.98,"exaltedValue":2.31,"divineValue":0.19,"count":257,"detailsId":"loyalty-tattoo-of-kiloava","tradeInfo":[],"listingCount":1713},{"id":107053,"name":"Tattoo of the Tukohama Makanga","icon":"https://web.poecdn.com/gen/image/WzI1LDE0LHsiZiI6IjJESXRlbXMvQ3VycmVuY3kvQW5jZXN0b3JzL1JhcmVTdHJUYXR0dG9vRXF1aXBtZW50IiwidyI6MSwiaCI6MSwic2NhbGUiOjF9XQ/c7c5e8c4de/RareStrTatttooEquipment.png","baseType":"Tattoo of the Tukohama Makanga","stackSize":10,"itemClass":5,"sparkline":{"data":[0,0,0,46,150,150,118],"totalChange":118},"lowConfidenceSparkline":{"data":[0,0,0,46,150,150,118],"totalChange":118},"implicitModifiers":[],"explicitModifiers":[{"text":"16% increased Life Regeneration rate","optional":false}],"flavourText":"","chaosValue":43.60,"exaltedValue":2.01,"divineValue":0.17,"count":180,"detailsId":"tattoo-of-the-tukohama-makanga","tradeInfo":[],"listingCount":2771},{"id":106372,"name":"Tattoo of the Tukohama Warcaller","icon":"https://web.poecdn.com/gen/image/WzI1LDE0LHsiZiI6IjJESXRlbXMvQ3VycmVuY3kvQW5jZXN0b3JzL0NvbW1vblN0clRhdHR0b29FcXVpcG1lbnQiLCJ3IjoxLCJoIjoxLCJzY2FsZSI6MX1d/b7072892c0/CommonStrTatttooEquipment.png","baseType":"Tattoo of the Tukohama Warcaller","stackSize":10,"itemClass":5,"sparkline":{"data":[0,0,0,0,0,0,0],"totalChange":0},"lowConfidenceSparkline":{"data":[0,0,0,0,0,0,0],"totalChange":0},"implicitModifiers":[],"explicitModifiers":[{"text":"10% increased Warcry Cooldown Recovery Rate","optional":false}],"flavourText":"","chaosValue":40.00,"exaltedValue":1.85,"divineValue":0.15,"count":399,"detailsId":"tattoo-of-the-tukohama-warcaller","tradeInfo":[],"listingCount":4825},{"id":106462,"name":"Tattoo of the Valako Shaman","icon":"https://web.poecdn.com/gen/image/WzI1LDE0LHsiZiI6IjJESXRlbXMvQ3VycmVuY3kvQW5jZXN0b3JzL0NvbW1vbkludFRhdHR0b29FcXVpcG1lbnQiLCJ3IjoxLCJoIjoxLCJzY2FsZSI6MX1d/bae0258602/CommonIntTatttooEquipment.png","baseType":"Tattoo of the Valako Shaman","stackSize":10,"itemClass":5,"sparkline":{"data":[0,3.11,0,-11.11,-11.11,-11.11,-11.11],"totalChange":-11.11},"lowConfidenceSparkline":{"data":[0,3.11,0,-11.11,-11.11,-11.11,-11.11],"totalChange":-11.11},"implicitModifiers":[],"explicitModifiers":[{"text":"1% Chance to Block Spell Damage","optional":false}],"flavourText":"","chaosValue":40.00,"exaltedValue":1.85,"divineValue":0.15,"count":399,"detailsId":"tattoo-of-the-valako-shaman","tradeInfo":[],"listingCount":3977},{"id":107127,"name":"Honoured Tattoo of the Flood","icon":"https://web.poecdn.com/gen/image/WzI1LDE0LHsiZiI6IjJESXRlbXMvQ3VycmVuY3kvQW5jZXN0b3JzL0hpbmVrb3JhUmFyZUludFRhdHR0b29FcXVpcG1lbnQiLCJ3IjoxLCJoIjoxLCJzY2FsZSI6MX1d/77b2de82f9/HinekoraRareIntTatttooEquipment.png","baseType":"Honoured Tattoo of the Flood","stackSize":10,"itemClass":5,"sparkline":{"data":[0,50,50,50,33.33,33.33,33.33],"totalChange":33.33},"lowConfidenceSparkline":{"data":[0,50,50,50,33.33,33.33,33.33],"totalChange":33.33},"implicitModifiers":[],"explicitModifiers":[{"text":"Gain Arcane Surge on Hit with Spells","optional":false}],"flavourText":"","chaosValue":40.00,"exaltedValue":1.85,"divineValue":0.15,"count":398,"detailsId":"honoured-tattoo-of-the-flood","tradeInfo":[],"listingCount":4315},{"id":106236,"name":"Tattoo of the Ramako Sniper","icon":"https://web.poecdn.com/gen/image/WzI1LDE0LHsiZiI6IjJESXRlbXMvQ3VycmVuY3kvQW5jZXN0b3JzL0NvbW1vbkRleFRhdHR0b29FcXVpcG1lbnQiLCJ3IjoxLCJoIjoxLCJzY2FsZSI6MX1d/b80711f45f/CommonDexTatttooEquipment.png","baseType":"Tattoo of the Ramako Sniper","stackSize":10,"itemClass":5,"sparkline":{"data":[0,0,0,-10.28,-10,-12.5,-10],"totalChange":-10},"lowConfidenceSparkline":{"data":[0,0,0,-10.28,-10,-12.5,-10],"totalChange":-10},"implicitModifiers":[],"explicitModifiers":[{"text":"8% increased Projectile Speed","optional":false}],"flavourText":"","chaosValue":36.00,"exaltedValue":1.66,"divineValue":0.14,"count":399,"detailsId":"tattoo-of-the-ramako-sniper","tradeInfo":[],"listingCount":9881},{"id":106389,"name":"Tattoo of the Arohongui Shaman","icon":"https://web.poecdn.com/gen/image/WzI1LDE0LHsiZiI6IjJESXRlbXMvQ3VycmVuY3kvQW5jZXN0b3JzL0NvbW1vbkludFRhdHR0b29FcXVpcG1lbnQiLCJ3IjoxLCJoIjoxLCJzY2FsZSI6MX1d/bae0258602/CommonIntTatttooEquipment.png","baseType":"Tattoo of the Arohongui Shaman","stackSize":10,"itemClass":5,"sparkline":{"data":[0,0,0,0,-5.5,-12.5,-12.5],"totalChange":-12.5},"lowConfidenceSparkline":{"data":[0,0,0,0,-5.5,-12.5,-12.5],"totalChange":-12.5},"implicitModifiers":[],"explicitModifiers":[{"text":"5% increased Effect of Herald Buffs on you","optional":false}],"flavourText":"","chaosValue":35.00,"exaltedValue":1.62,"divineValue":0.13,"count":399,"detailsId":"tattoo-of-the-arohongui-shaman","tradeInfo":[],"listingCount":3472},{"id":106351,"name":"Honoured Tattoo of the Tuatara","icon":"https://web.poecdn.com/gen/image/WzI1LDE0LHsiZiI6IjJESXRlbXMvQ3VycmVuY3kvQW5jZXN0b3JzL0hpbmVrb3JhQ29tbW9uVGF0dHRvb0VxdWlwbWVudCIsInciOjEsImgiOjEsInNjYWxlIjoxfV0/80dfeda101/HinekoraCommonTatttooEquipment.png","baseType":"Honoured Tattoo of the Tuatara","stackSize":10,"itemClass":5,"sparkline":{"data":[0,0,0,-13.5,-20.12,-25,-25],"totalChange":-25},"lowConfidenceSparkline":{"data":[0,0,0,-13.5,-20.12,-25,-25],"totalChange":-25},"implicitModifiers":[],"explicitModifiers":[{"text":"+4 to all Attributes","optional":false}],"flavourText":"","chaosValue":30.00,"exaltedValue":1.39,"divineValue":0.12,"count":399,"detailsId":"honoured-tattoo-of-the-tuatara","tradeInfo":[],"listingCount":8840},{"id":106883,"name":"Tattoo of the Rongokurai Makanga","icon":"https://web.poecdn.com/gen/image/WzI1LDE0LHsiZiI6IjJESXRlbXMvQ3VycmVuY3kvQW5jZXN0b3JzL1JhcmVTdHJUYXR0dG9vRXF1aXBtZW50IiwidyI6MSwiaCI6MSwic2NhbGUiOjF9XQ/c7c5e8c4de/RareStrTatttooEquipment.png","baseType":"Tattoo of the Rongokurai Makanga","stackSize":10,"itemClass":5,"sparkline":{"data":[0,-12.39,-12.39,-8.88,5.13,5.13,5.13],"totalChange":5.13},"lowConfidenceSparkline":{"data":[0,-12.39,-12.39,-8.88,5.13,5.13,5.13],"totalChange":5.13},"implicitModifiers":[],"explicitModifiers":[{"text":"8% chance to Defend with 200% of Armour","optional":false}],"flavourText":"","chaosValue":30.00,"exaltedValue":1.39,"divineValue":0.12,"count":151,"detailsId":"tattoo-of-the-rongokurai-makanga","tradeInfo":[],"listingCount":1715},{"id":106331,"name":"Tattoo of the Hinekora Storyteller","icon":"https://web.poecdn.com/gen/image/WzI1LDE0LHsiZiI6IjJESXRlbXMvQ3VycmVuY3kvQW5jZXN0b3JzL0NvbW1vbkludFRhdHR0b29FcXVpcG1lbnQiLCJ3IjoxLCJoIjoxLCJzY2FsZSI6MX1d/bae0258602/CommonIntTatttooEquipment.png","baseType":"Tattoo of the Hinekora Storyteller","stackSize":10,"itemClass":5,"sparkline":{"data":[0,0,0,-6.67,-3.33,-3.33,-3.33],"totalChange":-3.33},"lowConfidenceSparkline":{"data":[0,0,0,-6.67,-3.33,-3.33,-3.33],"totalChange":-3.33},"implicitModifiers":[],"explicitModifiers":[{"text":"3% increased Skill Effect Duration","optional":false}],"flavourText":"","chaosValue":29.00,"exaltedValue":1.34,"divineValue":0.11,"count":398,"detailsId":"tattoo-of-the-hinekora-storyteller","tradeInfo":[],"listingCount":4144},{"id":108017,"name":"Ancestral Tattoo of Bloodlines","icon":"https://web.poecdn.com/gen/image/WzI1LDE0LHsiZiI6IjJESXRlbXMvQ3VycmVuY3kvQW5jZXN0b3JzL1VuaXF1ZTFUYXR0dG9vRXF1aXBtZW50IiwidyI6MSwiaCI6MSwic2NhbGUiOjF9XQ/9ddb5a7038/Unique1TatttooEquipment.png","baseType":"Ancestral Tattoo of Bloodlines","stackSize":10,"itemClass":5,"sparkline":{"data":[0,43.36,76.99,76.99,76.99,76.99,121.24],"totalChange":121.24},"lowConfidenceSparkline":{"data":[0,43.36,76.99,76.99,76.99,76.99,121.24],"totalChange":121.24},"implicitModifiers":[],"explicitModifiers":[{"text":"2% increased Recovery Rate of Life, Mana and Energy Shield\nper Tribe for which you have an allocated Tattoo","optional":false}],"flavourText":"","chaosValue":25.00,"exaltedValue":1.16,"divineValue":0.10,"count":399,"detailsId":"ancestral-tattoo-of-bloodlines","tradeInfo":[],"listingCount":3496},{"id":106558,"name":"Loyalty Tattoo of Utula","icon":"https://web.poecdn.com/gen/image/WzI1LDE0LHsiZiI6IjJESXRlbXMvQ3VycmVuY3kvQW5jZXN0b3JzL1JhcmVTdHJUYXR0dG9vRXF1aXBtZW50IiwidyI6MSwiaCI6MSwic2NhbGUiOjF9XQ/c7c5e8c4de/RareStrTatttooEquipment.png","baseType":"Loyalty Tattoo of Utula","stackSize":10,"itemClass":5,"sparkline":{"data":[0,0,0,100,100,100,125],"totalChange":125},"lowConfidenceSparkline":{"data":[0,0,0,100,100,100,125],"totalChange":125},"implicitModifiers":[],"explicitModifiers":[{"text":"Trigger Summon Spirit of Utula Skill on taking a Savage Hit from a Unique Enemy","optional":false}],"flavourText":"","chaosValue":22.50,"exaltedValue":1.04,"divineValue":0.09,"count":262,"detailsId":"loyalty-tattoo-of-utula","tradeInfo":[],"listingCount":2355},{"id":106403,"name":"Honoured Tattoo of the Dove","icon":"https://web.poecdn.com/gen/image/WzI1LDE0LHsiZiI6IjJESXRlbXMvQ3VycmVuY3kvQW5jZXN0b3JzL0hpbmVrb3JhQ29tbW9uVGF0dHRvb0VxdWlwbWVudCIsInciOjEsImgiOjEsInNjYWxlIjoxfV0/80dfeda101/HinekoraCommonTatttooEquipment.png","baseType":"Honoured Tattoo of the Dove","stackSize":10,"itemClass":5,"sparkline":{"data":[0,0,0,0,0,0,0],"totalChange":0},"lowConfidenceSparkline":{"data":[0,0,0,0,0,0,0],"totalChange":0},"implicitModifiers":[],"explicitModifiers":[{"text":"+4% to Chaos Resistance","optional":false}],"flavourText":"","chaosValue":20.00,"exaltedValue":0.92,"divineValue":0.08,"count":399,"detailsId":"honoured-tattoo-of-the-dove","tradeInfo":[],"listingCount":10095},{"id":106523,"name":"Loyalty Tattoo of Rakiata","icon":"https://web.poecdn.com/gen/image/WzI1LDE0LHsiZiI6IjJESXRlbXMvQ3VycmVuY3kvQW5jZXN0b3JzL1JhcmVEZXhUYXR0dG9vRXF1aXBtZW50IiwidyI6MSwiaCI6MSwic2NhbGUiOjF9XQ/a2e28f4b6c/RareDexTatttooEquipment.png","baseType":"Loyalty Tattoo of Rakiata","stackSize":10,"itemClass":5,"sparkline":{"data":[0,0,0,0,0,0,0],"totalChange":0},"lowConfidenceSparkline":{"data":[0,0,0,0,0,0,0],"totalChange":0},"implicitModifiers":[],"explicitModifiers":[{"text":"Trigger Summon Spirit of Rakiata Skill on Critical Strike against Marked Unique Enemy","optional":false}],"flavourText":"","chaosValue":20.00,"exaltedValue":0.92,"divineValue":0.08,"count":309,"detailsId":"loyalty-tattoo-of-rakiata","tradeInfo":[],"listingCount":4773},{"id":106333,"name":"Honoured Tattoo of the Turtle","icon":"https://web.poecdn.com/gen/image/WzI1LDE0LHsiZiI6IjJESXRlbXMvQ3VycmVuY3kvQW5jZXN0b3JzL0hpbmVrb3JhQ29tbW9uVGF0dHRvb0VxdWlwbWVudCIsInciOjEsImgiOjEsInNjYWxlIjoxfV0/80dfeda101/HinekoraCommonTatttooEquipment.png","baseType":"Honoured Tattoo of the Turtle","stackSize":10,"itemClass":5,"sparkline":{"data":[0,0,0,0,0,0,0],"totalChange":0},"lowConfidenceSparkline":{"data":[0,0,0,0,0,0,0],"totalChange":0},"implicitModifiers":[],"explicitModifiers":[{"text":"3% increased Global Defences","optional":false}],"flavourText":"","chaosValue":15.00,"exaltedValue":0.69,"divineValue":0.06,"count":399,"detailsId":"honoured-tattoo-of-the-turtle","tradeInfo":[],"listingCount":12769},{"id":106374,"name":"Honoured Tattoo of the Pillager","icon":"https://web.poecdn.com/gen/image/WzI1LDE0LHsiZiI6IjJESXRlbXMvQ3VycmVuY3kvQW5jZXN0b3JzL0hpbmVrb3JhQ29tbW9uVGF0dHRvb0VxdWlwbWVudCIsInciOjEsImgiOjEsInNjYWxlIjoxfV0/80dfeda101/HinekoraCommonTatttooEquipment.png","baseType":"Honoured Tattoo of the Pillager","stackSize":10,"itemClass":5,"sparkline":{"data":[0,0,0,0,0,0,0],"totalChange":0},"lowConfidenceSparkline":{"data":[0,0,0,0,0,0,0],"totalChange":0},"implicitModifiers":[],"explicitModifiers":[{"text":"3% increased Rarity of Items found","optional":false}],"flavourText":"","chaosValue":15.00,"exaltedValue":0.69,"divineValue":0.06,"count":399,"detailsId":"honoured-tattoo-of-the-pillager","tradeInfo":[],"listingCount":8698},{"id":106494,"name":"Loyalty Tattoo of Akoya","icon":"https://web.poecdn.com/gen/image/WzI1LDE0LHsiZiI6IjJESXRlbXMvQ3VycmVuY3kvQW5jZXN0b3JzL1JhcmVTdHJUYXR0dG9vRXF1aXBtZW50IiwidyI6MSwiaCI6MSwic2NhbGUiOjF9XQ/c7c5e8c4de/RareStrTatttooEquipment.png","baseType":"Loyalty Tattoo of Akoya","stackSize":10,"itemClass":5,"sparkline":{"data":[0,0,0,0,50,46,50],"totalChange":50},"lowConfidenceSparkline":{"data":[0,0,0,0,50,46,50],"totalChange":50},"implicitModifiers":[],"explicitModifiers":[{"text":"Trigger Summon Spirit of Akoya Skill when you reach Maximum Rage while\na Unique Enemy is in your Presence","optional":false}],"flavourText":"","chaosValue":15.00,"exaltedValue":0.69,"divineValue":0.06,"count":292,"detailsId":"loyalty-tattoo-of-akoya","tradeInfo":[],"listingCount":2904},{"id":106547,"name":"Loyalty Tattoo of Kahuturoa","icon":"https://web.poecdn.com/gen/image/WzI1LDE0LHsiZiI6IjJESXRlbXMvQ3VycmVuY3kvQW5jZXN0b3JzL1JhcmVTdHJUYXR0dG9vRXF1aXBtZW50IiwidyI6MSwiaCI6MSwic2NhbGUiOjF9XQ/c7c5e8c4de/RareStrTatttooEquipment.png","baseType":"Loyalty Tattoo of Kahuturoa","stackSize":10,"itemClass":5,"sparkline":{"data":[0,-7.5,22.08,29.58,25,25,25],"totalChange":25},"lowConfidenceSparkline":{"data":[0,-7.5,22.08,29.58,25,25,25],"totalChange":25},"implicitModifiers":[],"explicitModifiers":[{"text":"Trigger Summon Spirit of Kahuturoa Skill when you take\na Critical Strike from a Unique Enemy","optional":false}],"flavourText":"","chaosValue":15.00,"exaltedValue":0.69,"divineValue":0.06,"count":225,"detailsId":"loyalty-tattoo-of-kahuturoa","tradeInfo":[],"listingCount":2352},{"id":106637,"name":"Loyalty Tattoo of Ikiaho","icon":"https://web.poecdn.com/gen/image/WzI1LDE0LHsiZiI6IjJESXRlbXMvQ3VycmVuY3kvQW5jZXN0b3JzL1JhcmVEZXhUYXR0dG9vRXF1aXBtZW50IiwidyI6MSwiaCI6MSwic2NhbGUiOjF9XQ/a2e28f4b6c/RareDexTatttooEquipment.png","baseType":"Loyalty Tattoo of Ikiaho","stackSize":10,"itemClass":5,"sparkline":{"data":[0,0,0,0,23,50,50],"totalChange":50},"lowConfidenceSparkline":{"data":[0,0,0,0,23,50,50],"totalChange":50},"implicitModifiers":[],"explicitModifiers":[{"text":"Trigger Summon Spirit of Ikiaho Skill when you use a Travel\nSkill while a Unique Enemy is in your Presence","optional":false}],"flavourText":"","chaosValue":15.00,"exaltedValue":0.69,"divineValue":0.06,"count":360,"detailsId":"loyalty-tattoo-of-ikiaho","tradeInfo":[],"listingCount":4178},{"id":106659,"name":"Loyalty Tattoo of Tawhanuku","icon":"https://web.poecdn.com/gen/image/WzI1LDE0LHsiZiI6IjJESXRlbXMvQ3VycmVuY3kvQW5jZXN0b3JzL1JhcmVJbnRUYXR0dG9vRXF1aXBtZW50IiwidyI6MSwiaCI6MSwic2NhbGUiOjF9XQ/b43cc22fc6/RareIntTatttooEquipment.png","baseType":"Loyalty Tattoo of Tawhanuku","stackSize":10,"itemClass":5,"sparkline":{"data":[0,0,0,0,0,0,40],"totalChange":40},"lowConfidenceSparkline":{"data":[0,0,0,0,0,0,40],"totalChange":40},"implicitModifiers":[],"explicitModifiers":[{"text":"Trigger Summon Spirit of Tawhanuku Skill when Energy Shield Recharge starts while a Unique Enemy is in your Presence","optional":false}],"flavourText":"","chaosValue":14.00,"exaltedValue":0.65,"divineValue":0.05,"count":308,"detailsId":"loyalty-tattoo-of-tawhanuku","tradeInfo":[],"listingCount":2951},{"id":106359,"name":"Tattoo of the Tukohama Warmonger","icon":"https://web.poecdn.com/gen/image/WzI1LDE0LHsiZiI6IjJESXRlbXMvQ3VycmVuY3kvQW5jZXN0b3JzL0NvbW1vblN0clRhdHR0b29FcXVpcG1lbnQiLCJ3IjoxLCJoIjoxLCJzY2FsZSI6MX1d/b7072892c0/CommonStrTatttooEquipment.png","baseType":"Tattoo of the Tukohama Warmonger","stackSize":10,"itemClass":5,"sparkline":{"data":[0,20,20,29,30,30,27],"totalChange":27},"lowConfidenceSparkline":{"data":[0,20,20,29,30,30,27],"totalChange":27},"implicitModifiers":[],"explicitModifiers":[{"text":"+0.1 metres to Melee Strike Range","optional":false},{"text":"+1 to Melee Strike Range","optional":true}],"flavourText":"","chaosValue":12.70,"exaltedValue":0.59,"divineValue":0.05,"count":399,"detailsId":"tattoo-of-the-tukohama-warmonger","tradeInfo":[],"listingCount":6662},{"id":106431,"name":"Tattoo of the Ngamahu Firewalker","icon":"https://web.poecdn.com/gen/image/WzI1LDE0LHsiZiI6IjJESXRlbXMvQ3VycmVuY3kvQW5jZXN0b3JzL0NvbW1vblN0clRhdHR0b29FcXVpcG1lbnQiLCJ3IjoxLCJoIjoxLCJzY2FsZSI6MX1d/b7072892c0/CommonStrTatttooEquipment.png","baseType":"Tattoo of the Ngamahu Firewalker","stackSize":10,"itemClass":5,"sparkline":{"data":[0,0,0,0,0,-7.69,-7.69],"totalChange":-7.69},"lowConfidenceSparkline":{"data":[0,0,0,0,0,-7.69,-7.69],"totalChange":-7.69},"implicitModifiers":[],"explicitModifiers":[{"text":"+8% to Fire Resistance","optional":false}],"flavourText":"","chaosValue":12.00,"exaltedValue":0.55,"divineValue":0.05,"count":399,"detailsId":"tattoo-of-the-ngamahu-firewalker","tradeInfo":[],"listingCount":7165},{"id":106281,"name":"Tattoo of the Ramako Archer","icon":"https://web.poecdn.com/gen/image/WzI1LDE0LHsiZiI6IjJESXRlbXMvQ3VycmVuY3kvQW5jZXN0b3JzL0NvbW1vbkRleFRhdHR0b29FcXVpcG1lbnQiLCJ3IjoxLCJoIjoxLCJzY2FsZSI6MX1d/b80711f45f/CommonDexTatttooEquipment.png","baseType":"Tattoo of the Ramako Archer","stackSize":10,"itemClass":5,"sparkline":{"data":[0,-16.67,-16.67,-16.67,-16.67,-16.67,-16.67],"totalChange":-16.67},"lowConfidenceSparkline":{"data":[0,-16.67,-16.67,-16.67,-16.67,-16.67,-16.67],"totalChange":-16.67},"implicitModifiers":[],"explicitModifiers":[{"text":"5% increased Global Accuracy Rating","optional":false}],"flavourText":"","chaosValue":10.00,"exaltedValue":0.46,"divineValue":0.04,"count":399,"detailsId":"tattoo-of-the-ramako-archer","tradeInfo":[],"listingCount":5629},{"id":106286,"name":"Tattoo of the Arohongui Moonwarden","icon":"https://web.poecdn.com/gen/image/WzI1LDE0LHsiZiI6IjJESXRlbXMvQ3VycmVuY3kvQW5jZXN0b3JzL0NvbW1vbkRleFRhdHR0b29FcXVpcG1lbnQiLCJ3IjoxLCJoIjoxLCJzY2FsZSI6MX1d/b80711f45f/CommonDexTatttooEquipment.png","baseType":"Tattoo of the Arohongui Moonwarden","stackSize":10,"itemClass":5,"sparkline":{"data":[0,0,0,0,0,0,0],"totalChange":0},"lowConfidenceSparkline":{"data":[0,0,0,0,0,0,0],"totalChange":0},"implicitModifiers":[],"explicitModifiers":[{"text":"+8% to Cold Resistance","optional":false}],"flavourText":"","chaosValue":10.00,"exaltedValue":0.46,"divineValue":0.04,"count":399,"detailsId":"tattoo-of-the-arohongui-moonwarden","tradeInfo":[],"listingCount":6424},{"id":106321,"name":"Tattoo of the Tasalio Tideshifter","icon":"https://web.poecdn.com/gen/image/WzI1LDE0LHsiZiI6IjJESXRlbXMvQ3VycmVuY3kvQW5jZXN0b3JzL0NvbW1vbkRleFRhdHR0b29FcXVpcG1lbnQiLCJ3IjoxLCJoIjoxLCJzY2FsZSI6MX1d/b80711f45f/CommonDexTatttooEquipment.png","baseType":"Tattoo of the Tasalio Tideshifter","stackSize":10,"itemClass":5,"sparkline":{"data":[0,0,0,0,0,0,0],"totalChange":0},"lowConfidenceSparkline":{"data":[0,0,0,0,0,0,0],"totalChange":0},"implicitModifiers":[],"explicitModifiers":[{"text":"15% chance to Avoid being Stunned","optional":false}],"flavourText":"","chaosValue":10.00,"exaltedValue":0.46,"divineValue":0.04,"count":399,"detailsId":"tattoo-of-the-tasalio-tideshifter","tradeInfo":[],"listingCount":5243},{"id":106416,"name":"Tattoo of the Tawhoa Shaman","icon":"https://web.poecdn.com/gen/image/WzI1LDE0LHsiZiI6IjJESXRlbXMvQ3VycmVuY3kvQW5jZXN0b3JzL0NvbW1vbkludFRhdHR0b29FcXVpcG1lbnQiLCJ3IjoxLCJoIjoxLCJzY2FsZSI6MX1d/bae0258602/CommonIntTatttooEquipment.png","baseType":"Tattoo of the Tawhoa Shaman","stackSize":10,"itemClass":5,"sparkline":{"data":[0,0,0,0,0,0,0],"totalChange":0},"lowConfidenceSparkline":{"data":[0,0,0,0,0,0,0],"totalChange":0},"implicitModifiers":[],"explicitModifiers":[{"text":"2% of Damage taken Recouped as Life","optional":false}],"flavourText":"","chaosValue":10.00,"exaltedValue":0.46,"divineValue":0.04,"count":399,"detailsId":"tattoo-of-the-tawhoa-shaman","tradeInfo":[],"listingCount":5256},{"id":106433,"name":"Tattoo of the Hinekora Warmonger","icon":"https://web.poecdn.com/gen/image/WzI1LDE0LHsiZiI6IjJESXRlbXMvQ3VycmVuY3kvQW5jZXN0b3JzL0NvbW1vbkludFRhdHR0b29FcXVpcG1lbnQiLCJ3IjoxLCJoIjoxLCJzY2FsZSI6MX1d/bae0258602/CommonIntTatttooEquipment.png","baseType":"Tattoo of the Hinekora Warmonger","stackSize":10,"itemClass":5,"sparkline":{"data":[0,0,0,0,0,0,0],"totalChange":0},"lowConfidenceSparkline":{"data":[0,0,0,0,0,0,0],"totalChange":0},"implicitModifiers":[],"explicitModifiers":[{"text":"Minions have 6% increased maximum Life","optional":false}],"flavourText":"","chaosValue":10.00,"exaltedValue":0.46,"divineValue":0.04,"count":399,"detailsId":"tattoo-of-the-hinekora-warmonger","tradeInfo":[],"listingCount":6280},{"id":106557,"name":"Loyalty Tattoo of Ahuana","icon":"https://web.poecdn.com/gen/image/WzI1LDE0LHsiZiI6IjJESXRlbXMvQ3VycmVuY3kvQW5jZXN0b3JzL1JhcmVEZXhUYXR0dG9vRXF1aXBtZW50IiwidyI6MSwiaCI6MSwic2NhbGUiOjF9XQ/a2e28f4b6c/RareDexTatttooEquipment.png","baseType":"Loyalty Tattoo of Ahuana","stackSize":10,"itemClass":5,"sparkline":{"data":[0,0,0,0,0,0,0],"totalChange":0},"lowConfidenceSparkline":{"data":[0,0,0,0,0,0,0],"totalChange":0},"implicitModifiers":[],"explicitModifiers":[{"text":"Trigger Summon Spirit of Ahuana Skill when you Suppress\nSpell Damage from a Unique Enemy","optional":false}],"flavourText":"","chaosValue":10.00,"exaltedValue":0.46,"divineValue":0.04,"count":399,"detailsId":"loyalty-tattoo-of-ahuana","tradeInfo":[],"listingCount":4003},{"id":106573,"name":"Loyalty Tattoo of Maata","icon":"https://web.poecdn.com/gen/image/WzI1LDE0LHsiZiI6IjJESXRlbXMvQ3VycmVuY3kvQW5jZXN0b3JzL1JhcmVJbnRUYXR0dG9vRXF1aXBtZW50IiwidyI6MSwiaCI6MSwic2NhbGUiOjF9XQ/b43cc22fc6/RareIntTatttooEquipment.png","baseType":"Loyalty Tattoo of Maata","stackSize":10,"itemClass":5,"sparkline":{"data":[0,24,0,8,26,32,100],"totalChange":100},"lowConfidenceSparkline":{"data":[0,24,0,8,26,32,100],"totalChange":100},"implicitModifiers":[],"explicitModifiers":[{"text":"Trigger Summon Spirit of Maata Skill when you reach Low Life while\na Unique Enemy is in your Presence","optional":false}],"flavourText":"","chaosValue":10.00,"exaltedValue":0.46,"divineValue":0.04,"count":320,"detailsId":"loyalty-tattoo-of-maata","tradeInfo":[],"listingCount":4304},{"id":106592,"name":"Loyalty Tattoo of Kaom","icon":"https://web.poecdn.com/gen/image/WzI1LDE0LHsiZiI6IjJESXRlbXMvQ3VycmVuY3kvQW5jZXN0b3JzL1JhcmVTdHJUYXR0dG9vRXF1aXBtZW50IiwidyI6MSwiaCI6MSwic2NhbGUiOjF9XQ/c7c5e8c4de/RareStrTatttooEquipment.png","baseType":"Loyalty Tattoo of Kaom","stackSize":10,"itemClass":5,"sparkline":{"data":[0,0,0,0,0,0,0],"totalChange":0},"lowConfidenceSparkline":{"data":[0,0,0,0,0,0,0],"totalChange":0},"implicitModifiers":[],"explicitModifiers":[{"text":"Trigger Summon Spirit of Kaom Skill when a Totem dies while\na Unique Enemy is in your Presence","optional":false}],"flavourText":"","chaosValue":10.00,"exaltedValue":0.46,"divineValue":0.04,"count":320,"detailsId":"loyalty-tattoo-of-kaom","tradeInfo":[],"listingCount":3277},{"id":106382,"name":"Tattoo of the Ramako Scout","icon":"https://web.poecdn.com/gen/image/WzI1LDE0LHsiZiI6IjJESXRlbXMvQ3VycmVuY3kvQW5jZXN0b3JzL0NvbW1vbkRleFRhdHR0b29FcXVpcG1lbnQiLCJ3IjoxLCJoIjoxLCJzY2FsZSI6MX1d/b80711f45f/CommonDexTatttooEquipment.png","baseType":"Tattoo of the Ramako Scout","stackSize":10,"itemClass":5,"sparkline":{"data":[0,0,0,0,0,0,-10],"totalChange":-10},"lowConfidenceSparkline":{"data":[0,0,0,0,0,0,-10],"totalChange":-10},"implicitModifiers":[],"explicitModifiers":[{"text":"+80 to Evasion Rating","optional":false}],"flavourText":"","chaosValue":9.00,"exaltedValue":0.42,"divineValue":0.03,"count":399,"detailsId":"tattoo-of-the-ramako-scout","tradeInfo":[],"listingCount":5258},{"id":106446,"name":"Tattoo of the Tasalio Warrior","icon":"https://web.poecdn.com/gen/image/WzI1LDE0LHsiZiI6IjJESXRlbXMvQ3VycmVuY3kvQW5jZXN0b3JzL0NvbW1vbkRleFRhdHR0b29FcXVpcG1lbnQiLCJ3IjoxLCJoIjoxLCJzY2FsZSI6MX1d/b80711f45f/CommonDexTatttooEquipment.png","baseType":"Tattoo of the Tasalio Warrior","stackSize":10,"itemClass":5,"sparkline":{"data":[0,42.86,42.86,28.57,28.57,28.57,28.57],"totalChange":28.57},"lowConfidenceSparkline":{"data":[0,42.86,42.86,28.57,28.57,28.57,28.57],"totalChange":28.57},"implicitModifiers":[],"explicitModifiers":[{"text":"5% chance to Blind Enemies on Hit with Attacks","optional":false}],"flavourText":"","chaosValue":9.00,"exaltedValue":0.42,"divineValue":0.03,"count":399,"detailsId":"tattoo-of-the-tasalio-warrior","tradeInfo":[],"listingCount":5089},{"id":106280,"name":"Tattoo of the Valako Stormrider","icon":"https://web.poecdn.com/gen/image/WzI1LDE0LHsiZiI6IjJESXRlbXMvQ3VycmVuY3kvQW5jZXN0b3JzL0NvbW1vbkludFRhdHR0b29FcXVpcG1lbnQiLCJ3IjoxLCJoIjoxLCJzY2FsZSI6MX1d/bae0258602/CommonIntTatttooEquipment.png","baseType":"Tattoo of the Valako Stormrider","stackSize":10,"itemClass":5,"sparkline":{"data":[0,0,0,0,0,0,0],"totalChange":0},"lowConfidenceSparkline":{"data":[0,0,0,0,0,0,0],"totalChange":0},"implicitModifiers":[],"explicitModifiers":[{"text":"+8% to Lightning Resistance","optional":false}],"flavourText":"","chaosValue":7.00,"exaltedValue":0.32,"divineValue":0.03,"count":399,"detailsId":"tattoo-of-the-valako-stormrider","tradeInfo":[],"listingCount":7495},{"id":106330,"name":"Tattoo of the Valako Shieldbearer","icon":"https://web.poecdn.com/gen/image/WzI1LDE0LHsiZiI6IjJESXRlbXMvQ3VycmVuY3kvQW5jZXN0b3JzL0NvbW1vblN0clRhdHR0b29FcXVpcG1lbnQiLCJ3IjoxLCJoIjoxLCJzY2FsZSI6MX1d/b7072892c0/CommonStrTatttooEquipment.png","baseType":"Tattoo of the Valako Shieldbearer","stackSize":10,"itemClass":5,"sparkline":{"data":[0,0,0,0,3,20,25],"totalChange":25},"lowConfidenceSparkline":{"data":[0,0,0,0,3,20,25],"totalChange":25},"implicitModifiers":[],"explicitModifiers":[{"text":"+1% Chance to Block Attack Damage","optional":false}],"flavourText":"","chaosValue":6.25,"exaltedValue":0.29,"divineValue":0.02,"count":399,"detailsId":"tattoo-of-the-valako-shieldbearer","tradeInfo":[],"listingCount":6695},{"id":106234,"name":"Tattoo of the Rongokurai Warrior","icon":"https://web.poecdn.com/gen/image/WzI1LDE0LHsiZiI6IjJESXRlbXMvQ3VycmVuY3kvQW5jZXN0b3JzL0NvbW1vblN0clRhdHR0b29FcXVpcG1lbnQiLCJ3IjoxLCJoIjoxLCJzY2FsZSI6MX1d/b7072892c0/CommonStrTatttooEquipment.png","baseType":"Tattoo of the Rongokurai Warrior","stackSize":10,"itemClass":5,"sparkline":{"data":[0,0,0,0,0,0,0],"totalChange":0},"lowConfidenceSparkline":{"data":[0,0,0,0,0,0,0],"totalChange":0},"implicitModifiers":[],"explicitModifiers":[{"text":"8% increased Armour","optional":false}],"flavourText":"","chaosValue":5.00,"exaltedValue":0.23,"divineValue":0.02,"count":399,"detailsId":"tattoo-of-the-rongokurai-warrior","tradeInfo":[],"listingCount":10851},{"id":106327,"name":"Tattoo of the Arohongui Warrior","icon":"https://web.poecdn.com/gen/image/WzI1LDE0LHsiZiI6IjJESXRlbXMvQ3VycmVuY3kvQW5jZXN0b3JzL0NvbW1vbkRleFRhdHR0b29FcXVpcG1lbnQiLCJ3IjoxLCJoIjoxLCJzY2FsZSI6MX1d/b80711f45f/CommonDexTatttooEquipment.png","baseType":"Tattoo of the Arohongui Warrior","stackSize":10,"itemClass":5,"sparkline":{"data":[0,0,0,0,0,0,0],"totalChange":0},"lowConfidenceSparkline":{"data":[0,0,0,0,0,0,0],"totalChange":0},"implicitModifiers":[],"explicitModifiers":[{"text":"Adds 3 to 5 Cold Damage","optional":false}],"flavourText":"","chaosValue":5.00,"exaltedValue":0.23,"divineValue":0.02,"count":399,"detailsId":"tattoo-of-the-arohongui-warrior","tradeInfo":[],"listingCount":6397},{"id":106343,"name":"Tattoo of the Hinekora Warrior","icon":"https://web.poecdn.com/gen/image/WzI1LDE0LHsiZiI6IjJESXRlbXMvQ3VycmVuY3kvQW5jZXN0b3JzL0NvbW1vbkludFRhdHR0b29FcXVpcG1lbnQiLCJ3IjoxLCJoIjoxLCJzY2FsZSI6MX1d/bae0258602/CommonIntTatttooEquipment.png","baseType":"Tattoo of the Hinekora Warrior","stackSize":10,"itemClass":5,"sparkline":{"data":[0,0,0,0,0,0,0],"totalChange":0},"lowConfidenceSparkline":{"data":[0,0,0,0,0,0,0],"totalChange":0},"implicitModifiers":[],"explicitModifiers":[{"text":"10% increased Energy Shield Recharge Rate","optional":false}],"flavourText":"","chaosValue":5.00,"exaltedValue":0.23,"divineValue":0.02,"count":399,"detailsId":"tattoo-of-the-hinekora-warrior","tradeInfo":[],"listingCount":6687},{"id":106424,"name":"Tattoo of the Arohongui Warmonger","icon":"https://web.poecdn.com/gen/image/WzI1LDE0LHsiZiI6IjJESXRlbXMvQ3VycmVuY3kvQW5jZXN0b3JzL0NvbW1vbkludFRhdHR0b29FcXVpcG1lbnQiLCJ3IjoxLCJoIjoxLCJzY2FsZSI6MX1d/bae0258602/CommonIntTatttooEquipment.png","baseType":"Tattoo of the Arohongui Warmonger","stackSize":10,"itemClass":5,"sparkline":{"data":[0,-0.2,0,0,0,0,0],"totalChange":0},"lowConfidenceSparkline":{"data":[0,-0.2,0,0,0,0,0],"totalChange":0},"implicitModifiers":[],"explicitModifiers":[{"text":"Killing Blows have 10% chance to Shatter Enemies as though Frozen","optional":false}],"flavourText":"","chaosValue":5.00,"exaltedValue":0.23,"divineValue":0.02,"count":398,"detailsId":"tattoo-of-the-arohongui-warmonger","tradeInfo":[],"listingCount":7316},{"id":106429,"name":"Tattoo of the Ngamahu Woodcarver","icon":"https://web.poecdn.com/gen/image/WzI1LDE0LHsiZiI6IjJESXRlbXMvQ3VycmVuY3kvQW5jZXN0b3JzL0NvbW1vblN0clRhdHR0b29FcXVpcG1lbnQiLCJ3IjoxLCJoIjoxLCJzY2FsZSI6MX1d/b7072892c0/CommonStrTatttooEquipment.png","baseType":"Tattoo of the Ngamahu Woodcarver","stackSize":10,"itemClass":5,"sparkline":{"data":[0,0,0,0,0,0,0],"totalChange":0},"lowConfidenceSparkline":{"data":[0,0,0,0,0,0,0],"totalChange":0},"implicitModifiers":[],"explicitModifiers":[{"text":"6% increased Totem Life","optional":false}],"flavourText":"","chaosValue":5.00,"exaltedValue":0.23,"divineValue":0.02,"count":399,"detailsId":"tattoo-of-the-ngamahu-woodcarver","tradeInfo":[],"listingCount":5372},{"id":106461,"name":"Tattoo of the Kitava Warrior","icon":"https://web.poecdn.com/gen/image/WzI1LDE0LHsiZiI6IjJESXRlbXMvQ3VycmVuY3kvQW5jZXN0b3JzL0NvbW1vblN0clRhdHR0b29FcXVpcG1lbnQiLCJ3IjoxLCJoIjoxLCJzY2FsZSI6MX1d/b7072892c0/CommonStrTatttooEquipment.png","baseType":"Tattoo of the Kitava Warrior","stackSize":10,"itemClass":5,"sparkline":{"data":[0,0,0,0,0,0,0],"totalChange":0},"lowConfidenceSparkline":{"data":[0,0,0,0,0,0,0],"totalChange":0},"implicitModifiers":[],"explicitModifiers":[{"text":"Adds 2 to 3 Physical Damage","optional":false}],"flavourText":"","chaosValue":5.00,"exaltedValue":0.23,"divineValue":0.02,"count":398,"detailsId":"tattoo-of-the-kitava-warrior","tradeInfo":[],"listingCount":9032},{"id":106367,"name":"Honoured Tattoo of the Sky","icon":"https://web.poecdn.com/gen/image/WzI1LDE0LHsiZiI6IjJESXRlbXMvQ3VycmVuY3kvQW5jZXN0b3JzL0hpbmVrb3JhQ29tbW9uVGF0dHRvb0VxdWlwbWVudCIsInciOjEsImgiOjEsInNjYWxlIjoxfV0/80dfeda101/HinekoraCommonTatttooEquipment.png","baseType":"Honoured Tattoo of the Sky","stackSize":10,"itemClass":5,"sparkline":{"data":[0,0,0,0,0,0,15],"totalChange":15},"lowConfidenceSparkline":{"data":[0,0,0,0,0,0,15],"totalChange":15},"implicitModifiers":[],"explicitModifiers":[{"text":"+3% to all Elemental Resistances","optional":false}],"flavourText":"","chaosValue":4.60,"exaltedValue":0.21,"divineValue":0.02,"count":399,"detailsId":"honoured-tattoo-of-the-sky","tradeInfo":[],"listingCount":20200},{"id":106246,"name":"Tattoo of the Tukohama Shaman","icon":"https://web.poecdn.com/gen/image/WzI1LDE0LHsiZiI6IjJESXRlbXMvQ3VycmVuY3kvQW5jZXN0b3JzL0NvbW1vblN0clRhdHR0b29FcXVpcG1lbnQiLCJ3IjoxLCJoIjoxLCJzY2FsZSI6MX1d/b7072892c0/CommonStrTatttooEquipment.png","baseType":"Tattoo of the Tukohama Shaman","stackSize":10,"itemClass":5,"sparkline":{"data":[0,0,0,0,0,0,0],"totalChange":0},"lowConfidenceSparkline":{"data":[0,0,0,0,0,0,0],"totalChange":0},"implicitModifiers":[],"explicitModifiers":[{"text":"Regenerate 15 Life per second","optional":false}],"flavourText":"","chaosValue":4.00,"exaltedValue":0.18,"divineValue":0.02,"count":399,"detailsId":"tattoo-of-the-tukohama-shaman","tradeInfo":[],"listingCount":8912},{"id":106311,"name":"Tattoo of the Tukohama Brawler","icon":"https://web.poecdn.com/gen/image/WzI1LDE0LHsiZiI6IjJESXRlbXMvQ3VycmVuY3kvQW5jZXN0b3JzL0NvbW1vblN0clRhdHR0b29FcXVpcG1lbnQiLCJ3IjoxLCJoIjoxLCJzY2FsZSI6MX1d/b7072892c0/CommonStrTatttooEquipment.png","baseType":"Tattoo of the Tukohama Brawler","stackSize":10,"itemClass":5,"sparkline":{"data":[0,0,0,0,0,0,0],"totalChange":0},"lowConfidenceSparkline":{"data":[0,0,0,0,0,0,0],"totalChange":0},"implicitModifiers":[],"explicitModifiers":[{"text":"10% chance to Knock Enemies Back on hit","optional":false}],"flavourText":"","chaosValue":4.00,"exaltedValue":0.18,"divineValue":0.02,"count":398,"detailsId":"tattoo-of-the-tukohama-brawler","tradeInfo":[],"listingCount":8058},{"id":106489,"name":"Tattoo of the Kitava Heart Eater","icon":"https://web.poecdn.com/gen/image/WzI1LDE0LHsiZiI6IjJESXRlbXMvQ3VycmVuY3kvQW5jZXN0b3JzL0NvbW1vbkludFRhdHR0b29FcXVpcG1lbnQiLCJ3IjoxLCJoIjoxLCJzY2FsZSI6MX1d/bae0258602/CommonIntTatttooEquipment.png","baseType":"Tattoo of the Kitava Heart Eater","stackSize":10,"itemClass":5,"sparkline":{"data":[0,100,100,203,225,200,300],"totalChange":300},"lowConfidenceSparkline":{"data":[0,100,100,203,225,200,300],"totalChange":300},"implicitModifiers":[],"explicitModifiers":[{"text":"Killing Blows have 4% chance to Consume corpses to recover 10% of Maximum Life","optional":false}],"flavourText":"","chaosValue":4.00,"exaltedValue":0.18,"divineValue":0.02,"count":398,"detailsId":"tattoo-of-the-kitava-heart-eater","tradeInfo":[],"listingCount":8036},{"id":106548,"name":"Tattoo of the Kitava Rebel","icon":"https://web.poecdn.com/gen/image/WzI1LDE0LHsiZiI6IjJESXRlbXMvQ3VycmVuY3kvQW5jZXN0b3JzL0NvbW1vblN0clRhdHR0b29FcXVpcG1lbnQiLCJ3IjoxLCJoIjoxLCJzY2FsZSI6MX1d/b7072892c0/CommonStrTatttooEquipment.png","baseType":"Tattoo of the Kitava Rebel","stackSize":10,"itemClass":5,"sparkline":{"data":[0,0,0,0,-20,-20,-20],"totalChange":-20},"lowConfidenceSparkline":{"data":[0,0,0,0,-20,-20,-20],"totalChange":-20},"implicitModifiers":[],"explicitModifiers":[{"text":"15% chance to Avoid Bleeding","optional":false}],"flavourText":"","chaosValue":4.00,"exaltedValue":0.18,"divineValue":0.02,"count":399,"detailsId":"tattoo-of-the-kitava-rebel","tradeInfo":[],"listingCount":8440},{"id":106248,"name":"Tattoo of the Tasalio Bladedancer","icon":"https://web.poecdn.com/gen/image/WzI1LDE0LHsiZiI6IjJESXRlbXMvQ3VycmVuY3kvQW5jZXN0b3JzL0NvbW1vblN0clRhdHR0b29FcXVpcG1lbnQiLCJ3IjoxLCJoIjoxLCJzY2FsZSI6MX1d/b7072892c0/CommonStrTatttooEquipment.png","baseType":"Tattoo of the Tasalio Bladedancer","stackSize":10,"itemClass":5,"sparkline":{"data":[0,0,0,0,0,0,56.5],"totalChange":56.5},"lowConfidenceSparkline":{"data":[0,0,0,0,0,0,56.5],"totalChange":56.5},"implicitModifiers":[],"explicitModifiers":[{"text":"Attacks have 5% chance to Maim on Hit","optional":false}],"flavourText":"","chaosValue":3.13,"exaltedValue":0.14,"divineValue":0.01,"count":399,"detailsId":"tattoo-of-the-tasalio-bladedancer","tradeInfo":[],"listingCount":9124},{"id":106245,"name":"Tattoo of the Valako Warrior","icon":"https://web.poecdn.com/gen/image/WzI1LDE0LHsiZiI6IjJESXRlbXMvQ3VycmVuY3kvQW5jZXN0b3JzL0NvbW1vbkludFRhdHR0b29FcXVpcG1lbnQiLCJ3IjoxLCJoIjoxLCJzY2FsZSI6MX1d/bae0258602/CommonIntTatttooEquipment.png","baseType":"Tattoo of the Valako Warrior","stackSize":10,"itemClass":5,"sparkline":{"data":[0,0,0,0,0,0,0],"totalChange":0},"lowConfidenceSparkline":{"data":[0,0,0,0,0,0,0],"totalChange":0},"implicitModifiers":[],"explicitModifiers":[{"text":"Adds 1 to 7 Lightning Damage","optional":false}],"flavourText":"","chaosValue":3.00,"exaltedValue":0.14,"divineValue":0.01,"count":398,"detailsId":"tattoo-of-the-valako-warrior","tradeInfo":[],"listingCount":8145},{"id":106247,"name":"Tattoo of the Hinekora Deathwarden","icon":"https://web.poecdn.com/gen/image/WzI1LDE0LHsiZiI6IjJESXRlbXMvQ3VycmVuY3kvQW5jZXN0b3JzL0NvbW1vbkludFRhdHR0b29FcXVpcG1lbnQiLCJ3IjoxLCJoIjoxLCJzY2FsZSI6MX1d/bae0258602/CommonIntTatttooEquipment.png","baseType":"Tattoo of the Hinekora Deathwarden","stackSize":10,"itemClass":5,"sparkline":{"data":[0,0,0,0,0,0,0],"totalChange":0},"lowConfidenceSparkline":{"data":[0,0,0,0,0,0,0],"totalChange":0},"implicitModifiers":[],"explicitModifiers":[{"text":"6% reduced Effect of Curses on you","optional":false}],"flavourText":"","chaosValue":3.00,"exaltedValue":0.14,"divineValue":0.01,"count":399,"detailsId":"tattoo-of-the-hinekora-deathwarden","tradeInfo":[],"listingCount":10052},{"id":106273,"name":"Tattoo of the Hinekora Shaman","icon":"https://web.poecdn.com/gen/image/WzI1LDE0LHsiZiI6IjJESXRlbXMvQ3VycmVuY3kvQW5jZXN0b3JzL0NvbW1vbkludFRhdHR0b29FcXVpcG1lbnQiLCJ3IjoxLCJoIjoxLCJzY2FsZSI6MX1d/bae0258602/CommonIntTatttooEquipment.png","baseType":"Tattoo of the Hinekora Shaman","stackSize":10,"itemClass":5,"sparkline":{"data":[0,0,0,0,0,0,0],"totalChange":0},"lowConfidenceSparkline":{"data":[0,0,0,0,0,0,0],"totalChange":0},"implicitModifiers":[],"explicitModifiers":[{"text":"Regenerate 3 Mana per second","optional":false}],"flavourText":"","chaosValue":3.00,"exaltedValue":0.14,"divineValue":0.01,"count":399,"detailsId":"tattoo-of-the-hinekora-shaman","tradeInfo":[],"listingCount":8509},{"id":106287,"name":"Tattoo of the Arohongui Scout","icon":"https://web.poecdn.com/gen/image/WzI1LDE0LHsiZiI6IjJESXRlbXMvQ3VycmVuY3kvQW5jZXN0b3JzL0NvbW1vbkRleFRhdHR0b29FcXVpcG1lbnQiLCJ3IjoxLCJoIjoxLCJzY2FsZSI6MX1d/b80711f45f/CommonDexTatttooEquipment.png","baseType":"Tattoo of the Arohongui Scout","stackSize":10,"itemClass":5,"sparkline":{"data":[0,0,0,0,0,0,0],"totalChange":0},"lowConfidenceSparkline":{"data":[0,0,0,0,0,0,0],"totalChange":0},"implicitModifiers":[],"explicitModifiers":[{"text":"15% chance to Avoid being Chilled","optional":false},{"text":"15% chance to Avoid being Frozen","optional":false}],"flavourText":"","chaosValue":3.00,"exaltedValue":0.14,"divineValue":0.01,"count":399,"detailsId":"tattoo-of-the-arohongui-scout","tradeInfo":[],"listingCount":7916},{"id":106422,"name":"Tattoo of the Rongokurai Guard","icon":"https://web.poecdn.com/gen/image/WzI1LDE0LHsiZiI6IjJESXRlbXMvQ3VycmVuY3kvQW5jZXN0b3JzL0NvbW1vblN0clRhdHR0b29FcXVpcG1lbnQiLCJ3IjoxLCJoIjoxLCJzY2FsZSI6MX1d/b7072892c0/CommonStrTatttooEquipment.png","baseType":"Tattoo of the Rongokurai Guard","stackSize":10,"itemClass":5,"sparkline":{"data":[0,50,50,50,50,50,50],"totalChange":50},"lowConfidenceSparkline":{"data":[0,50,50,50,50,50,50],"totalChange":50},"implicitModifiers":[],"explicitModifiers":[{"text":"Guard Skills have 6% increased Duration","optional":false}],"flavourText":"","chaosValue":3.00,"exaltedValue":0.14,"divineValue":0.01,"count":399,"detailsId":"tattoo-of-the-rongokurai-guard","tradeInfo":[],"listingCount":7311},{"id":106452,"name":"Tattoo of the Kitava Blood Drinker","icon":"https://web.poecdn.com/gen/image/WzI1LDE0LHsiZiI6IjJESXRlbXMvQ3VycmVuY3kvQW5jZXN0b3JzL0NvbW1vblN0clRhdHR0b29FcXVpcG1lbnQiLCJ3IjoxLCJoIjoxLCJzY2FsZSI6MX1d/b7072892c0/CommonStrTatttooEquipment.png","baseType":"Tattoo of the Kitava Blood Drinker","stackSize":10,"itemClass":5,"sparkline":{"data":[0,0,0,0,0,0,0],"totalChange":0},"lowConfidenceSparkline":{"data":[0,0,0,0,0,0,0],"totalChange":0},"implicitModifiers":[],"explicitModifiers":[{"text":"0.5% of Attack Damage Leeched as Life","optional":false}],"flavourText":"","chaosValue":3.00,"exaltedValue":0.14,"divineValue":0.01,"count":397,"detailsId":"tattoo-of-the-kitava-blood-drinker","tradeInfo":[],"listingCount":9916},{"id":106237,"name":"Tattoo of the Tawhoa Naturalist","icon":"https://web.poecdn.com/gen/image/WzI1LDE0LHsiZiI6IjJESXRlbXMvQ3VycmVuY3kvQW5jZXN0b3JzL0NvbW1vbkRleFRhdHR0b29FcXVpcG1lbnQiLCJ3IjoxLCJoIjoxLCJzY2FsZSI6MX1d/b80711f45f/CommonDexTatttooEquipment.png","baseType":"Tattoo of the Tawhoa Naturalist","stackSize":10,"itemClass":5,"sparkline":{"data":[0,0,-33.33,-33.33,-33.33,-33.33,-33.33],"totalChange":-33.33},"lowConfidenceSparkline":{"data":[0,0,-33.33,-33.33,-33.33,-33.33,-33.33],"totalChange":-33.33},"implicitModifiers":[],"explicitModifiers":[{"text":"8% increased Life Recovery from Flasks","optional":false},{"text":"8% increased Mana Recovery from Flasks","optional":false}],"flavourText":"","chaosValue":2.00,"exaltedValue":0.09,"divineValue":0.01,"count":398,"detailsId":"tattoo-of-the-tawhoa-naturalist","tradeInfo":[],"listingCount":8625},{"id":106251,"name":"Tattoo of the Tasalio Shaman","icon":"https://web.poecdn.com/gen/image/WzI1LDE0LHsiZiI6IjJESXRlbXMvQ3VycmVuY3kvQW5jZXN0b3JzL0NvbW1vbkludFRhdHR0b29FcXVpcG1lbnQiLCJ3IjoxLCJoIjoxLCJzY2FsZSI6MX1d/bae0258602/CommonIntTatttooEquipment.png","baseType":"Tattoo of the Tasalio Shaman","stackSize":10,"itemClass":5,"sparkline":{"data":[0,0,0,0,0,0,100],"totalChange":100},"lowConfidenceSparkline":{"data":[0,0,0,0,0,0,100],"totalChange":100},"implicitModifiers":[],"explicitModifiers":[{"text":"5% chance to Hinder Enemies on Hit with Spells","optional":false}],"flavourText":"","chaosValue":2.00,"exaltedValue":0.09,"divineValue":0.01,"count":398,"detailsId":"tattoo-of-the-tasalio-shaman","tradeInfo":[],"listingCount":8847},{"id":106274,"name":"Tattoo of the Valako Scout","icon":"https://web.poecdn.com/gen/image/WzI1LDE0LHsiZiI6IjJESXRlbXMvQ3VycmVuY3kvQW5jZXN0b3JzL0NvbW1vbkludFRhdHR0b29FcXVpcG1lbnQiLCJ3IjoxLCJoIjoxLCJzY2FsZSI6MX1d/bae0258602/CommonIntTatttooEquipment.png","baseType":"Tattoo of the Valako Scout","stackSize":10,"itemClass":5,"sparkline":{"data":[0,0,100,100,100,100,100],"totalChange":100},"lowConfidenceSparkline":{"data":[0,0,100,100,100,100,100],"totalChange":100},"implicitModifiers":[],"explicitModifiers":[{"text":"15% reduced Effect of Shock on you","optional":false}],"flavourText":"","chaosValue":2.00,"exaltedValue":0.09,"divineValue":0.01,"count":399,"detailsId":"tattoo-of-the-valako-scout","tradeInfo":[],"listingCount":8596},{"id":106289,"name":"Tattoo of the Tawhoa Warrior","icon":"https://web.poecdn.com/gen/image/WzI1LDE0LHsiZiI6IjJESXRlbXMvQ3VycmVuY3kvQW5jZXN0b3JzL0NvbW1vbkludFRhdHR0b29FcXVpcG1lbnQiLCJ3IjoxLCJoIjoxLCJzY2FsZSI6MX1d/bae0258602/CommonIntTatttooEquipment.png","baseType":"Tattoo of the Tawhoa Warrior","stackSize":10,"itemClass":5,"sparkline":{"data":[0,0,0,0,0,0,100],"totalChange":100},"lowConfidenceSparkline":{"data":[0,0,0,0,0,0,100],"totalChange":100},"implicitModifiers":[],"explicitModifiers":[{"text":"Adds 2 to 3 Chaos Damage","optional":false}],"flavourText":"","chaosValue":2.00,"exaltedValue":0.09,"divineValue":0.01,"count":399,"detailsId":"tattoo-of-the-tawhoa-warrior","tradeInfo":[],"listingCount":9222},{"id":106294,"name":"Tattoo of the Tawhoa Scout","icon":"https://web.poecdn.com/gen/image/WzI1LDE0LHsiZiI6IjJESXRlbXMvQ3VycmVuY3kvQW5jZXN0b3JzL0NvbW1vbkRleFRhdHR0b29FcXVpcG1lbnQiLCJ3IjoxLCJoIjoxLCJzY2FsZSI6MX1d/b80711f45f/CommonDexTatttooEquipment.png","baseType":"Tattoo of the Tawhoa Scout","stackSize":10,"itemClass":5,"sparkline":{"data":[0,0,0,0,0,0,0],"totalChange":0},"lowConfidenceSparkline":{"data":[0,0,0,0,0,0,0],"totalChange":0},"implicitModifiers":[],"explicitModifiers":[{"text":"15% chance to Avoid being Poisoned","optional":false}],"flavourText":"","chaosValue":2.00,"exaltedValue":0.09,"divineValue":0.01,"count":399,"detailsId":"tattoo-of-the-tawhoa-scout","tradeInfo":[],"listingCount":8027},{"id":106347,"name":"Tattoo of the Rongokurai Brute","icon":"https://web.poecdn.com/gen/image/WzI1LDE0LHsiZiI6IjJESXRlbXMvQ3VycmVuY3kvQW5jZXN0b3JzL0NvbW1vblN0clRhdHR0b29FcXVpcG1lbnQiLCJ3IjoxLCJoIjoxLCJzY2FsZSI6MX1d/b7072892c0/CommonStrTatttooEquipment.png","baseType":"Tattoo of the Rongokurai Brute","stackSize":10,"itemClass":5,"sparkline":{"data":[0,0,0,0,0,0,100],"totalChange":100},"lowConfidenceSparkline":{"data":[0,0,0,0,0,0,100],"totalChange":100},"implicitModifiers":[],"explicitModifiers":[{"text":"15% increased Stun Threshold","optional":false}],"flavourText":"","chaosValue":2.00,"exaltedValue":0.09,"divineValue":0.01,"count":398,"detailsId":"tattoo-of-the-rongokurai-brute","tradeInfo":[],"listingCount":10958},{"id":106370,"name":"Tattoo of the Ngamahu Warrior","icon":"https://web.poecdn.com/gen/image/WzI1LDE0LHsiZiI6IjJESXRlbXMvQ3VycmVuY3kvQW5jZXN0b3JzL0NvbW1vblN0clRhdHR0b29FcXVpcG1lbnQiLCJ3IjoxLCJoIjoxLCJzY2FsZSI6MX1d/b7072892c0/CommonStrTatttooEquipment.png","baseType":"Tattoo of the Ngamahu Warrior","stackSize":10,"itemClass":5,"sparkline":{"data":[0,94,100,100,100,100,100],"totalChange":100},"lowConfidenceSparkline":{"data":[0,94,100,100,100,100,100],"totalChange":100},"implicitModifiers":[],"explicitModifiers":[{"text":"Adds 3 to 5 Fire Damage","optional":false}],"flavourText":"","chaosValue":2.00,"exaltedValue":0.09,"divineValue":0.01,"count":399,"detailsId":"tattoo-of-the-ngamahu-warrior","tradeInfo":[],"listingCount":9110},{"id":106419,"name":"Tattoo of the Ngamahu Shaman","icon":"https://web.poecdn.com/gen/image/WzI1LDE0LHsiZiI6IjJESXRlbXMvQ3VycmVuY3kvQW5jZXN0b3JzL0NvbW1vblN0clRhdHR0b29FcXVpcG1lbnQiLCJ3IjoxLCJoIjoxLCJzY2FsZSI6MX1d/b7072892c0/CommonStrTatttooEquipment.png","baseType":"Tattoo of the Ngamahu Shaman","stackSize":10,"itemClass":5,"sparkline":{"data":[0,0,100,100,100,100,100],"totalChange":100},"lowConfidenceSparkline":{"data":[0,0,100,100,100,100,100],"totalChange":100},"implicitModifiers":[],"explicitModifiers":[{"text":"15% reduced Ignite Duration on you","optional":false}],"flavourText":"","chaosValue":2.00,"exaltedValue":0.09,"divineValue":0.01,"count":399,"detailsId":"tattoo-of-the-ngamahu-shaman","tradeInfo":[],"listingCount":7694},{"id":106249,"name":"Tattoo of the Tukohama Warrior","icon":"https://web.poecdn.com/gen/image/WzI1LDE0LHsiZiI6IjJESXRlbXMvQ3VycmVuY3kvQW5jZXN0b3JzL0NvbW1vblN0clRhdHR0b29FcXVpcG1lbnQiLCJ3IjoxLCJoIjoxLCJzY2FsZSI6MX1d/b7072892c0/CommonStrTatttooEquipment.png","baseType":"Tattoo of the Tukohama Warrior","stackSize":10,"itemClass":5,"sparkline":{"data":[0,0,0,0,0,0,0],"totalChange":0},"lowConfidenceSparkline":{"data":[0,0,0,0,0,0,0],"totalChange":0},"implicitModifiers":[],"explicitModifiers":[{"text":"Melee Hits which Stun have 5% chance to Fortify","optional":false}],"flavourText":"","chaosValue":1.00,"exaltedValue":0.05,"divineValue":0.00,"count":399,"detailsId":"tattoo-of-the-tukohama-warrior","tradeInfo":[],"listingCount":10629},{"id":106405,"name":"Tattoo of the Rongokurai Goliath","icon":"https://web.poecdn.com/gen/image/WzI1LDE0LHsiZiI6IjJESXRlbXMvQ3VycmVuY3kvQW5jZXN0b3JzL0NvbW1vblN0clRhdHR0b29FcXVpcG1lbnQiLCJ3IjoxLCJoIjoxLCJzY2FsZSI6MX1d/b7072892c0/CommonStrTatttooEquipment.png","baseType":"Tattoo of the Rongokurai Goliath","stackSize":10,"itemClass":5,"sparkline":{"data":[0,0,0,0,0,0,0],"totalChange":0},"lowConfidenceSparkline":{"data":[0,0,0,0,0,0,0],"totalChange":0},"implicitModifiers":[],"explicitModifiers":[{"text":"10% increased Stun Duration on Enemies","optional":false}],"flavourText":"","chaosValue":1.00,"exaltedValue":0.05,"divineValue":0.00,"count":398,"detailsId":"tattoo-of-the-rongokurai-goliath","tradeInfo":[],"listingCount":11086}]}