{"lines":[{"id":60076,"name":"Tainted Oil","icon":"https://web.poecdn.com/gen/image/WzI1LDE0LHsiZiI6IjJESXRlbXMvQ3VycmVuY3kvT2lscy9WYWFsT2lsIiwidyI6MSwiaCI6MSwic2NhbGUiOjF9XQ/54c3400bd8/VaalOil.png","baseType":"Tainted Oil","stackSize":10,"itemClass":5,"sparkline":{"data":[0,0.00,0.05,-0.14,0.32,0.32,0.32],"totalChange":0.32},"lowConfidenceSparkline":{"data":[0,0.00,0.05,-0.14,0.32,0.32,0.32],"totalChange":0.32},"implicitModifiers":[],"explicitModifiers":[],"flavourText":"","chaosValue":220.00,"exaltedValue":10.17,"divineValue":0.85,"count":123,"detailsId":"tainted-oil","tradeInfo":[],"listingCount":655},{"id":22607,"name":"Golden Oil","icon":"https://web.poecdn.com/gen/image/WzI1LDE0LHsiZiI6IjJESXRlbXMvQ3VycmVuY3kvT2lscy9Hb2xkZW5PaWwiLCJ3IjoxLCJoIjoxLCJzY2FsZSI6MX1d/69094a06e9/GoldenOil.png","baseType":"Golden Oil","stackSize":10,"itemClass":5,"sparkline":{"data":[0,0.07,0.81,2.42,3.31,4.80,6.23],"totalChange":6.23},"lowConfidenceSparkline":{"data":[0,0.07,0.81,2.42,3.31,4.80,6.23],"totalChange":6.23},"implicitModifiers":[],"explicitModifiers":[],"flavourText":"","chaosValue":86.62,"exaltedValue":4.00,"divineValue":0.33,"count":399,"detailsId":"golden-oil","tradeInfo":[],"listingCount":2635},{"id":22533,"name":"Silver Oil","icon":"https://web.poecdn.com/gen/image/WzI1LDE0LHsiZiI6IjJESXRlbXMvQ3VycmVuY3kvT2lscy9TaWx2ZXJPaWwiLCJ3IjoxLCJoIjoxLCJzY2FsZSI6MX1d/fb57de2d95/SilverOil.png","baseType":"Silver Oil","stackSize":10,"itemClass":5,"sparkline":{"data":[0,0,0,0,0,0,0],"totalChange":0},"lowConfidenceSparkline":{"data":[0,0,0,0,0,0,0],"totalChange":0},"implicitModifiers":[],"explicitModifiers":[],"flavourText":"","chaosValue":40.00,"exaltedValue":1.85,"divineValue":0.15,"count":308,"detailsId":"silver-oil","tradeInfo":[],"listingCount":2247},{"id":22535,"name":"Opalescent Oil","icon":"https://web.poecdn.com/gen/image/WzI1LDE0LHsiZiI6IjJESXRlbXMvQ3VycmVuY3kvT2lscy9PcGFsZXNjZW50T2lsIiwidyI6MSwiaCI6MSwic2NhbGUiOjF9XQ/11d5d92171/OpalescentOil.png","baseType":"Opalescent Oil","stackSize":10,"itemClass":5,"sparkline":{"data":[0,0,0,0,0,0,0],"totalChange":0},"lowConfidenceSparkline":{"data":[0,0,0,0,0,0,0],"totalChange":0},"implicitModifiers":[],"explicitModifiers":[],"flavourText":"","chaosValue":13.00,"exaltedValue":0.60,"divineValue":0.05,"count":314,"detailsId":"opalescent-oil","tradeInfo":[],"listingCount":2743},{"id":22531,"name":"Black Oil","icon":"https://web.poecdn.com/gen/image/WzI1LDE0LHsiZiI6IjJESXRlbXMvQ3VycmVuY3kvT2lscy9CbGFja09pbCIsInciOjEsImgiOjEsInNjYWxlIjoxfV0/763ed79fad/BlackOil.png","baseType":"Black Oil","stackSize":10,"itemClass":5,"sparkline":{"data":[0,0,0,0,0,0,0],"totalChange":0},"lowConfidenceSparkline":{"data":[0,0,0,0,0,0,0],"totalChange":0},"implicitModifiers":[],"explicitModifiers":[],"flavourText":"","chaosValue":4.00,"exaltedValue":0.18,"divineValue":0.02,"count":267,"detailsId":"black-oil","tradeInfo":[],"listingCount":2705},{"id":22530,"name":"Crimson Oil","icon":"https://web.poecdn.com/gen/image/WzI1LDE0LHsiZiI6IjJESXRlbXMvQ3VycmVuY3kvT2lscy9Dcmltc29uT2lsIiwidyI6MSwiaCI6MSwic2NhbGUiOjF9XQ/54fb620c7e/CrimsonOil.png","baseType":"Crimson Oil","stackSize":10,"itemClass":5,"sparkline":{"data":[0,1.07,4.48,6.18,6.61,6.61,6.61],"totalChange":6.61},"lowConfidenceSparkline":{"data":[0,1.07,4.48,6.18,6.61,6.61,6.61],"totalChange":6.61},"implicitModifiers":[],"explicitModifiers":[],"flavourText":"","chaosValue":2.50,"exaltedValue":0.12,"divineValue":0.01,"count":254,"detailsId":"crimson-oil","tradeInfo":[],"listingCount":2742},{"id":22529,"name":"Violet Oil","icon":"https://web.poecdn.com/gen/image/WzI1LDE0LHsiZiI6IjJESXRlbXMvQ3VycmVuY3kvT2lscy9WaW9sZXRPaWwiLCJ3IjoxLCJoIjoxLCJzY2FsZSI6MX1d/64c679a735/VioletOil.png","baseType":"Violet Oil","stackSize":10,"itemClass":5,"sparkline":{"data":[0,0,0,0,0,0,0],"totalChange":0},"lowConfidenceSparkline":{"data":[0,0,0,0,0,0,0],"totalChange":0},"implicitModifiers":[],"explicitModifiers":[],"flavourText":"","chaosValue":1.00,"exaltedValue":0.05,"divineValue":0.00,"count":260,"detailsId":"violet-oil","tradeInfo":[],"listingCount":2909},{"id":42286,"name":"Indigo Oil","icon":"https://web.poecdn.com/gen/image/WzI1LDE0LHsiZiI6IjJESXRlbXMvQ3VycmVuY3kvT2lscy9JbmRpZ29PaWwiLCJ3IjoxLCJoIjoxLCJzY2FsZSI6MX1d/f9356f7cb0/IndigoOil.png","baseType":"Indigo Oil","stackSize":10,"itemClass":5,"sparkline":{"data":[0,0,0,0,0,0,0],"totalChange":0},"lowConfidenceSparkline":{"data":[0,0,0,0,0,0,0],"totalChange":0},"implicitModifiers":[],"explicitModifiers":[],"flavourText":"","chaosValue":1.00,"exaltedValue":0.05,"divineValue":0.00,"count":223,"detailsId":"indigo-oil","tradeInfo":[],"listingCount":2639},{"id":98283,"name":"Reflective Oil","icon":"https://web.poecdn.com/gen/image/WzI1LDE0LHsiZiI6IjJESXRlbXMvQ3VycmVuY3kvT2lscy9NaXJyb3JPaWwiLCJ3IjoxLCJoIjoxLCJzY2FsZSI6MX1d/1c90ed676a/MirrorOil.png","baseType":"Reflective Oil","stackSize":10,"itemClass":5,"sparkline":{"data":[0,0,0,0,0,0,0],"totalChange":0},"lowConfidenceSparkline":{"data":[0,0,0,0,0,0,0],"totalChange":0},"implicitModifiers":[],"explicitModifiers":[],"flavourText":"","chaosValue":1.00,"exaltedValue":0.05,"divineValue":0.00,"count":80,"detailsId":"reflective-oil","tradeInfo":[],"listingCount":704},{"id":22528,"name":"Azure Oil","icon":"https://web.poecdn.com/gen/image/WzI1LDE0LHsiZiI6IjJESXRlbXMvQ3VycmVuY3kvT2lscy9BenVyZU9pbCIsInciOjEsImgiOjEsInNjYWxlIjoxfV0/926343421b/AzureOil.png","baseType":"Azure Oil","stackSize":10,"itemClass":5,"sparkline":{"data":[0,2.99,4.48,2.99,4.48,4.48,4.48],"totalChange":4.48},"lowConfidenceSparkline":{"data":[0,2.99,4.48,2.99,4.48,4.48,4.48],"totalChange":4.48},"implicitModifiers":[],"explicitModifiers":[],"flavourText":"","chaosValue":0.70,"exaltedValue":0.03,"divineValue":0.00,"count":220,"detailsId":"azure-oil","tradeInfo":[],"listingCount":2654},{"id":22526,"name":"Teal Oil","icon":"https://web.poecdn.com/gen/image/WzI1LDE0LHsiZiI6IjJESXRlbXMvQ3VycmVuY3kvT2lscy9UZWFsT2lsIiwidyI6MSwiaCI6MSwic2NhbGUiOjF9XQ/b6712a15cf/TealOil.png","baseType":"Teal Oil","stackSize":10,"itemClass":5,"sparkline":{"data":[0,0,0,0,0,0,0],"totalChange":0},"lowConfidenceSparkline":{"data":[0,0,0,0,0,0,0],"totalChange":0},"implicitModifiers":[],"explicitModifiers":[],"flavourText":"","chaosValue":0.50,"exaltedValue":0.02,"divineValue":0.00,"count":324,"detailsId":"teal-oil","tradeInfo":[],"listingCount":3387},{"id":22524,"name":"Verdant Oil","icon":"https://web.poecdn.com/gen/image/WzI1LDE0LHsiZiI6IjJESXRlbXMvQ3VycmVuY3kvT2lscy9WZXJkYW50T2lsIiwidyI6MSwiaCI6MSwic2NhbGUiOjF9XQ/55a911a67d/VerdantOil.png","baseType":"Verdant Oil","stackSize":10,"itemClass":5,"sparkline":{"data":[0,-12.5,-18.75,-18.75,-18.75,-3.12,-9.38],"totalChange":-9.38},"lowConfidenceSparkline":{"data":[0,-12.5,-18.75,-18.75,-18.75,-3.12,-9.38],"totalChange":-9.38},"implicitModifiers":[],"explicitModifiers":[],"flavourText":"","chaosValue":0.29,"exaltedValue":0.01,"divineValue":0.00,"count":317,"detailsId":"verdant-oil","tradeInfo":[],"listingCount":4570},{"id":22527,"name":"Amber Oil","icon":"https://web.poecdn.com/gen/image/WzI1LDE0LHsiZiI6IjJESXRlbXMvQ3VycmVuY3kvT2lscy9BbWJlck9pbCIsInciOjEsImgiOjEsInNjYWxlIjoxfV0/931f4d2fdd/AmberOil.png","baseType":"Amber Oil","stackSize":10,"itemClass":5,"sparkline":{"data":[0,-11.76,-11.76,-11.76,-11.76,-11.76,-5.88],"totalChange":-5.88},"lowConfidenceSparkline":{"data":[0,-11.76,-11.76,-11.76,-11.76,-11.76,-5.88],"totalChange":-5.88},"implicitModifiers":[],"explicitModifiers":[],"flavourText":"","chaosValue":0.16,"exaltedValue":0.01,"divineValue":0.00,"count":373,"detailsId":"amber-oil","tradeInfo":[],"listingCount":5512},{"id":22523,"name":"Sepia Oil","icon":"https://web.poecdn.com/gen/image/WzI1LDE0LHsiZiI6IjJESXRlbXMvQ3VycmVuY3kvT2lscy9TZXBpYU9pbCIsInciOjEsImgiOjEsInNjYWxlIjoxfV0/580407bed5/SepiaOil.png","baseType":"Sepia Oil","stackSize":10,"itemClass":5,"sparkline":{"data":[0,0,0,0,0,0,0],"totalChange":0},"lowConfidenceSparkline":{"data":[0,0,0,0,0,0,0],"totalChange":0},"implicitModifiers":[],"explicitModifiers":[],"flavourText":"","chaosValue":0.10,"exaltedValue":0.00,"divineValue":0.00,"count":399,"detailsId":"sepia-oil","tradeInfo":[],"listingCount":6460},{"id":22525,"name":"Clear Oil","icon":"https://web.poecdn.com/gen/image/WzI1LDE0LHsiZiI6IjJESXRlbXMvQ3VycmVuY3kvT2lscy9DbGVhck9pbCIsInciOjEsImgiOjEsInNjYWxlIjoxfV0/de298bd226/ClearOil.png","baseType":"Clear Oil","stackSize":10,"itemClass":5,"sparkline":{"data":[0,0,0,0,0,0,0],"totalChange":0},"lowConfidenceSparkline":{"data":[0,0,0,0,0,0,0],"totalChange":0},"implicitModifiers":[],"explicitModifiers":[],"flavourText":"","chaosValue":0.10,"exaltedValue":0.00,"divineValue":0.00,"count":399,"detailsId":"clear-oil","tradeInfo":[],"listingCount":7642}]}