{"lines":[{"id":93816,"name":"Screaming Invitation","icon":"https://web.poecdn.com/gen/image/WzI1LDE0LHsiZiI6IjJESXRlbXMvUXVlc3RJdGVtcy9UYW5nbGVkT3JiUXVlc3Q1IiwidyI6MSwiaCI6MSwic2NhbGUiOjF9XQ/75de691c2b/TangledOrbQuest5.png","baseType":"Screaming Invitation","itemClass":0,"sparkline":{"data":[0,0,0,4.17,5.23,6.81,8.28],"totalChange":8.28},"lowConfidenceSparkline":{"data":[0,0,0,4.17,5.23,6.81,8.28],"totalChange":8.28},"implicitModifiers":[],"explicitModifiers":[],"flavourText":"From the heart of the Tangle, the Eater of Worlds\nreaches out for control of the Atlas.","chaosValue":259.87,"exaltedValue":12.01,"divineValue":1.00,"count":399,"detailsId":"screaming-invitation","tradeInfo":[],"listingCount":6710},{"id":93814,"name":"Incandescent Invitation","icon":"https://web.poecdn.com/gen/image/WzI1LDE0LHsiZiI6IjJESXRlbXMvUXVlc3RJdGVtcy9DbGVhbnNpbmdGaXJlT3JiUXVlc3Q1IiwidyI6MSwiaCI6MSwic2NhbGUiOjF9XQ/e6f9234053/CleansingFireOrbQuest5.png","baseType":"Incandescent Invitation","itemClass":0,"sparkline":{"data":[0,-2.63,-5.26,-5.26,-5.26,-5.26,-5.26],"totalChange":-5.26},"lowConfidenceSparkline":{"data":[0,-2.63,-5.26,-5.26,-5.26,-5.26,-5.26],"totalChange":-5.26},"implicitModifiers":[],"explicitModifiers":[],"flavourText":"From the corona of an ancient star,\nthe Searing Exarch seeks to master the Atlas.","chaosValue":180.00,"exaltedValue":8.32,"divineValue":0.69,"count":399,"detailsId":"incandescent-invitation","tradeInfo":[],"listingCount":7219},{"id":55759,"name":"Maven's Invitation: The Formed","icon":"https://web.poecdn.com/gen/image/WzI1LDE0LHsiZiI6IjJESXRlbXMvQ3VycmVuY3kvQXRsYXMvTnVsbFZvaWQxIiwidyI6MSwiaCI6MSwic2NhbGUiOjF9XQ/9e4850813c/NullVoid1.png","baseType":"Maven's Invitation: The Formed","itemClass":2,"sparkline":{"data":[0,0,0,0,0,0,-8.33],"totalChange":-8.33},"lowConfidenceSparkline":{"data":[0,0,0,0,0,0,-8.33],"totalChange":-8.33},"implicitModifiers":[],"explicitModifiers":[],"flavourText":"","chaosValue":55.00,"exaltedValue":2.54,"divineValue":0.21,"count":399,"detailsId":"mavens-invitation:-the-formed","tradeInfo":[],"listingCount":5316},{"id":93100,"name":"Maven's Invitation: The Elderslayers","icon":"https://web.poecdn.com/gen/image/WzI1LDE0LHsiZiI6IjJESXRlbXMvQ3VycmVuY3kvQXRsYXMvTnVsbFZvaWQ2IiwidyI6MSwiaCI6MSwic2NhbGUiOjF9XQ/8f170ad68d/NullVoid6.png","baseType":"Maven's Invitation: The Elderslayers","itemClass":2,"sparkline":{"data":[0,-1.34,-8.03,-16.39,-16.39,-16.39,-16.39],"totalChange":-16.39},"lowConfidenceSparkline":{"data":[0,-1.34,-8.03,-16.39,-16.39,-16.39,-16.39],"totalChange":-16.39},"implicitModifiers":[],"explicitModifiers":[],"flavourText":"","chaosValue":50.00,"exaltedValue":2.31,"divineValue":0.19,"count":399,"detailsId":"mavens-invitation:-the-elderslayers","tradeInfo":[],"listingCount":4943},{"id":55756,"name":"Maven's Invitation: The Twisted","icon":"https://web.poecdn.com/gen/image/WzI1LDE0LHsiZiI6IjJESXRlbXMvQ3VycmVuY3kvQXRsYXMvTnVsbFZvaWQyIiwidyI6MSwiaCI6MSwic2NhbGUiOjF9XQ/3c5b06022e/NullVoid2.png","baseType":"Maven's Invitation: The Twisted","itemClass":2,"sparkline":{"data":[0,-2,-2,-5.8,-10,-10,-20],"totalChange":-20},"lowConfidenceSparkline":{"data":[0,-2,-2,-5.8,-10,-10,-20],"totalChange":-20},"implicitModifiers":[],"explicitModifiers":[],"flavourText":"","chaosValue":40.00,"exaltedValue":1.85,"divineValue":0.15,"count":399,"detailsId":"mavens-invitation:-the-twisted","tradeInfo":[],"listingCount":6483},{"id":55763,"name":"Maven's Invitation: The Forgotten","icon":"https://web.poecdn.com/gen/image/WzI1LDE0LHsiZiI6IjJESXRlbXMvQ3VycmVuY3kvQXRsYXMvTnVsbFZvaWQzIiwidyI6MSwiaCI6MSwic2NhbGUiOjF9XQ/48f3c7fecb/NullVoid3.png","baseType":"Maven's Invitation: The Forgotten","itemClass":2,"sparkline":{"data":[0,0,0,0,0,0,0],"totalChange":0},"lowConfidenceSparkline":{"data":[0,0,0,0,0,0,0],"totalChange":0},"implicitModifiers":[],"explicitModifiers":[],"flavourText":"","chaosValue":10.00,"exaltedValue":0.46,"divineValue":0.04,"count":274,"detailsId":"mavens-invitation:-the-forgotten","tradeInfo":[],"listingCount":3481},{"id":55760,"name":"Maven's Invitation: The Feared","icon":"https://web.poecdn.com/gen/image/WzI1LDE0LHsiZiI6IjJESXRlbXMvQ3VycmVuY3kvQXRsYXMvTnVsbFZvaWQ1IiwidyI6MSwiaCI6MSwic2NhbGUiOjF9XQ/31ba48d1dc/NullVoid5.png","baseType":"Maven's Invitation: The Feared","itemClass":2,"sparkline":{"data":[0,0,0,0,0,0,0],"totalChange":0},"lowConfidenceSparkline":{"data":[0,0,0,0,0,0,0],"totalChange":0},"implicitModifiers":[],"explicitModifiers":[],"flavourText":"","chaosValue":6.00,"exaltedValue":0.28,"divineValue":0.02,"count":399,"detailsId":"mavens-invitation:-the-feared","tradeInfo":[],"listingCount":6753},{"id":55757,"name":"Maven's Invitation: The Hidden","icon":"https://web.poecdn.com/gen/image/WzI1LDE0LHsiZiI6IjJESXRlbXMvQ3VycmVuY3kvQXRsYXMvTnVsbFZvaWQ0IiwidyI6MSwiaCI6MSwic2NhbGUiOjF9XQ/5a436a46d6/NullVoid4.png","baseType":"Maven's Invitation: The Hidden","itemClass":2,"sparkline":{"data":[0,0,0,0,-4.17,-16.67,-16.67],"totalChange":-16.67},"lowConfidenceSparkline":{"data":[0,0,0,0,-4.17,-16.67,-16.67],"totalChange":-16.67},"implicitModifiers":[],"explicitModifiers":[],"flavourText":"For those who must not endure it,\nthere may be found a perverse joy \nin watching the struggle for survival.","chaosValue":5.00,"exaltedValue":0.23,"divineValue":0.02,"count":318,"detailsId":"mavens-invitation:-the-hidden","tradeInfo":[],"listingCount":6001},{"id":93813,"name":"Writhing Invitation","icon":"https://web.poecdn.com/gen/image/WzI1LDE0LHsiZiI6IjJESXRlbXMvUXVlc3RJdGVtcy9UYW5nbGVkT3JiUXVlc3QwIiwidyI6MSwiaCI6MSwic2NhbGUiOjF9XQ/5dbc2f3ffc/TangledOrbQuest0.png","baseType":"Writhing Invitation","itemClass":0,"sparkline":{"data":[0,0,0,0,0,0,0],"totalChange":0},"lowConfidenceSparkline":{"data":[0,0,0,0,0,0,0],"totalChange":0},"implicitModifiers":[],"explicitModifiers":[],"flavourText":"The Infinite Hunger awaits in a cosmic stomach where\nwhole civilisations are digested - but do not die.","chaosValue":3.00,"exaltedValue":0.14,"divineValue":0.01,"count":341,"detailsId":"writhing-invitation","tradeInfo":[],"listingCount":4551},{"id":93815,"name":"Polaric Invitation","icon":"https://web.poecdn.com/gen/image/WzI1LDE0LHsiZiI6IjJESXRlbXMvUXVlc3RJdGVtcy9DbGVhbnNpbmdGaXJlT3JiUXVlc3QwIiwidyI6MSwiaCI6MSwic2NhbGUiOjF9XQ/b2cc512e70/CleansingFireOrbQuest0.png","baseType":"Polaric Invitation","itemClass":0,"sparkline":{"data":[0,0,0,0,0,0,0],"totalChange":0},"lowConfidenceSparkline":{"data":[0,0,0,0,0,0,0],"totalChange":0},"implicitModifiers":[],"explicitModifiers":[],"flavourText":"Once within the grasp of the Black Star,\nthere can be no escape.","chaosValue":3.00,"exaltedValue":0.14,"divineValue":0.01,"count":399,"detailsId":"polaric-invitation","tradeInfo":[],"listingCount":6327},{"id":92921,"name":"Maven's Invitation: The Atlas","icon":"https://web.poecdn.com/gen/image/WzI1LDE0LHsiZiI6IjJESXRlbXMvQ3VycmVuY3kvQXRsYXMvUHJvdmluZ0dyb3VuZEhhZXdhcmtIYW1sZXQ1IiwidyI6MSwiaCI6MSwic2NhbGUiOjF9XQ/d581ab6c29/ProvingGroundHaewarkHamlet5.png","baseType":"Maven's Invitation: The Atlas","itemClass":2,"sparkline":{"data":[0,0,0,0,0,0,0],"totalChange":0},"lowConfidenceSparkline":{"data":[0,0,0,0,0,0,0],"totalChange":0},"implicitModifiers":[],"explicitModifiers":[],"flavourText":"For those who must not endure it,\nthere may be found a perverse joy \nin watching the struggle for survival.","chaosValue":1.00,"exaltedValue":0.05,"divineValue":0.00,"count":399,"detailsId":"mavens-invitation:-the-atlas","tradeInfo":[],"listingCount":16153}]}