{"lines":[{"id":39819,"name":"Vial of Transcendence","icon":"https://web.poecdn.com/gen/image/WzI1LDE0LHsiZiI6IjJESXRlbXMvQ3VycmVuY3kvVmlhbFRlbXBlcmVkRmxlc2giLCJ3IjoxLCJoIjoxLCJzY2FsZSI6MX1d/ff6f1f931e/VialTemperedFlesh.png","baseType":"Vial of Transcendence","stackSize":10,"itemClass":5,"sparkline":{"data":[0,0,0,0,0,0,-16.67],"totalChange":-16.67},"lowConfidenceSparkline":{"data":[0,0,0,0,0,0,-16.67],"totalChange":-16.67},"implicitModifiers":[],"explicitModifiers":[],"flavourText":"It is not our flesh, our thoughts, or our soul that limits us;\nit is the distinction between them.","chaosValue":50.00,"exaltedValue":2.31,"divineValue":0.19,"count":41,"detailsId":"vial-of-transcendence","tradeInfo":[],"listingCount":936},{"id":39822,"name":"Vial of Consequence","icon":"https://web.poecdn.com/gen/image/WzI1LDE0LHsiZiI6IjJESXRlbXMvQ3VycmVuY3kvVmlhbENvd2FyZHNDaGFpbnMiLCJ3IjoxLCJoIjoxLCJzY2FsZSI6MX1d/49367d5e04/VialCowardsChains.png","baseType":"Vial of Consequence","stackSize":10,"itemClass":5,"sparkline":{"data":[0,0.85,2.55,2.55,1.70,-4.26,-6.38],"totalChange":-6.38},"lowConfidenceSparkline":{"data":[0,0.85,2.55,2.55,1.70,-4.26,-6.38],"totalChange":-6.38},"implicitModifiers":[],"explicitModifiers":[],"flavourText":"Your actions live but a moment;\ntheir repercussions never die.","chaosValue":44.00,"exaltedValue":2.03,"divineValue":0.17,"count":29,"detailsId":"vial-of-consequence","tradeInfo":[],"listingCount":542},{"id":39818,"name":"Vial of Dominance","icon":"https://web.poecdn.com/gen/image/WzI1LDE0LHsiZiI6IjJESXRlbXMvQ3VycmVuY3kvVmlhbEFyY2hpdGVjdHNIYW5kIiwidyI6MSwiaCI6MSwic2NhbGUiOjF9XQ/dbe46fb20c/VialArchitectsHand.png","baseType":"Vial of Dominance","stackSize":10,"itemClass":5,"sparkline":{"data":[0,0,0,-6.67,-6.67,-6.67,-6.67],"totalChange":-6.67},"lowConfidenceSparkline":{"data":[0,0,0,-6.67,-6.67,-6.67,-6.67],"totalChange":-6.67},"implicitModifiers":[],"explicitModifiers":[],"flavourText":"Blood, slaves and stone.\nThe timeless edifice of Dominance.","chaosValue":14.00,"exaltedValue":0.65,"divineValue":0.05,"count":16,"detailsId":"vial-of-dominance","tradeInfo":[],"listingCount":392},{"id":39823,"name":"Vial of Awakening","icon":"https://web.poecdn.com/gen/image/WzI1LDE0LHsiZiI6IjJESXRlbXMvQ3VycmVuY3kvVmlhbFNsdW1iZXIiLCJ3IjoxLCJoIjoxLCJzY2FsZSI6MX1d/153f99e185/VialSlumber.png","baseType":"Vial of Awakening","stackSize":10,"itemClass":5,"sparkline":{"data":[0,24.29,24.29,-14.29,-7.14,-14.29,-14.29],"totalChange":-14.29},"lowConfidenceSparkline":{"data":[0,24.29,24.29,-14.29,-7.14,-14.29,-14.29],"totalChange":-14.29},"implicitModifiers":[],"explicitModifiers":[],"flavourText":"The eyes of Apep flicker open and the Poisoned One stirs.","chaosValue":12.00,"exaltedValue":0.55,"divineValue":0.05,"count":8,"detailsId":"vial-of-awakening","tradeInfo":[],"listingCount":120},{"id":39824,"name":"Vial of Summoning","icon":"https://web.poecdn.com/gen/image/WzI1LDE0LHsiZiI6IjJESXRlbXMvQ3VycmVuY3kvVmlhbFNwaXJpdERyaW5rZXIiLCJ3IjoxLCJoIjoxLCJzY2FsZSI6MX1d/b4c71ef906/VialSpiritDrinker.png","baseType":"Vial of Summoning","stackSize":10,"itemClass":5,"sparkline":{"data":[0,-1.9,-3.47,-12.73,-14.13,-16.67,-67.23],"totalChange":-67.23},"lowConfidenceSparkline":{"data":[0,-1.9,-3.47,-12.73,-14.13,-16.67,-67.23],"totalChange":-67.23},"implicitModifiers":[],"explicitModifiers":[],"flavourText":"Call to place the demon gods of the past.","chaosValue":9.83,"exaltedValue":0.45,"divineValue":0.04,"count":40,"detailsId":"vial-of-summoning","tradeInfo":[],"listingCount":531},{"id":39821,"name":"Vial of Fate","icon":"https://web.poecdn.com/gen/image/WzI1LDE0LHsiZiI6IjJESXRlbXMvQ3VycmVuY3kvVmlhbFN0b3J5VmFhbCIsInciOjEsImgiOjEsInNjYWxlIjoxfV0/5cc747026e/VialStoryVaal.png","baseType":"Vial of Fate","stackSize":10,"itemClass":5,"sparkline":{"data":[0,0,0,0,0,0,0],"totalChange":0},"lowConfidenceSparkline":{"data":[0,0,0,0,0,0,0],"totalChange":0},"implicitModifiers":[],"explicitModifiers":[],"flavourText":"Ancient myths of flame, frost and thunder.\nWill we ever know the way forward?","chaosValue":5.00,"exaltedValue":0.23,"divineValue":0.02,"count":31,"detailsId":"vial-of-fate","tradeInfo":[],"listingCount":652},{"id":39820,"name":"Vial of the Ritual","icon":"https://web.poecdn.com/gen/image/WzI1LDE0LHsiZiI6IjJESXRlbXMvQ3VycmVuY3kvVmlhbERhbmNlT2ZmZXJlZCIsInciOjEsImgiOjEsInNjYWxlIjoxfV0/a21fb783fd/VialDanceOffered.png","baseType":"Vial of the Ritual","stackSize":10,"itemClass":5,"sparkline":{"data":[0,0,0,0,0,0,50],"totalChange":50},"lowConfidenceSparkline":{"data":[0,0,0,0,0,0,50],"totalChange":50},"implicitModifiers":[],"explicitModifiers":[],"flavourText":"The ritual creates order. \nBoth in the minds of men and gods. \nThe ritual creates order.","chaosValue":3.00,"exaltedValue":0.14,"divineValue":0.01,"count":23,"detailsId":"vial-of-the-ritual","tradeInfo":[],"listingCount":642}]}