{"lines":[{"id":41117,"name":"Doryani's Machinarium","icon":"https://web.poecdn.com/gen/image/WzI4LDE0LHsiZiI6IjJESXRlbXMvTWFwcy9Eb3J5YW5pcyIsInciOjEsImgiOjEsInNjYWxlIjoxfV0/581444be53/Doryanis.png","mapTier":14,"baseType":"Maze Map","itemClass":3,"sparkline":{"data":[0,1.06,17.90,15.37,18.39,12.64,16.66],"totalChange":16.66},"lowConfidenceSparkline":{"data":[0,1.06,17.90,15.37,18.39,12.64,16.66],"totalChange":16.66},"implicitModifiers":[],"explicitModifiers":[{"text":"(20-50)% increased Experience gain","optional":false},{"text":"Unique Boss is augmented by Player choices","optional":false},{"text":"Found Items have 10% chance to drop Corrupted in Area","optional":false}],"flavourText":"We are ever the makers of our own undoing.","chaosValue":4676.76,"exaltedValue":216.12,"divineValue":18.00,"count":9,"detailsId":"doryanis-machinarium-t14","tradeInfo":[],"listingCount":23},{"id":44339,"name":"Doryani's Machinarium","icon":"https://web.poecdn.com/gen/image/WzI4LDE0LHsiZiI6IjJESXRlbXMvTWFwcy9Eb3J5YW5pcyIsInciOjEsImgiOjEsInNjYWxlIjoxfV0/581444be53/Doryanis.png","mapTier":16,"baseType":"Maze Map","itemClass":3,"sparkline":{"data":[0,12.99,21.40,23.07,16.73,6.61,-21.84],"totalChange":-21.84},"lowConfidenceSparkline":{"data":[0,12.99,21.40,23.07,16.73,6.61,-21.84],"totalChange":-21.84},"implicitModifiers":[],"explicitModifiers":[{"text":"(20-50)% increased Experience gain","optional":false},{"text":"Unique Boss is augmented by Player choices","optional":false},{"text":"Found Items have 10% chance to drop Corrupted in Area","optional":false}],"flavourText":"We are ever the makers of our own undoing.","chaosValue":2858.02,"exaltedValue":132.07,"divineValue":11.00,"count":40,"detailsId":"doryanis-machinarium-t16","tradeInfo":[],"listingCount":156},{"id":104059,"name":"Replica Poorjoy's Asylum","icon":"https://web.poecdn.com/gen/image/WzI4LDE0LHsiZiI6IjJESXRlbXMvTWFwcy9Qb29yam95c0FzeWx1bSIsInciOjEsImgiOjEsInNjYWxlIjoxfV0/d7e9aba922/PoorjoysAsylum.png","mapTier":14,"baseType":"Temple Map","itemClass":3,"sparkline":{"data":[null,null,0,null,2.49,3.96,0.51],"totalChange":0.51},"lowConfidenceSparkline":{"data":[0,17.91,-22.42,-27.08,-20.48,-19.34,-22.02],"totalChange":-22.02},"implicitModifiers":[],"explicitModifiers":[{"text":"200% increased Experience gain","optional":false},{"text":"(140-160)% more Monster Life","optional":false},{"text":"Monsters have (500-999)% increased Critical Strike Chance","optional":false},{"text":"+(60-100)% to Monster Critical Strike Multiplier","optional":false},{"text":"(140-160)% increased Monster Damage","optional":false},{"text":"25% increased Monster Movement Speed","optional":false},{"text":"25% increased Monster Attack Speed","optional":false},{"text":"25% increased Monster Cast Speed","optional":false},{"text":"Area is a large Maze","optional":false},{"text":"Unique Boss drops (2-15) additional Rare Two Hand Swords","optional":true},{"text":"Unique Boss drops (10-15) additional Rare Warstaves","optional":true},{"text":"Unique Boss drops (10-15) additional Rare Rune Daggers","optional":true},{"text":"Unique Boss drops (10-15) additional Rare Claws","optional":true},{"text":"Unique Boss drops (10-15) additional Rare Bows","optional":true},{"text":"Unique Boss drops (10-15) additional Rare One Hand Swords","optional":true},{"text":"Unique Boss drops (10-14) additional Rare Daggers","optional":true},{"text":"Unique Boss drops (10-14) additional Rare Amulets","optional":true},{"text":"Unique Boss drops (3-15) additional Rare Boots","optional":true},{"text":"Unique Boss drops (10-15) additional Rare One Hand Axes","optional":true},{"text":"Unique Boss drops (10-15) additional Rare Two Hand Axes","optional":true},{"text":"Unique Boss drops (10-15) additional Rare Quivers","optional":true},{"text":"Unique Boss drops (11-15) additional Rare Gloves","optional":true},{"text":"Unique Boss drops (10-15) additional Rare Helmets","optional":true},{"text":"Unique Boss drops (10-15) additional Rare Staves","optional":true},{"text":"Unique Boss drops (10-15) additional Rare Thrusting One Hand Swords","optional":true},{"text":"Unique Boss drops (10-15) additional Rare Two Hand Maces","optional":true},{"text":"Unique Boss drops (10-14) additional Rare Rings","optional":true},{"text":"Unique Boss drops (10-15) additional Rare Shields","optional":true},{"text":"Unique Boss drops (11-15) additional Rare Body Armours","optional":true},{"text":"Unique Boss drops (10-15) additional Rare Wands","optional":true},{"text":"Unique Boss drops (10-14) additional Rare One Hand Maces","optional":true},{"text":"Unique Boss drops (10-15) additional Rare Belts","optional":true},{"text":"Unique Boss drops (10-15) additional Rare Sceptres","optional":true}],"flavourText":"\"Suppression troop two, the 'Martyrs for Science,' were able to seal\nthe portals before Outpost Four was overrun. Only three men survived.\"","chaosValue":1610.88,"exaltedValue":74.44,"divineValue":6.20,"count":8,"detailsId":"replica-poorjoys-asylum-t14","tradeInfo":[],"listingCount":57},{"id":98977,"name":"The Tower of Ordeals","icon":"https://web.poecdn.com/gen/image/WzI4LDE0LHsiZiI6IjJESXRlbXMvTWFwcy9UcmlhbG1hc3Rlck1hcCIsInciOjEsImgiOjEsInNjYWxlIjoxfV0/f3cdcd5d7a/TrialmasterMap.png","mapTier":16,"baseType":"Engraved Ultimatum","itemClass":3,"sparkline":{"data":[0,0.43,1.47,3.11,3.99,5.48,6.91],"totalChange":6.91},"lowConfidenceSparkline":{"data":[0,0.43,1.47,3.11,3.99,5.48,6.91],"totalChange":6.91},"implicitModifiers":[],"explicitModifiers":[],"flavourText":"On the outskirts of Utzaal, at the Temple of Chaos,\nthe Trialmaster awaits your challenge.","chaosValue":779.46,"exaltedValue":36.02,"divineValue":3.00,"count":95,"detailsId":"the-tower-of-ordeals-t16","tradeInfo":[],"listingCount":195},{"id":41122,"name":"Cortex","icon":"https://web.poecdn.com/gen/image/WzI4LDE0LHsiZiI6IjJESXRlbXMvTWFwcy9TeW50aGVzaXNCb3NzR3VhcmRpYW5NYXAiLCJ3IjoxLCJoIjoxLCJzY2FsZSI6MX1d/542f2635c7/SynthesisBossGuardianMap.png","mapTier":10,"baseType":"Synthesised Map","itemClass":3,"sparkline":{"data":[0,0.15,1.18,2.81,3.69,5.18,6.61],"totalChange":6.61},"lowConfidenceSparkline":{"data":[0,0.15,1.18,2.81,3.69,5.18,6.61],"totalChange":6.61},"implicitModifiers":[],"explicitModifiers":[],"flavourText":"Though my life is gone, my purpose is not.\nMy will remains, emboldened and empowered\nby the righteousness of my cause.","chaosValue":285.80,"exaltedValue":13.21,"divineValue":1.10,"count":374,"detailsId":"cortex-t10","tradeInfo":[],"listingCount":4048},{"id":25181,"name":"The Twilight Temple","icon":"https://web.poecdn.com/gen/image/WzI4LDE0LHsiZiI6IjJESXRlbXMvTWFwcy9DZWxlc3RpYWwiLCJ3IjoxLCJoIjoxLCJzY2FsZSI6MX1d/2b43e37784/Celestial.png","mapTier":7,"baseType":"Moon Temple Map","itemClass":3,"sparkline":{"data":[0,-18.24,-24.90,2.24,2.58,3.54,15.26],"totalChange":15.26},"lowConfidenceSparkline":{"data":[0,-18.24,-24.90,2.24,2.58,3.54,15.26],"totalChange":15.26},"implicitModifiers":[],"explicitModifiers":[{"text":"Area has increased monster variety","optional":false},{"text":"Players are Cursed with Flammability","optional":false},{"text":"Players are Cursed with Frostbite","optional":false},{"text":"Area is inhabited by Lunaris fanatics","optional":false},{"text":"Area is inhabited by Solaris fanatics","optional":false}],"flavourText":"In the shadow of war,\nall are eclipsed.","chaosValue":259.82,"exaltedValue":12.01,"divineValue":1.00,"count":6,"detailsId":"the-twilight-temple-t7","tradeInfo":[],"listingCount":34},{"id":93328,"name":"Replica Cortex","icon":"https://web.poecdn.com/gen/image/WzI4LDE0LHsiZiI6IjJESXRlbXMvTWFwcy9TeW50aGVzaXNCb3NzR3VhcmRpYW5NYXAiLCJ3IjoxLCJoIjoxLCJzY2FsZSI6MX1d/542f2635c7/SynthesisBossGuardianMap.png","mapTier":10,"baseType":"Synthesised Map","itemClass":3,"sparkline":{"data":[0,-4.31,-1.77,-1.76,-0.92,0.50,1.87],"totalChange":1.87},"lowConfidenceSparkline":{"data":[0,-4.31,-1.77,-1.76,-0.92,0.50,1.87],"totalChange":1.87},"implicitModifiers":[],"explicitModifiers":[],"flavourText":"\"Did nobody think to report that we had acquired some sort of free-floating\nMemory? Cease testing and lock this away immediately!\" \n- Administrator Qotra","chaosValue":259.82,"exaltedValue":12.01,"divineValue":1.00,"count":11,"detailsId":"replica-cortex-t10","tradeInfo":[],"listingCount":133},{"id":20593,"name":"The Coward's Trial","icon":"https://web.poecdn.com/gen/image/WzI4LDE0LHsiZiI6IjJESXRlbXMvTWFwcy9VbmRlYWRTaWVnZSIsInciOjEsImgiOjEsInNjYWxlIjoxfV0/53f1dbdcb4/UndeadSiege.png","mapTier":10,"baseType":"Cursed Crypt Map","itemClass":3,"sparkline":{"data":[0,0,58.63,75.29,76.36,78.02,79.91],"totalChange":79.91},"lowConfidenceSparkline":{"data":[0,0,58.63,75.29,76.36,78.02,79.91],"totalChange":79.91},"implicitModifiers":[],"explicitModifiers":[{"text":"Contains waves of Monsters","optional":false},{"text":"Contains additional waves of Undead Monsters","optional":false},{"text":"Area contains additional waves of Ghosts","optional":true},{"text":"Area contains additional waves of Oriathan Zombies","optional":true},{"text":"Area contains additional waves of Phantasms","optional":true},{"text":"Area contains additional waves of Raging Spirits","optional":true},{"text":"Area contains additional waves of Bone Rhoas","optional":true},{"text":"Area contains additional waves of Ravager Maws","optional":true},{"text":"Area contains additional waves of Zombies","optional":true}],"flavourText":"For his sins he was hunted in his sleep,\njudgement wrought of twisted nightmare.\nThe Coward bound his dreams to stone, awaiting\nanother to walk the path of true atonement.","chaosValue":179.91,"exaltedValue":8.31,"divineValue":0.69,"count":6,"detailsId":"the-cowards-trial-t10","tradeInfo":[],"listingCount":37},{"id":42559,"name":"Infused Beachhead","icon":"https://web.poecdn.com/gen/image/WzI4LDE0LHsiZiI6IjJESXRlbXMvTWFwcy9IYXJiaW5nZXJVYmVyIiwidyI6MSwiaCI6MSwic2NhbGUiOjF9XQ/91398360e4/HarbingerUber.png","mapTier":16,"baseType":"Harbinger Map","itemClass":3,"sparkline":{"data":[0,0,-1.33,0,0,-0.67,0],"totalChange":0},"lowConfidenceSparkline":{"data":[0,0,-1.33,0,0,-0.67,0],"totalChange":0},"implicitModifiers":[],"explicitModifiers":[],"flavourText":"<<HBGAa>><<HBG01>><<HBGAf>><<HBG02>><<HBGAm>><<HBG03>><<HBGAo>>\n<<HBG02>><<HBGAt>><<HBG03>><<HBGAy>>","chaosValue":150.00,"exaltedValue":6.93,"divineValue":0.58,"count":43,"detailsId":"infused-beachhead-t16","tradeInfo":[],"listingCount":369},{"id":25447,"name":"The Coward's Trial","icon":"https://web.poecdn.com/gen/image/WzI4LDE0LHsiZiI6IjJESXRlbXMvTWFwcy9VbmRlYWRTaWVnZSIsInciOjEsImgiOjEsInNjYWxlIjoxfV0/53f1dbdcb4/UndeadSiege.png","mapTier":14,"baseType":"Cursed Crypt Map","itemClass":3,"sparkline":{"data":[0,0,0,0,24,23.5,22.5],"totalChange":22.5},"lowConfidenceSparkline":{"data":[0,0,0,0,24,23.5,22.5],"totalChange":22.5},"implicitModifiers":[],"explicitModifiers":[{"text":"Contains waves of Monsters","optional":false},{"text":"Contains additional waves of Undead Monsters","optional":false},{"text":"Area contains additional waves of Ghosts","optional":true},{"text":"Area contains additional waves of Oriathan Zombies","optional":true},{"text":"Area contains additional waves of Phantasms","optional":true},{"text":"Area contains additional waves of Raging Spirits","optional":true},{"text":"Area contains additional waves of Bone Rhoas","optional":true},{"text":"Area contains additional waves of Ravager Maws","optional":true},{"text":"Area contains additional waves of Zombies","optional":true}],"flavourText":"For his sins he was hunted in his sleep,\njudgement wrought of twisted nightmare.\nThe Coward bound his dreams to stone, awaiting\nanother to walk the path of true atonement.","chaosValue":122.50,"exaltedValue":5.66,"divineValue":0.47,"count":19,"detailsId":"the-cowards-trial-t14","tradeInfo":[],"listingCount":322},{"id":71219,"name":"The Coward's Trial","icon":"https://web.poecdn.com/gen/image/WzI4LDE0LHsiZiI6IjJESXRlbXMvTWFwcy9VbmRlYWRTaWVnZSIsInciOjEsImgiOjEsInNjYWxlIjoxfV0/53f1dbdcb4/UndeadSiege.png","mapTier":7,"baseType":"Cursed Crypt Map","itemClass":3,"sparkline":{"data":[0,0,0,0,2,18,4],"totalChange":4},"lowConfidenceSparkline":{"data":[0,0,0,0,2,18,4],"totalChange":4},"implicitModifiers":[],"explicitModifiers":[{"text":"Contains waves of Monsters","optional":false},{"text":"Contains additional waves of Undead Monsters","optional":false},{"text":"Area contains additional waves of Ghosts","optional":true},{"text":"Area contains additional waves of Oriathan Zombies","optional":true},{"text":"Area contains additional waves of Phantasms","optional":true},{"text":"Area contains additional waves of Raging Spirits","optional":true},{"text":"Area contains additional waves of Bone Rhoas","optional":true},{"text":"Area contains additional waves of Ravager Maws","optional":true},{"text":"Area contains additional waves of Zombies","optional":true}],"flavourText":"For his sins he was hunted in his sleep,\njudgement wrought of twisted nightmare.\nThe Coward bound his dreams to stone, awaiting\nanother to walk the path of true atonement.","chaosValue":104.00,"exaltedValue":4.81,"divineValue":0.40,"count":54,"detailsId":"the-cowards-trial-t7","tradeInfo":[],"listingCount":649},{"id":25564,"name":"The Putrid Cloister","icon":"https://web.poecdn.com/gen/image/WzI4LDE0LHsiZiI6IjJESXRlbXMvTWFwcy9QdXRyaWRDbG9pc3RlciIsInciOjEsImgiOjEsInNjYWxlIjoxfV0/4113992f12/PutridCloister.png","mapTier":12,"baseType":"Museum Map","itemClass":3,"sparkline":{"data":[0,0,-0.2,0,-1,0,0],"totalChange":0},"lowConfidenceSparkline":{"data":[0,0,-0.2,0,-1,0,0],"totalChange":0},"implicitModifiers":[],"explicitModifiers":[{"text":"Players are Cursed with Vulnerability","optional":false},{"text":"Players are Cursed with Flammability","optional":false},{"text":"Players are Cursed with Frostbite","optional":false},{"text":"Players are Cursed with Conductivity","optional":false},{"text":"Players are Cursed with Despair","optional":false},{"text":"Unique Boss drops divination cards","optional":false}],"flavourText":"Please take out your blades,\nyour whips, and your spikes.\nClass is now in session.","chaosValue":100.00,"exaltedValue":4.62,"divineValue":0.38,"count":77,"detailsId":"the-putrid-cloister-t12","tradeInfo":[],"listingCount":711},{"id":44145,"name":"The Coward's Trial","icon":"https://web.poecdn.com/gen/image/WzI4LDE0LHsiZiI6IjJESXRlbXMvTWFwcy9VbmRlYWRTaWVnZSIsInciOjEsImgiOjEsInNjYWxlIjoxfV0/53f1dbdcb4/UndeadSiege.png","mapTier":16,"baseType":"Cursed Crypt Map","itemClass":3,"sparkline":{"data":[0,0,0,6.94,11.11,11.11,11.11],"totalChange":11.11},"lowConfidenceSparkline":{"data":[0,0,0,6.94,11.11,11.11,11.11],"totalChange":11.11},"implicitModifiers":[],"explicitModifiers":[{"text":"Contains waves of Monsters","optional":false},{"text":"Contains additional waves of Undead Monsters","optional":false},{"text":"Area contains additional waves of Ghosts","optional":true},{"text":"Area contains additional waves of Oriathan Zombies","optional":true},{"text":"Area contains additional waves of Phantasms","optional":true},{"text":"Area contains additional waves of Raging Spirits","optional":true},{"text":"Area contains additional waves of Bone Rhoas","optional":true},{"text":"Area contains additional waves of Ravager Maws","optional":true},{"text":"Area contains additional waves of Zombies","optional":true}],"flavourText":"For his sins he was hunted in his sleep,\njudgement wrought of twisted nightmare.\nThe Coward bound his dreams to stone, awaiting\nanother to walk the path of true atonement.","chaosValue":100.00,"exaltedValue":4.62,"divineValue":0.38,"count":67,"detailsId":"the-cowards-trial-t16","tradeInfo":[],"listingCount":1182},{"id":103454,"name":"The Twilight Temple","icon":"https://web.poecdn.com/gen/image/WzI4LDE0LHsiZiI6IjJESXRlbXMvTWFwcy9DZWxlc3RpYWwiLCJ3IjoxLCJoIjoxLCJzY2FsZSI6MX1d/2b43e37784/Celestial.png","mapTier":4,"baseType":"Moon Temple Map","itemClass":3,"sparkline":{"data":[0,0,25,25,25,25,25],"totalChange":25},"lowConfidenceSparkline":{"data":[0,0,25,25,25,25,25],"totalChange":25},"implicitModifiers":[],"explicitModifiers":[{"text":"Area has increased monster variety","optional":false},{"text":"Players are Cursed with Flammability","optional":false},{"text":"Players are Cursed with Frostbite","optional":false},{"text":"Area is inhabited by Lunaris fanatics","optional":false},{"text":"Area is inhabited by Solaris fanatics","optional":false}],"flavourText":"In the shadow of war,\nall are eclipsed.","chaosValue":100.00,"exaltedValue":4.62,"divineValue":0.38,"count":51,"detailsId":"the-twilight-temple-t4","tradeInfo":[],"listingCount":681},{"id":93857,"name":"The Putrid Cloister","icon":"https://web.poecdn.com/gen/image/WzI4LDE0LHsiZiI6IjJESXRlbXMvTWFwcy9QdXRyaWRDbG9pc3RlciIsInciOjEsImgiOjEsInNjYWxlIjoxfV0/4113992f12/PutridCloister.png","mapTier":16,"baseType":"Museum Map","itemClass":3,"sparkline":{"data":[0,-0.51,-4.04,-4.04,-4.80,-4.04,-11.11],"totalChange":-11.11},"lowConfidenceSparkline":{"data":[0,-0.51,-4.04,-4.04,-4.80,-4.04,-11.11],"totalChange":-11.11},"implicitModifiers":[],"explicitModifiers":[{"text":"Players are Cursed with Vulnerability","optional":false},{"text":"Players are Cursed with Flammability","optional":false},{"text":"Players are Cursed with Frostbite","optional":false},{"text":"Players are Cursed with Conductivity","optional":false},{"text":"Players are Cursed with Despair","optional":false},{"text":"Unique Boss drops divination cards","optional":false}],"flavourText":"Please take out your blades,\nyour whips, and your spikes.\nClass is now in session.","chaosValue":88.00,"exaltedValue":4.07,"divineValue":0.34,"count":134,"detailsId":"the-putrid-cloister-t16","tradeInfo":[],"listingCount":1153},{"id":44468,"name":"The Twilight Temple","icon":"https://web.poecdn.com/gen/image/WzI4LDE0LHsiZiI6IjJESXRlbXMvTWFwcy9DZWxlc3RpYWwiLCJ3IjoxLCJoIjoxLCJzY2FsZSI6MX1d/2b43e37784/Celestial.png","mapTier":11,"baseType":"Moon Temple Map","itemClass":3,"sparkline":{"data":[0,0,-1.88,-9.38,13.75,12.5,9.38],"totalChange":9.38},"lowConfidenceSparkline":{"data":[0,0,-1.88,-9.38,13.75,12.5,9.38],"totalChange":9.38},"implicitModifiers":[],"explicitModifiers":[{"text":"Area has increased monster variety","optional":false},{"text":"Players are Cursed with Flammability","optional":false},{"text":"Players are Cursed with Frostbite","optional":false},{"text":"Area is inhabited by Lunaris fanatics","optional":false},{"text":"Area is inhabited by Solaris fanatics","optional":false}],"flavourText":"In the shadow of war,\nall are eclipsed.","chaosValue":87.50,"exaltedValue":4.04,"divineValue":0.34,"count":10,"detailsId":"the-twilight-temple-t11","tradeInfo":[],"listingCount":223},{"id":2245,"name":"The Beachhead","icon":"https://web.poecdn.com/gen/image/WzI4LDE0LHsiZiI6IjJESXRlbXMvTWFwcy9IYXJiaW5nZXJSZWQiLCJ3IjoxLCJoIjoxLCJzY2FsZSI6MX1d/1321ebcec0/HarbingerRed.png","mapTier":15,"baseType":"Harbinger Map","itemClass":3,"sparkline":{"data":[0,3.75,2.80,16.53,30.60,32.15,33.18],"totalChange":33.18},"lowConfidenceSparkline":{"data":[0,3.75,2.80,16.53,30.60,32.15,33.18],"totalChange":33.18},"implicitModifiers":[],"explicitModifiers":[],"flavourText":"<<HBGAa>><<HBG01>><<HBGAf>><<HBG02>><<HBGAm>><<HBG03>><<HBGAo>>\n<<HBG02>><<HBGAt>><<HBG03>><<HBGAy>>","chaosValue":80.00,"exaltedValue":3.70,"divineValue":0.31,"count":331,"detailsId":"the-beachhead-t15","tradeInfo":[],"listingCount":2315},{"id":93655,"name":"The Twilight Temple","icon":"https://web.poecdn.com/gen/image/WzI4LDE0LHsiZiI6IjJESXRlbXMvTWFwcy9DZWxlc3RpYWwiLCJ3IjoxLCJoIjoxLCJzY2FsZSI6MX1d/2b43e37784/Celestial.png","mapTier":16,"baseType":"Moon Temple Map","itemClass":3,"sparkline":{"data":[0,5.88,44.12,39.22,31.76,30.98,25.88],"totalChange":25.88},"lowConfidenceSparkline":{"data":[0,5.88,44.12,39.22,31.76,30.98,25.88],"totalChange":25.88},"implicitModifiers":[],"explicitModifiers":[{"text":"Area has increased monster variety","optional":false},{"text":"Players are Cursed with Flammability","optional":false},{"text":"Players are Cursed with Frostbite","optional":false},{"text":"Area is inhabited by Lunaris fanatics","optional":false},{"text":"Area is inhabited by Solaris fanatics","optional":false}],"flavourText":"In the shadow of war,\nall are eclipsed.","chaosValue":64.20,"exaltedValue":2.97,"divineValue":0.25,"count":68,"detailsId":"the-twilight-temple-t16","tradeInfo":[],"listingCount":921},{"id":104133,"name":"The Twilight Temple","icon":"https://web.poecdn.com/gen/image/WzI4LDE0LHsiZiI6IjJESXRlbXMvTWFwcy9DZWxlc3RpYWwiLCJ3IjoxLCJoIjoxLCJzY2FsZSI6MX1d/2b43e37784/Celestial.png","mapTier":15,"baseType":"Moon Temple Map","itemClass":3,"sparkline":{"data":[0,0,0,-6,-36.9,-36.9,-43.8],"totalChange":-43.8},"lowConfidenceSparkline":{"data":[0,0,0,-6,-36.9,-36.9,-43.8],"totalChange":-43.8},"implicitModifiers":[],"explicitModifiers":[{"text":"Area has increased monster variety","optional":false},{"text":"Players are Cursed with Flammability","optional":false},{"text":"Players are Cursed with Frostbite","optional":false},{"text":"Area is inhabited by Lunaris fanatics","optional":false},{"text":"Area is inhabited by Solaris fanatics","optional":false}],"flavourText":"In the shadow of war,\nall are eclipsed.","chaosValue":56.20,"exaltedValue":2.60,"divineValue":0.22,"count":9,"detailsId":"the-twilight-temple-t15","tradeInfo":[],"listingCount":147},{"id":2247,"name":"The Beachhead","icon":"https://web.poecdn.com/gen/image/WzI4LDE0LHsiZiI6IjJESXRlbXMvTWFwcy9IYXJiaW5nZXJXaGl0ZSIsInciOjEsImgiOjEsInNjYWxlIjoxfV0/4a6302065c/HarbingerWhite.png","mapTier":5,"baseType":"Harbinger Map","itemClass":3,"sparkline":{"data":[],"totalChange":0},"lowConfidenceSparkline":{"data":[0,0.11,0.37,0.78,-16.93,-16.93,-48.08],"totalChange":-48.08},"implicitModifiers":[],"explicitModifiers":[],"flavourText":"<<HBGAa>><<HBG01>><<HBGAf>><<HBG02>><<HBGAm>><<HBG03>><<HBGAo>>\n<<HBG02>><<HBGAt>><<HBG03>><<HBGAy>>","chaosValue":50.00,"exaltedValue":2.31,"divineValue":0.19,"count":4,"detailsId":"the-beachhead-t5","tradeInfo":[],"listingCount":79},{"id":20779,"name":"The Vinktar Square","icon":"https://web.poecdn.com/gen/image/WzI4LDE0LHsiZiI6IjJESXRlbXMvTWFwcy9UaGVWaW5rdGFyU3F1YXJlIiwidyI6MSwiaCI6MSwic2NhbGUiOjF9XQ/d26b82ca56/TheVinktarSquare.png","mapTier":8,"baseType":"Courtyard Map","itemClass":3,"sparkline":{"data":[0,-9.52,-10.71,-10.71,-11.90,42.86,42.86],"totalChange":42.86},"lowConfidenceSparkline":{"data":[0,-9.52,-10.71,-10.71,-11.90,42.86,42.86],"totalChange":42.86},"implicitModifiers":[],"explicitModifiers":[{"text":"20% more Monster Life","optional":false},{"text":"Monsters are Unaffected by Shock","optional":false},{"text":"20% increased Monster Damage","optional":false},{"text":"+35% Monster Lightning Resistance","optional":false},{"text":"Monsters deal 35% extra Physical Damage as Lightning","optional":false}],"flavourText":"To the east, \nit cannot be seen.\nTo the west, \nit cannot be touched.\nTo the south, \nit cannot be remembered.\nAnd to the north, \nit cannot be contained.","chaosValue":48.00,"exaltedValue":2.22,"divineValue":0.18,"count":5,"detailsId":"the-vinktar-square-t8","tradeInfo":[],"listingCount":51},{"id":67795,"name":"The Vinktar Square","icon":"https://web.poecdn.com/gen/image/WzI4LDE0LHsiZiI6IjJESXRlbXMvTWFwcy9UaGVWaW5rdGFyU3F1YXJlIiwidyI6MSwiaCI6MSwic2NhbGUiOjF9XQ/d26b82ca56/TheVinktarSquare.png","mapTier":16,"baseType":"Courtyard Map","itemClass":3,"sparkline":{"data":[0,0.80,0.80,25.67,25.67,28.34,20.32],"totalChange":20.32},"lowConfidenceSparkline":{"data":[0,0.80,0.80,25.67,25.67,28.34,20.32],"totalChange":20.32},"implicitModifiers":[],"explicitModifiers":[{"text":"20% more Monster Life","optional":false},{"text":"Monsters are Unaffected by Shock","optional":false},{"text":"20% increased Monster Damage","optional":false},{"text":"+35% Monster Lightning Resistance","optional":false},{"text":"Monsters deal 35% extra Physical Damage as Lightning","optional":false}],"flavourText":"To the east, \nit cannot be seen.\nTo the west, \nit cannot be touched.\nTo the south, \nit cannot be remembered.\nAnd to the north, \nit cannot be contained.","chaosValue":45.00,"exaltedValue":2.08,"divineValue":0.17,"count":7,"detailsId":"the-vinktar-square-t16","tradeInfo":[],"listingCount":74},{"id":93576,"name":"The Vinktar Square","icon":"https://web.poecdn.com/gen/image/WzI4LDE0LHsiZiI6IjJESXRlbXMvTWFwcy9UaGVWaW5rdGFyU3F1YXJlIiwidyI6MSwiaCI6MSwic2NhbGUiOjF9XQ/d26b82ca56/TheVinktarSquare.png","mapTier":12,"baseType":"Courtyard Map","itemClass":3,"sparkline":{"data":[0,-0.83,19.00,8.19,8.19,11.79,44.25],"totalChange":44.25},"lowConfidenceSparkline":{"data":[0,-0.83,19.00,8.19,8.19,11.79,44.25],"totalChange":44.25},"implicitModifiers":[],"explicitModifiers":[{"text":"20% more Monster Life","optional":false},{"text":"Monsters are Unaffected by Shock","optional":false},{"text":"20% increased Monster Damage","optional":false},{"text":"+35% Monster Lightning Resistance","optional":false},{"text":"Monsters deal 35% extra Physical Damage as Lightning","optional":false}],"flavourText":"To the east, \nit cannot be seen.\nTo the west, \nit cannot be touched.\nTo the south, \nit cannot be remembered.\nAnd to the north, \nit cannot be contained.","chaosValue":40.00,"exaltedValue":1.85,"divineValue":0.15,"count":14,"detailsId":"the-vinktar-square-t12","tradeInfo":[],"listingCount":157},{"id":20843,"name":"The Vinktar Square","icon":"https://web.poecdn.com/gen/image/WzI4LDE0LHsiZiI6IjJESXRlbXMvTWFwcy9UaGVWaW5rdGFyU3F1YXJlIiwidyI6MSwiaCI6MSwic2NhbGUiOjF9XQ/d26b82ca56/TheVinktarSquare.png","mapTier":5,"baseType":"Courtyard Map","itemClass":3,"sparkline":{"data":[0,-1.34,0.67,0.67,0.34,-2.01,-2.35],"totalChange":-2.35},"lowConfidenceSparkline":{"data":[0,-1.34,0.67,0.67,0.34,-2.01,-2.35],"totalChange":-2.35},"implicitModifiers":[],"explicitModifiers":[{"text":"20% more Monster Life","optional":false},{"text":"Monsters are Unaffected by Shock","optional":false},{"text":"20% increased Monster Damage","optional":false},{"text":"+35% Monster Lightning Resistance","optional":false},{"text":"Monsters deal 35% extra Physical Damage as Lightning","optional":false}],"flavourText":"To the east, \nit cannot be seen.\nTo the west, \nit cannot be touched.\nTo the south, \nit cannot be remembered.\nAnd to the north, \nit cannot be contained.","chaosValue":29.10,"exaltedValue":1.34,"divineValue":0.11,"count":14,"detailsId":"the-vinktar-square-t5","tradeInfo":[],"listingCount":102},{"id":42523,"name":"Augmented Distant Memory","icon":"https://web.poecdn.com/gen/image/WzI4LDE0LHsiZiI6IjJESXRlbXMvTWFwcy9TeW50aGVzaXNGaXJlR3VhcmRpYW5NYXAiLCJ3IjoxLCJoIjoxLCJzY2FsZSI6MX1d/924cb164d0/SynthesisFireGuardianMap.png","mapTier":10,"baseType":"Synthesised Map","itemClass":3,"sparkline":{"data":[0,0,0,0,0,0,0],"totalChange":0},"lowConfidenceSparkline":{"data":[0,0,0,0,0,0,0],"totalChange":0},"implicitModifiers":[],"explicitModifiers":[],"flavourText":"What had seemed sacred and infallible\nso quickly became flawed out of necessity.\nCreated from compromises. Vulnerable to mortal whims.","chaosValue":25.00,"exaltedValue":1.16,"divineValue":0.10,"count":242,"detailsId":"augmented-distant-memory-t10","tradeInfo":[],"listingCount":3341},{"id":44376,"name":"Altered Distant Memory","icon":"https://web.poecdn.com/gen/image/WzI4LDE0LHsiZiI6IjJESXRlbXMvTWFwcy9TeW50aGVzaXNDb2xkR3VhcmRpYW5NYXAiLCJ3IjoxLCJoIjoxLCJzY2FsZSI6MX1d/5800fc91db/SynthesisColdGuardianMap.png","mapTier":10,"baseType":"Synthesised Map","itemClass":3,"sparkline":{"data":[0,-1.38,-11.72,-13.79,-13.79,-13.79,-13.79],"totalChange":-13.79},"lowConfidenceSparkline":{"data":[0,-1.38,-11.72,-13.79,-13.79,-13.79,-13.79],"totalChange":-13.79},"implicitModifiers":[],"explicitModifiers":[],"flavourText":"The winters of my youth were cold and harsh.\nWe had nothing, yet to my mother's credit, I wanted for so little.","chaosValue":25.00,"exaltedValue":1.16,"divineValue":0.10,"count":213,"detailsId":"altered-distant-memory-t10","tradeInfo":[],"listingCount":3360},{"id":44717,"name":"Twisted Distant Memory","icon":"https://web.poecdn.com/gen/image/WzI4LDE0LHsiZiI6IjJESXRlbXMvTWFwcy9TeW50aGVzaXNMaWdodG5pbmdHdWFyZGlhbk1hcCIsInciOjEsImgiOjEsInNjYWxlIjoxfV0/30f4dc76de/SynthesisLightningGuardianMap.png","mapTier":10,"baseType":"Synthesised Map","itemClass":3,"sparkline":{"data":[0,-2.76,-6.21,-13.79,-13.79,-13.79,-13.79],"totalChange":-13.79},"lowConfidenceSparkline":{"data":[0,-2.76,-6.21,-13.79,-13.79,-13.79,-13.79],"totalChange":-13.79},"implicitModifiers":[],"explicitModifiers":[],"flavourText":"Without our strict rule, man's destructive side would take hold.\nOur beautiful public spaces, our services for the ill and the needy,\nall of it would crumble.","chaosValue":25.00,"exaltedValue":1.16,"divineValue":0.10,"count":249,"detailsId":"twisted-distant-memory-t10","tradeInfo":[],"listingCount":3473},{"id":93074,"name":"Rewritten Distant Memory","icon":"https://web.poecdn.com/gen/image/WzI4LDE0LHsiZiI6IjJESXRlbXMvTWFwcy9TeW50aGVzaXNHb2xlbUd1YXJkaWFuTWFwIiwidyI6MSwiaCI6MSwic2NhbGUiOjF9XQ/f4fd693221/SynthesisGolemGuardianMap.png","mapTier":10,"baseType":"Synthesised Map","itemClass":3,"sparkline":{"data":[0,-2.66,-3.45,-13.79,-13.79,-13.79,-13.79],"totalChange":-13.79},"lowConfidenceSparkline":{"data":[0,-2.66,-3.45,-13.79,-13.79,-13.79,-13.79],"totalChange":-13.79},"implicitModifiers":[],"explicitModifiers":[],"flavourText":"It was in my oath that I found peace.\nIn echoing marble halls I found my voice.\nBefore the congregation I found purpose.","chaosValue":25.00,"exaltedValue":1.16,"divineValue":0.10,"count":214,"detailsId":"rewritten-distant-memory-t10","tradeInfo":[],"listingCount":3325},{"id":25432,"name":"Poorjoy's Asylum","icon":"https://web.poecdn.com/gen/image/WzI4LDE0LHsiZiI6IjJESXRlbXMvTWFwcy9Qb29yam95c0FzeWx1bSIsInciOjEsImgiOjEsInNjYWxlIjoxfV0/d7e9aba922/PoorjoysAsylum.png","mapTier":14,"baseType":"Temple Map","itemClass":3,"sparkline":{"data":[0,-3.06,1.53,2.04,2.04,1.53,2.04],"totalChange":2.04},"lowConfidenceSparkline":{"data":[0,-3.06,1.53,2.04,2.04,1.53,2.04],"totalChange":2.04},"implicitModifiers":[],"explicitModifiers":[{"text":"150% increased Experience gain","optional":false},{"text":"(140-160)% more Monster Life","optional":false},{"text":"(140-160)% increased Monster Damage","optional":false},{"text":"25% increased Monster Movement Speed","optional":false},{"text":"25% increased Monster Attack Speed","optional":false},{"text":"25% increased Monster Cast Speed","optional":false},{"text":"Area is a large Maze","optional":false},{"text":"Unique Boss drops (10-15) additional Rare Claws","optional":true},{"text":"Unique Boss drops (10-15) additional Rare Shields","optional":true},{"text":"Unique Boss drops (10-15) additional Rare Daggers","optional":true},{"text":"Unique Boss drops (10-15) additional Rare Sceptres","optional":true},{"text":"Unique Boss drops (10-15) additional Rare Quivers","optional":true},{"text":"Unique Boss drops (10-15) additional Rare Two Hand Maces","optional":true},{"text":"Unique Boss drops (10-15) additional Rare One Hand Swords","optional":true},{"text":"Unique Boss drops (10-15) additional Rare Bows","optional":true},{"text":"Unique Boss drops (10-15) additional Rare Body Armours","optional":true},{"text":"Unique Boss drops (10-15) additional Rare Two Hand Swords","optional":true},{"text":"Unique Boss drops (10-15) additional Rare Gloves","optional":true},{"text":"Unique Boss drops (10-15) additional Rare One Hand Maces","optional":true},{"text":"Unique Boss drops (10-15) additional Rare Wands","optional":true},{"text":"Unique Boss drops (10-15) additional Rare One Hand Axes","optional":true},{"text":"Unique Boss drops (10-15) additional Rare Helmets","optional":true},{"text":"Unique Boss drops (10-15) additional Rare Amulets","optional":true},{"text":"Unique Boss drops (10-15) additional Rare Thrusting One Hand Swords","optional":true},{"text":"Unique Boss drops (3-15) additional Rare Warstaves","optional":true},{"text":"Unique Boss drops (10-15) additional Rare Two Hand Axes","optional":true},{"text":"Unique Boss drops (10-15) additional Rare Rune Daggers","optional":true},{"text":"Unique Boss drops (10-15) additional Rare Rings","optional":true},{"text":"Unique Boss drops (10-15) additional Rare Staves","optional":true},{"text":"Unique Boss drops (10-15) additional Rare Belts","optional":true},{"text":"Unique Boss drops (10-15) additional Rare Boots","optional":true}],"flavourText":"Laughs of all the twisted\nEcho through these halls of gold.\nIn this cold forgotten void\nThey wander, forever uncontrolled.","chaosValue":20.00,"exaltedValue":0.92,"divineValue":0.08,"count":72,"detailsId":"poorjoys-asylum-t14","tradeInfo":[],"listingCount":925},{"id":20548,"name":"Hall of Grandmasters","icon":"https://web.poecdn.com/gen/image/WzI4LDE0LHsiZiI6IjJESXRlbXMvTWFwcy9IYWxsT2ZHcmFuZG1hc3RlcnMiLCJ3IjoxLCJoIjoxLCJzY2FsZSI6MX1d/73778c0f28/HallOfGrandmasters.png","mapTier":9,"baseType":"Promenade Map","itemClass":3,"sparkline":{"data":[],"totalChange":0},"lowConfidenceSparkline":{"data":[0,0,0,0,0,43.41,43.41],"totalChange":43.41},"implicitModifiers":[],"explicitModifiers":[{"text":"Contains the Immortalised Grandmasters\nPvP damage scaling in effect","optional":false}],"flavourText":"The grandest and greatest ever to fight,\nDivine the champions stand tall.\nBut match their power, best their might,\nAnd even the immortal may fall.","chaosValue":18.50,"exaltedValue":0.85,"divineValue":0.07,"count":2,"detailsId":"hall-of-grandmasters-t9","tradeInfo":[],"listingCount":60},{"id":23224,"name":"Death and Taxes","icon":"https://web.poecdn.com/gen/image/WzI4LDE0LHsiZiI6IjJESXRlbXMvTWFwcy9EZWF0aGFuZFRheGVzIiwidyI6MSwiaCI6MSwic2NhbGUiOjF9XQ/0cc72adc19/DeathandTaxes.png","mapTier":15,"baseType":"Necropolis Map","itemClass":3,"sparkline":{"data":[0,-3.85,12.18,8.97,null,null,null],"totalChange":8.97},"lowConfidenceSparkline":{"data":[0,-3.85,12.18,8.97,5.77,5.77,5.77],"totalChange":5.77},"implicitModifiers":[],"explicitModifiers":[{"text":"Unique Boss deals (30-35)% increased Damage","optional":false},{"text":"Unique Boss has (25-30)% increased Attack and Cast Speed","optional":false},{"text":"Unique Boss gives 20000% increased Experience","optional":false},{"text":"Unique Boss drops (12-20) additional Currency Items","optional":false}],"flavourText":"So the raiders danced,\nleading their foe ever west,\ntowards certain death.","chaosValue":16.50,"exaltedValue":0.76,"divineValue":0.06,"count":4,"detailsId":"death-and-taxes-t15","tradeInfo":[],"listingCount":113},{"id":71225,"name":"Replica Pillars of Arun","icon":"https://web.poecdn.com/gen/image/WzI4LDE0LHsiZiI6IjJESXRlbXMvTWFwcy9QaWxsYXJzT2ZWYXN0aXJpIiwidyI6MSwiaCI6MSwic2NhbGUiOjF9XQ/f030aac473/PillarsOfVastiri.png","mapTier":2,"baseType":"Dunes Map","itemClass":3,"sparkline":{"data":[0,-54.90,-54.90,-68.63,-68.63,-68.63,null],"totalChange":-68.63},"lowConfidenceSparkline":{"data":[0,-54.90,-54.90,-68.63,-68.63,-68.63,-37.25],"totalChange":-37.25},"implicitModifiers":[],"explicitModifiers":[{"text":"(60-100)% increased Experience gain","optional":false},{"text":"Area contains unbridged gaps to cross","optional":false},{"text":"Monsters have 50% chance to Avoid Ailments","optional":false},{"text":"100% increased Monster Damage","optional":false},{"text":"(20-25)% increased Monster Movement Speed","optional":false},{"text":"(20-25)% increased Monster Attack Speed","optional":false},{"text":"(20-25)% increased Monster Cast Speed","optional":false},{"text":"Players have Level 20 Dash Skill","optional":true},{"text":"Players have 200% increased Cooldown Recovery Rate for Movement Skills","optional":false}],"flavourText":"\"Whatever these maps are, it is clear they are dangerous. Send in only\ntest subjects, no guards or researchers.\" \n- Administrator Qotra","chaosValue":16.00,"exaltedValue":0.74,"divineValue":0.06,"count":4,"detailsId":"replica-pillars-of-arun-t2","tradeInfo":[],"listingCount":103},{"id":20494,"name":"Mao Kun","icon":"https://web.poecdn.com/gen/image/WzI4LDE0LHsiZiI6IjJESXRlbXMvTWFwcy9GYWlyZ3JhdmVzTWFwMDEiLCJ3IjoxLCJoIjoxLCJzY2FsZSI6MX1d/e1c1de7d51/FairgravesMap01.png","mapTier":9,"baseType":"Shore Map","itemClass":3,"sparkline":{"data":[0,4.65,-6.98,-6.98,-6.98,16.28,51.16],"totalChange":51.16},"lowConfidenceSparkline":{"data":[0,4.65,-6.98,-6.98,-6.98,16.28,51.16],"totalChange":51.16},"implicitModifiers":[],"explicitModifiers":[{"text":"(60-100)% increased Experience gain","optional":false},{"text":"Monsters deal (175-190)% extra Physical Damage as Lightning","optional":false},{"text":"Monsters gain an Endurance Charge on Hit","optional":false},{"text":"Monsters gain a Power Charge on Hit","optional":false}],"flavourText":"The Treasures of the Tides wait\nin agony at the End of the World.","chaosValue":13.00,"exaltedValue":0.60,"divineValue":0.05,"count":7,"detailsId":"mao-kun-t9","tradeInfo":[],"listingCount":130},{"id":93215,"name":"Poorjoy's Asylum","icon":"https://web.poecdn.com/gen/image/WzI4LDE0LHsiZiI6IjJESXRlbXMvTWFwcy9Qb29yam95c0FzeWx1bSIsInciOjEsImgiOjEsInNjYWxlIjoxfV0/d7e9aba922/PoorjoysAsylum.png","mapTier":16,"baseType":"Temple Map","itemClass":3,"sparkline":{"data":[0,0,3.43,0,-7.14,-14.29,-21.43],"totalChange":-21.43},"lowConfidenceSparkline":{"data":[0,0,3.43,0,-7.14,-14.29,-21.43],"totalChange":-21.43},"implicitModifiers":[],"explicitModifiers":[{"text":"150% increased Experience gain","optional":false},{"text":"(140-160)% more Monster Life","optional":false},{"text":"(140-160)% increased Monster Damage","optional":false},{"text":"25% increased Monster Movement Speed","optional":false},{"text":"25% increased Monster Attack Speed","optional":false},{"text":"25% increased Monster Cast Speed","optional":false},{"text":"Area is a large Maze","optional":false},{"text":"Unique Boss drops (10-15) additional Rare Boots","optional":true},{"text":"Unique Boss drops (10-15) additional Rare Staves","optional":true},{"text":"Unique Boss drops (10-15) additional Rare Sceptres","optional":true},{"text":"Unique Boss drops (10-15) additional Rare Shields","optional":true},{"text":"Unique Boss drops (10-15) additional Rare Thrusting One Hand Swords","optional":true},{"text":"Unique Boss drops (10-15) additional Rare Two Hand Axes","optional":true},{"text":"Unique Boss drops (3-15) additional Rare Two Hand Maces","optional":true},{"text":"Unique Boss drops (10-15) additional Rare Warstaves","optional":true},{"text":"Unique Boss drops (10-15) additional Rare Helmets","optional":true},{"text":"Unique Boss drops (10-15) additional Rare Two Hand Swords","optional":true},{"text":"Unique Boss drops (10-15) additional Rare Bows","optional":true},{"text":"Unique Boss drops (10-15) additional Rare Body Armours","optional":true},{"text":"Unique Boss drops (10-15) additional Rare Claws","optional":true},{"text":"Unique Boss drops (3-15) additional Rare Quivers","optional":true},{"text":"Unique Boss drops (10-15) additional Rare Belts","optional":true},{"text":"Unique Boss drops (10-15) additional Rare Daggers","optional":true},{"text":"Unique Boss drops (10-15) additional Rare Wands","optional":true},{"text":"Unique Boss drops (10-15) additional Rare One Hand Axes","optional":true},{"text":"Unique Boss drops (10-15) additional Rare One Hand Swords","optional":true},{"text":"Unique Boss drops (10-15) additional Rare One Hand Maces","optional":true},{"text":"Unique Boss drops (10-15) additional Rare Amulets","optional":true},{"text":"Unique Boss drops (10-15) additional Rare Gloves","optional":true},{"text":"Unique Boss drops (10-15) additional Rare Rings","optional":true},{"text":"Unique Boss drops (10-15) additional Rare Rune Daggers","optional":true}],"flavourText":"Laughs of all the twisted\nEcho through these halls of gold.\nIn this cold forgotten void\nThey wander, forever uncontrolled.","chaosValue":11.00,"exaltedValue":0.51,"divineValue":0.04,"count":207,"detailsId":"poorjoys-asylum-t16","tradeInfo":[],"listingCount":3191},{"id":20550,"name":"Death and Taxes","icon":"https://web.poecdn.com/gen/image/WzI4LDE0LHsiZiI6IjJESXRlbXMvTWFwcy9EZWF0aGFuZFRheGVzIiwidyI6MSwiaCI6MSwic2NhbGUiOjF9XQ/0cc72adc19/DeathandTaxes.png","mapTier":12,"baseType":"Necropolis Map","itemClass":3,"sparkline":{"data":[0,0,-12.5,-12.5,0,25,20],"totalChange":20},"lowConfidenceSparkline":{"data":[0,0,-12.5,-12.5,0,25,20],"totalChange":20},"implicitModifiers":[],"explicitModifiers":[{"text":"Unique Boss deals (30-35)% increased Damage","optional":false},{"text":"Unique Boss has (25-30)% increased Attack and Cast Speed","optional":false},{"text":"Unique Boss gives 20000% increased Experience","optional":false},{"text":"Unique Boss drops (12-20) additional Currency Items","optional":true}],"flavourText":"So the raiders danced,\nleading their foe ever west,\ntowards certain death.","chaosValue":9.60,"exaltedValue":0.44,"divineValue":0.04,"count":42,"detailsId":"death-and-taxes-t12","tradeInfo":[],"listingCount":548},{"id":93486,"name":"Caer Blaidd, Wolfpack's Den","icon":"https://web.poecdn.com/gen/image/WzI4LDE0LHsiZiI6IjJESXRlbXMvTWFwcy9Xb2xmTWFwIiwidyI6MSwiaCI6MSwic2NhbGUiOjF9XQ/db94bff258/WolfMap.png","mapTier":15,"baseType":"Underground River Map","itemClass":3,"sparkline":{"data":[0,0,-30,-45,0,0,-34],"totalChange":-34},"lowConfidenceSparkline":{"data":[0,0,-30,-45,0,0,-34],"totalChange":-34},"implicitModifiers":[],"explicitModifiers":[{"text":"Unique Boss drops 4 additional Maps","optional":false},{"text":"(20-50)% more Magic Monsters","optional":false},{"text":"(20-50)% increased number of Rare Monsters","optional":false},{"text":"25% more Monster Life","optional":false},{"text":"30% increased Monster Damage","optional":false}],"flavourText":"Howls and laughter\nThey hide in the day\nThey smell you, they watch you\nThey track their new prey","chaosValue":6.60,"exaltedValue":0.30,"divineValue":0.03,"count":43,"detailsId":"caer-blaidd-wolfpacks-den-t15","tradeInfo":[],"listingCount":509},{"id":70854,"name":"Oba's Cursed Trove","icon":"https://web.poecdn.com/gen/image/WzI4LDE0LHsiZiI6IjJESXRlbXMvTWFwcy9vYmEiLCJ3IjoxLCJoIjoxLCJzY2FsZSI6MX1d/c94e09c1a8/oba.png","mapTier":13,"baseType":"Underground Sea Map","itemClass":3,"sparkline":{"data":[0,0,0,null,null,null,null],"totalChange":0},"lowConfidenceSparkline":{"data":[0,0,0,0,4,22,22],"totalChange":22},"implicitModifiers":[],"explicitModifiers":[{"text":"Area has patches of desecrated ground","optional":false},{"text":"(40-50)% more Monster Life","optional":false},{"text":"(30-40)% increased Monster Damage","optional":false},{"text":"Area becomes fatal after some time","optional":false}],"flavourText":"\"Here the soil is more deadly than any swing of the axe.\"\n- Oba of the Karui, Conqueror of Corruption.","chaosValue":6.10,"exaltedValue":0.28,"divineValue":0.02,"count":2,"detailsId":"obas-cursed-trove-t13","tradeInfo":[],"listingCount":133},{"id":24685,"name":"Vaults of Atziri","icon":"https://web.poecdn.com/gen/image/WzI4LDE0LHsiZiI6IjJESXRlbXMvTWFwcy9VbmlxdWVNYXAxIiwidyI6MSwiaCI6MSwic2NhbGUiOjF9XQ/7612528d07/UniqueMap1.png","mapTier":7,"baseType":"Vaal Pyramid Map","itemClass":3,"sparkline":{"data":[0,0,0,0,0,17.5,25],"totalChange":25},"lowConfidenceSparkline":{"data":[0,0,0,0,0,17.5,25],"totalChange":25},"implicitModifiers":[],"explicitModifiers":[{"text":"Chests have (2501-3495)% increased Item Rarity","optional":false},{"text":"Area contains no monsters","optional":false},{"text":"Found Items have (20-40)% chance to drop Corrupted in Area","optional":false}],"flavourText":"\"Should I depart this mortal coil,\nso shall all of my treasures.\"\n- Atziri, Queen of the Vaal","chaosValue":5.00,"exaltedValue":0.23,"divineValue":0.02,"count":6,"detailsId":"vaults-of-atziri-t7","tradeInfo":[],"listingCount":186},{"id":25487,"name":"Mao Kun","icon":"https://web.poecdn.com/gen/image/WzI4LDE0LHsiZiI6IjJESXRlbXMvTWFwcy9GYWlyZ3JhdmVzTWFwMDEiLCJ3IjoxLCJoIjoxLCJzY2FsZSI6MX1d/e1c1de7d51/FairgravesMap01.png","mapTier":13,"baseType":"Shore Map","itemClass":3,"sparkline":{"data":[0,12,10,0,10,0,0],"totalChange":0},"lowConfidenceSparkline":{"data":[0,12,10,0,10,0,0],"totalChange":0},"implicitModifiers":[],"explicitModifiers":[{"text":"(60-100)% increased Experience gain","optional":false},{"text":"Monsters deal (175-190)% extra Physical Damage as Lightning","optional":false},{"text":"Monsters gain an Endurance Charge on Hit","optional":false},{"text":"Monsters gain a Power Charge on Hit","optional":false}],"flavourText":"The Treasures of the Tides wait\nin agony at the End of the World.","chaosValue":5.00,"exaltedValue":0.23,"divineValue":0.02,"count":33,"detailsId":"mao-kun-t13","tradeInfo":[],"listingCount":595},{"id":25616,"name":"Hallowed Ground","icon":"https://web.poecdn.com/gen/image/WzI4LDE0LHsiZiI6IjJESXRlbXMvTWFwcy9IYWxsb3dlZEdyb3VuZCIsInciOjEsImgiOjEsInNjYWxlIjoxfV0/0dfbdc7da9/HallowedGround.png","mapTier":11,"baseType":"Cemetery Map","itemClass":3,"sparkline":{"data":[0,0,0,0,0,0,0],"totalChange":0},"lowConfidenceSparkline":{"data":[0,0,0,0,0,0,0],"totalChange":0},"implicitModifiers":[],"explicitModifiers":[{"text":"Unique Boss drops 3 additional Maps","optional":false},{"text":"Unique Boss gives 2000% increased Experience","optional":false},{"text":"0.5 Flask Charges recovered every 3 seconds","optional":false},{"text":"+(-2-2) to Monster Level of Area","optional":true}],"flavourText":"Some dead have long envied the living.\nWhen given the chance, they take from us what they can.\nSo we offer our suffrage.\nIn return, they give only suffering.","chaosValue":5.00,"exaltedValue":0.23,"divineValue":0.02,"count":56,"detailsId":"hallowed-ground-t11","tradeInfo":[],"listingCount":903},{"id":25626,"name":"Caer Blaidd, Wolfpack's Den","icon":"https://web.poecdn.com/gen/image/WzI4LDE0LHsiZiI6IjJESXRlbXMvTWFwcy9Xb2xmTWFwIiwidyI6MSwiaCI6MSwic2NhbGUiOjF9XQ/db94bff258/WolfMap.png","mapTier":16,"baseType":"Underground River Map","itemClass":3,"sparkline":{"data":[0,0,0,0,0,8,0],"totalChange":0},"lowConfidenceSparkline":{"data":[0,0,0,0,0,8,0],"totalChange":0},"implicitModifiers":[],"explicitModifiers":[{"text":"Unique Boss drops 4 additional Maps","optional":false},{"text":"(20-50)% more Magic Monsters","optional":false},{"text":"(20-50)% increased number of Rare Monsters","optional":false},{"text":"25% more Monster Life","optional":false},{"text":"30% increased Monster Damage","optional":false}],"flavourText":"Howls and laughter\nThey hide in the day\nThey smell you, they watch you\nThey track their new prey","chaosValue":5.00,"exaltedValue":0.23,"divineValue":0.02,"count":132,"detailsId":"caer-blaidd-wolfpacks-den-t16","tradeInfo":[],"listingCount":2931},{"id":43639,"name":"Death and Taxes","icon":"https://web.poecdn.com/gen/image/WzI4LDE0LHsiZiI6IjJESXRlbXMvTWFwcy9EZWF0aGFuZFRheGVzIiwidyI6MSwiaCI6MSwic2NhbGUiOjF9XQ/0cc72adc19/DeathandTaxes.png","mapTier":16,"baseType":"Necropolis Map","itemClass":3,"sparkline":{"data":[0,0,0,0,4,10,0],"totalChange":0},"lowConfidenceSparkline":{"data":[0,0,0,0,4,10,0],"totalChange":0},"implicitModifiers":[],"explicitModifiers":[{"text":"Unique Boss deals (30-35)% increased Damage","optional":false},{"text":"Unique Boss has (25-30)% increased Attack and Cast Speed","optional":false},{"text":"Unique Boss gives 20000% increased Experience","optional":false},{"text":"Unique Boss drops (12-20) additional Currency Items","optional":false}],"flavourText":"So the raiders danced,\nleading their foe ever west,\ntowards certain death.","chaosValue":5.00,"exaltedValue":0.23,"divineValue":0.02,"count":168,"detailsId":"death-and-taxes-t16","tradeInfo":[],"listingCount":3163},{"id":44718,"name":"Mao Kun","icon":"https://web.poecdn.com/gen/image/WzI4LDE0LHsiZiI6IjJESXRlbXMvTWFwcy9GYWlyZ3JhdmVzTWFwMDEiLCJ3IjoxLCJoIjoxLCJzY2FsZSI6MX1d/e1c1de7d51/FairgravesMap01.png","mapTier":6,"baseType":"Shore Map","itemClass":3,"sparkline":{"data":[0,0,0,0,0,0,0],"totalChange":0},"lowConfidenceSparkline":{"data":[0,0,0,0,0,0,0],"totalChange":0},"implicitModifiers":[],"explicitModifiers":[{"text":"(60-100)% increased Experience gain","optional":false},{"text":"Monsters deal (175-190)% extra Physical Damage as Lightning","optional":false},{"text":"Monsters gain an Endurance Charge on Hit","optional":false},{"text":"Monsters gain a Power Charge on Hit","optional":false}],"flavourText":"The Treasures of the Tides wait\nin agony at the End of the World.","chaosValue":5.00,"exaltedValue":0.23,"divineValue":0.02,"count":82,"detailsId":"mao-kun-t6","tradeInfo":[],"listingCount":1445},{"id":68194,"name":"Mao Kun","icon":"https://web.poecdn.com/gen/image/WzI4LDE0LHsiZiI6IjJESXRlbXMvTWFwcy9GYWlyZ3JhdmVzTWFwMDEiLCJ3IjoxLCJoIjoxLCJzY2FsZSI6MX1d/e1c1de7d51/FairgravesMap01.png","mapTier":16,"baseType":"Shore Map","itemClass":3,"sparkline":{"data":[0,-16.67,-16.67,-13.33,-16.67,-16.67,-16.67],"totalChange":-16.67},"lowConfidenceSparkline":{"data":[0,-16.67,-16.67,-13.33,-16.67,-16.67,-16.67],"totalChange":-16.67},"implicitModifiers":[],"explicitModifiers":[{"text":"(60-100)% increased Experience gain","optional":false},{"text":"Monsters deal (175-190)% extra Physical Damage as Lightning","optional":false},{"text":"Monsters gain an Endurance Charge on Hit","optional":false},{"text":"Monsters gain a Power Charge on Hit","optional":false}],"flavourText":"The Treasures of the Tides wait\nin agony at the End of the World.","chaosValue":5.00,"exaltedValue":0.23,"divineValue":0.02,"count":111,"detailsId":"mao-kun-t16","tradeInfo":[],"listingCount":1805},{"id":71251,"name":"Pillars of Arun","icon":"https://web.poecdn.com/gen/image/WzI4LDE0LHsiZiI6IjJESXRlbXMvTWFwcy9QaWxsYXJzT2ZWYXN0aXJpIiwidyI6MSwiaCI6MSwic2NhbGUiOjF9XQ/f030aac473/PillarsOfVastiri.png","mapTier":5,"baseType":"Dunes Map","itemClass":3,"sparkline":{"data":[0,0,0,0,0,0,0],"totalChange":0},"lowConfidenceSparkline":{"data":[0,0,0,0,0,0,0],"totalChange":0},"implicitModifiers":[],"explicitModifiers":[{"text":"(60-100)% increased Experience gain","optional":false},{"text":"Area contains unbridged gaps to cross","optional":false},{"text":"Monsters have 50% chance to Avoid Ailments","optional":false},{"text":"(20-25)% increased Monster Movement Speed","optional":false},{"text":"(20-25)% increased Monster Attack Speed","optional":false},{"text":"(20-25)% increased Monster Cast Speed","optional":false},{"text":"Players have 200% increased Cooldown Recovery Rate for Movement Skills","optional":false}],"flavourText":"Man creates where nature cannot.","chaosValue":5.00,"exaltedValue":0.23,"divineValue":0.02,"count":9,"detailsId":"pillars-of-arun-t5","tradeInfo":[],"listingCount":201},{"id":71458,"name":"Hallowed Ground","icon":"https://web.poecdn.com/gen/image/WzI4LDE0LHsiZiI6IjJESXRlbXMvTWFwcy9IYWxsb3dlZEdyb3VuZCIsInciOjEsImgiOjEsInNjYWxlIjoxfV0/0dfbdc7da9/HallowedGround.png","mapTier":15,"baseType":"Cemetery Map","itemClass":3,"sparkline":{"data":[0,0,0,0,0,0,0],"totalChange":0},"lowConfidenceSparkline":{"data":[0,0,0,0,0,0,0],"totalChange":0},"implicitModifiers":[],"explicitModifiers":[{"text":"Unique Boss drops 3 additional Maps","optional":false},{"text":"Unique Boss gives 2000% increased Experience","optional":false},{"text":"0.5 Flask Charges recovered every 3 seconds","optional":false},{"text":"+(-2-2) to Monster Level of Area","optional":true}],"flavourText":"Some dead have long envied the living.\nWhen given the chance, they take from us what they can.\nSo we offer our suffrage.\nIn return, they give only suffering.","chaosValue":5.00,"exaltedValue":0.23,"divineValue":0.02,"count":14,"detailsId":"hallowed-ground-t15","tradeInfo":[],"listingCount":284},{"id":93572,"name":"Pillars of Arun","icon":"https://web.poecdn.com/gen/image/WzI4LDE0LHsiZiI6IjJESXRlbXMvTWFwcy9QaWxsYXJzT2ZWYXN0aXJpIiwidyI6MSwiaCI6MSwic2NhbGUiOjF9XQ/f030aac473/PillarsOfVastiri.png","mapTier":16,"baseType":"Dunes Map","itemClass":3,"sparkline":{"data":[0,0,7.5,0,7.5,25,25],"totalChange":25},"lowConfidenceSparkline":{"data":[0,0,7.5,0,7.5,25,25],"totalChange":25},"implicitModifiers":[],"explicitModifiers":[{"text":"(60-100)% increased Experience gain","optional":false},{"text":"Area contains unbridged gaps to cross","optional":false},{"text":"Monsters have 50% chance to Avoid Ailments","optional":false},{"text":"(20-25)% increased Monster Movement Speed","optional":false},{"text":"(20-25)% increased Monster Attack Speed","optional":false},{"text":"(20-25)% increased Monster Cast Speed","optional":false},{"text":"Players have 200% increased Cooldown Recovery Rate for Movement Skills","optional":false}],"flavourText":"Man creates where nature cannot.","chaosValue":5.00,"exaltedValue":0.23,"divineValue":0.02,"count":100,"detailsId":"pillars-of-arun-t16","tradeInfo":[],"listingCount":1473},{"id":93666,"name":"Hallowed Ground","icon":"https://web.poecdn.com/gen/image/WzI4LDE0LHsiZiI6IjJESXRlbXMvTWFwcy9IYWxsb3dlZEdyb3VuZCIsInciOjEsImgiOjEsInNjYWxlIjoxfV0/0dfbdc7da9/HallowedGround.png","mapTier":16,"baseType":"Cemetery Map","itemClass":3,"sparkline":{"data":[0,2.56,2.56,7.69,19.23,28.21,28.21],"totalChange":28.21},"lowConfidenceSparkline":{"data":[0,2.56,2.56,7.69,19.23,28.21,28.21],"totalChange":28.21},"implicitModifiers":[],"explicitModifiers":[{"text":"Unique Boss drops 3 additional Maps","optional":false},{"text":"Unique Boss gives 2000% increased Experience","optional":false},{"text":"0.5 Flask Charges recovered every 3 seconds","optional":false},{"text":"+(-2-2) to Monster Level of Area","optional":true}],"flavourText":"Some dead have long envied the living.\nWhen given the chance, they take from us what they can.\nSo we offer our suffrage.\nIn return, they give only suffering.","chaosValue":5.00,"exaltedValue":0.23,"divineValue":0.02,"count":120,"detailsId":"hallowed-ground-t16","tradeInfo":[],"listingCount":2348},{"id":103481,"name":"Oba's Cursed Trove","icon":"https://web.poecdn.com/gen/image/WzI4LDE0LHsiZiI6IjJESXRlbXMvTWFwcy9vYmEiLCJ3IjoxLCJoIjoxLCJzY2FsZSI6MX1d/c94e09c1a8/oba.png","mapTier":10,"baseType":"Underground Sea Map","itemClass":3,"sparkline":{"data":[0,20,25,25,5,-15,25],"totalChange":25},"lowConfidenceSparkline":{"data":[0,20,25,25,5,-15,25],"totalChange":25},"implicitModifiers":[],"explicitModifiers":[{"text":"Area has patches of desecrated ground","optional":false},{"text":"(40-50)% more Monster Life","optional":false},{"text":"(30-40)% increased Monster Damage","optional":false},{"text":"Area becomes fatal after some time","optional":false}],"flavourText":"\"Here the soil is more deadly than any swing of the axe.\"\n- Oba of the Karui, Conqueror of Corruption.","chaosValue":5.00,"exaltedValue":0.23,"divineValue":0.02,"count":27,"detailsId":"obas-cursed-trove-t10","tradeInfo":[],"listingCount":475},{"id":93337,"name":"Vaults of Atziri","icon":"https://web.poecdn.com/gen/image/WzI4LDE0LHsiZiI6IjJESXRlbXMvTWFwcy9VbmlxdWVNYXAxIiwidyI6MSwiaCI6MSwic2NhbGUiOjF9XQ/7612528d07/UniqueMap1.png","mapTier":16,"baseType":"Vaal Pyramid Map","itemClass":3,"sparkline":{"data":[0,0,0,0,0,0,20],"totalChange":20},"lowConfidenceSparkline":{"data":[0,0,0,0,0,0,20],"totalChange":20},"implicitModifiers":[],"explicitModifiers":[{"text":"Chests have (2500-3500)% increased Item Rarity","optional":false},{"text":"Area contains no monsters","optional":false},{"text":"Found Items have (20-40)% chance to drop Corrupted in Area","optional":false}],"flavourText":"\"Should I depart this mortal coil,\nso shall all of my treasures.\"\n- Atziri, Queen of the Vaal","chaosValue":4.80,"exaltedValue":0.22,"divineValue":0.02,"count":70,"detailsId":"vaults-of-atziri-t16","tradeInfo":[],"listingCount":1620},{"id":23230,"name":"Hall of Grandmasters","icon":"https://web.poecdn.com/gen/image/WzI4LDE0LHsiZiI6IjJESXRlbXMvTWFwcy9IYWxsT2ZHcmFuZG1hc3RlcnMiLCJ3IjoxLCJoIjoxLCJzY2FsZSI6MX1d/73778c0f28/HallOfGrandmasters.png","mapTier":16,"baseType":"Promenade Map","itemClass":3,"sparkline":{"data":[0,-2.78,-16.67,-16.67,-16.67,38.89,22.22],"totalChange":22.22},"lowConfidenceSparkline":{"data":[0,-2.78,-16.67,-16.67,-16.67,38.89,22.22],"totalChange":22.22},"implicitModifiers":[],"explicitModifiers":[{"text":"Contains the Immortalised Grandmasters\nPvP damage scaling in effect","optional":false}],"flavourText":"The grandest and greatest ever to fight,\nDivine the champions stand tall.\nBut match their power, best their might,\nAnd even the immortal may fall.","chaosValue":4.40,"exaltedValue":0.20,"divineValue":0.02,"count":23,"detailsId":"hall-of-grandmasters-t16","tradeInfo":[],"listingCount":342},{"id":22305,"name":"Vaults of Atziri","icon":"https://web.poecdn.com/gen/image/WzI4LDE0LHsiZiI6IjJESXRlbXMvTWFwcy9VbmlxdWVNYXAxIiwidyI6MSwiaCI6MSwic2NhbGUiOjF9XQ/7612528d07/UniqueMap1.png","mapTier":11,"baseType":"Vaal Pyramid Map","itemClass":3,"sparkline":{"data":[0,-2.5,-7.5,0,0,0,0],"totalChange":0},"lowConfidenceSparkline":{"data":[0,-2.5,-7.5,0,0,0,0],"totalChange":0},"implicitModifiers":[],"explicitModifiers":[{"text":"Chests have (2500-3500)% increased Item Rarity","optional":false},{"text":"Area contains no monsters","optional":false},{"text":"Found Items have (20-40)% chance to drop Corrupted in Area","optional":false}],"flavourText":"\"Should I depart this mortal coil,\nso shall all of my treasures.\"\n- Atziri, Queen of the Vaal","chaosValue":4.00,"exaltedValue":0.18,"divineValue":0.02,"count":38,"detailsId":"vaults-of-atziri-t11","tradeInfo":[],"listingCount":992},{"id":23221,"name":"Maelström of Chaos","icon":"https://web.poecdn.com/gen/image/WzI4LDE0LHsiZiI6IjJESXRlbXMvTWFwcy9NYWVsc3Ryb21vZkNoYW9zIiwidyI6MSwiaCI6MSwic2NhbGUiOjF9XQ/7772c4e971/MaelstromofChaos.png","mapTier":5,"baseType":"Atoll Map","itemClass":3,"sparkline":{"data":[0,0,0,0,0,0,33.33],"totalChange":33.33},"lowConfidenceSparkline":{"data":[0,0,0,0,0,0,33.33],"totalChange":33.33},"implicitModifiers":[],"explicitModifiers":[{"text":"Area has patches of Chilled Ground","optional":false},{"text":"Monsters deal 50% extra Physical Damage as Lightning","optional":false},{"text":"Monsters are Immune to randomly chosen Elemental Ailments or Stun","optional":false},{"text":"Monsters' Melee Attacks apply random Hexes on Hit","optional":false},{"text":"Monsters Reflect Hexes","optional":false}],"flavourText":"Whispers from a world apart\nSpeak my name beyond the tomb;\nBound within the Maelström's heart,\nWill they grant me strength or doom?","chaosValue":4.00,"exaltedValue":0.18,"divineValue":0.02,"count":61,"detailsId":"maelstrom-of-chaos-t5","tradeInfo":[],"listingCount":1190},{"id":25555,"name":"Acton's Nightmare","icon":"https://web.poecdn.com/gen/image/WzI4LDE0LHsiZiI6IjJESXRlbXMvTWFwcy9tdXNpY2JveCIsInciOjEsImgiOjEsInNjYWxlIjoxfV0/765ebfd00f/musicbox.png","mapTier":16,"baseType":"Overgrown Shrine Map","itemClass":3,"sparkline":{"data":[0,0,0,0,0,0,0],"totalChange":0},"lowConfidenceSparkline":{"data":[0,0,0,0,0,0,0],"totalChange":0},"implicitModifiers":[],"explicitModifiers":[{"text":"Area has patches of Burning Ground","optional":false},{"text":"Area is inhabited by Skeletons","optional":false},{"text":"Restless Dead","optional":false},{"text":"Area is a large Maze","optional":false},{"text":"Area contains a Large Chest","optional":false}],"flavourText":"Curious, she shook it then,\nAnd tiny screams emerged.\nCuriouser, she shook again,\nAnd an eerie silence purred.","chaosValue":4.00,"exaltedValue":0.18,"divineValue":0.02,"count":117,"detailsId":"actons-nightmare-t16","tradeInfo":[],"listingCount":2112},{"id":25579,"name":"Whakawairua Tuahu","icon":"https://web.poecdn.com/gen/image/WzI4LDE0LHsiZiI6IjJESXRlbXMvTWFwcy9VbmlxdWVNYXBFeWUiLCJ3IjoxLCJoIjoxLCJzY2FsZSI6MX1d/7c20a66814/UniqueMapEye.png","mapTier":14,"baseType":"Strand Map","itemClass":3,"sparkline":{"data":[0,0,0,0,0,0,0],"totalChange":0},"lowConfidenceSparkline":{"data":[0,0,0,0,0,0,0],"totalChange":0},"implicitModifiers":[],"explicitModifiers":[{"text":"Area contains many Totems","optional":false},{"text":"Curses have 50% reduced effect on Monsters","optional":false}],"flavourText":"We all began life in darkness, we shall all end it there.","chaosValue":4.00,"exaltedValue":0.18,"divineValue":0.02,"count":18,"detailsId":"whakawairua-tuahu-t14","tradeInfo":[],"listingCount":370},{"id":44498,"name":"Maelström of Chaos","icon":"https://web.poecdn.com/gen/image/WzI4LDE0LHsiZiI6IjJESXRlbXMvTWFwcy9NYWVsc3Ryb21vZkNoYW9zIiwidyI6MSwiaCI6MSwic2NhbGUiOjF9XQ/7772c4e971/MaelstromofChaos.png","mapTier":16,"baseType":"Atoll Map","itemClass":3,"sparkline":{"data":[0,0,0,0,0,0,0],"totalChange":0},"lowConfidenceSparkline":{"data":[0,0,0,0,0,0,0],"totalChange":0},"implicitModifiers":[],"explicitModifiers":[{"text":"Area has patches of Chilled Ground","optional":false},{"text":"Monsters deal 50% extra Physical Damage as Lightning","optional":false},{"text":"Monsters are Immune to randomly chosen Elemental Ailments or Stun","optional":false},{"text":"Monsters' Melee Attacks apply random Hexes on Hit","optional":false},{"text":"Monsters Reflect Hexes","optional":false}],"flavourText":"Whispers from a world apart\nSpeak my name beyond the tomb;\nBound within the Maelström's heart,\nWill they grant me strength or doom?","chaosValue":4.00,"exaltedValue":0.18,"divineValue":0.02,"count":114,"detailsId":"maelstrom-of-chaos-t16","tradeInfo":[],"listingCount":2442},{"id":44499,"name":"Acton's Nightmare","icon":"https://web.poecdn.com/gen/image/WzI4LDE0LHsiZiI6IjJESXRlbXMvTWFwcy9tdXNpY2JveCIsInciOjEsImgiOjEsInNjYWxlIjoxfV0/765ebfd00f/musicbox.png","mapTier":14,"baseType":"Overgrown Shrine Map","itemClass":3,"sparkline":{"data":[0,0,0,0,0,0,0],"totalChange":0},"lowConfidenceSparkline":{"data":[0,0,0,0,0,0,0],"totalChange":0},"implicitModifiers":[],"explicitModifiers":[{"text":"Area has patches of Burning Ground","optional":false},{"text":"Area is inhabited by Skeletons","optional":false},{"text":"Restless Dead","optional":false},{"text":"Area is a large Maze","optional":false},{"text":"Area contains a Large Chest","optional":false}],"flavourText":"Curious, she shook it then,\nAnd tiny screams emerged.\nCuriouser, she shook again,\nAnd an eerie silence purred.","chaosValue":4.00,"exaltedValue":0.18,"divineValue":0.02,"count":22,"detailsId":"actons-nightmare-t14","tradeInfo":[],"listingCount":389},{"id":44999,"name":"Maelström of Chaos","icon":"https://web.poecdn.com/gen/image/WzI4LDE0LHsiZiI6IjJESXRlbXMvTWFwcy9NYWVsc3Ryb21vZkNoYW9zIiwidyI6MSwiaCI6MSwic2NhbGUiOjF9XQ/7772c4e971/MaelstromofChaos.png","mapTier":12,"baseType":"Atoll Map","itemClass":3,"sparkline":{"data":[0,-21.05,-21.05,5.26,-2.63,-10.53,5.26],"totalChange":5.26},"lowConfidenceSparkline":{"data":[0,-21.05,-21.05,5.26,-2.63,-10.53,5.26],"totalChange":5.26},"implicitModifiers":[],"explicitModifiers":[{"text":"Area has patches of Chilled Ground","optional":false},{"text":"Monsters deal 50% extra Physical Damage as Lightning","optional":false},{"text":"Monsters are Immune to randomly chosen Elemental Ailments or Stun","optional":false},{"text":"Monsters' Melee Attacks apply random Hexes on Hit","optional":false},{"text":"Monsters Reflect Hexes","optional":false}],"flavourText":"Whispers from a world apart\nSpeak my name beyond the tomb;\nBound within the Maelström's heart,\nWill they grant me strength or doom?","chaosValue":4.00,"exaltedValue":0.18,"divineValue":0.02,"count":47,"detailsId":"maelstrom-of-chaos-t12","tradeInfo":[],"listingCount":1246},{"id":67233,"name":"Oba's Cursed Trove","icon":"https://web.poecdn.com/gen/image/WzI4LDE0LHsiZiI6IjJESXRlbXMvTWFwcy9vYmEiLCJ3IjoxLCJoIjoxLCJzY2FsZSI6MX1d/c94e09c1a8/oba.png","mapTier":16,"baseType":"Underground Sea Map","itemClass":3,"sparkline":{"data":[0,0,0,0,0,0,0],"totalChange":0},"lowConfidenceSparkline":{"data":[0,0,0,0,0,0,0],"totalChange":0},"implicitModifiers":[],"explicitModifiers":[{"text":"Area has patches of desecrated ground","optional":false},{"text":"(40-50)% more Monster Life","optional":false},{"text":"(30-40)% increased Monster Damage","optional":false},{"text":"Area becomes fatal after some time","optional":false}],"flavourText":"\"Here the soil is more deadly than any swing of the axe.\"\n- Oba of the Karui, Conqueror of Corruption.","chaosValue":4.00,"exaltedValue":0.18,"divineValue":0.02,"count":165,"detailsId":"obas-cursed-trove-t16","tradeInfo":[],"listingCount":3856},{"id":70661,"name":"Pillars of Arun","icon":"https://web.poecdn.com/gen/image/WzI4LDE0LHsiZiI6IjJESXRlbXMvTWFwcy9QaWxsYXJzT2ZWYXN0aXJpIiwidyI6MSwiaCI6MSwic2NhbGUiOjF9XQ/f030aac473/PillarsOfVastiri.png","mapTier":2,"baseType":"Dunes Map","itemClass":3,"sparkline":{"data":[0,0,0,0,-5.4,-20,-20],"totalChange":-20},"lowConfidenceSparkline":{"data":[0,0,0,0,-5.4,-20,-20],"totalChange":-20},"implicitModifiers":[],"explicitModifiers":[{"text":"(60-100)% increased Experience gain","optional":false},{"text":"Area contains unbridged gaps to cross","optional":false},{"text":"Monsters have 50% chance to Avoid Ailments","optional":false},{"text":"(20-25)% increased Monster Movement Speed","optional":false},{"text":"(20-25)% increased Monster Attack Speed","optional":false},{"text":"(20-25)% increased Monster Cast Speed","optional":false},{"text":"Players have Level 20 Dash Skill","optional":true},{"text":"Players have 200% increased Cooldown Recovery Rate for Movement Skills","optional":false}],"flavourText":"Man creates where nature cannot.","chaosValue":4.00,"exaltedValue":0.18,"divineValue":0.02,"count":53,"detailsId":"pillars-of-arun-t2","tradeInfo":[],"listingCount":728},{"id":70744,"name":"Vaults of Atziri","icon":"https://web.poecdn.com/gen/image/WzI4LDE0LHsiZiI6IjJESXRlbXMvTWFwcy9VbmlxdWVNYXAxIiwidyI6MSwiaCI6MSwic2NhbGUiOjF9XQ/7612528d07/UniqueMap1.png","mapTier":4,"baseType":"Vaal Pyramid Map","itemClass":3,"sparkline":{"data":[0,0,0,0,0,0,0],"totalChange":0},"lowConfidenceSparkline":{"data":[0,0,0,0,0,0,0],"totalChange":0},"implicitModifiers":[],"explicitModifiers":[{"text":"Chests have (2500-3500)% increased Item Rarity","optional":false},{"text":"Area contains no monsters","optional":false},{"text":"Found Items have (20-40)% chance to drop Corrupted in Area","optional":false}],"flavourText":"\"Should I depart this mortal coil,\nso shall all of my treasures.\"\n- Atziri, Queen of the Vaal","chaosValue":4.00,"exaltedValue":0.18,"divineValue":0.02,"count":88,"detailsId":"vaults-of-atziri-t4","tradeInfo":[],"listingCount":2395},{"id":71253,"name":"Pillars of Arun","icon":"https://web.poecdn.com/gen/image/WzI4LDE0LHsiZiI6IjJESXRlbXMvTWFwcy9QaWxsYXJzT2ZWYXN0aXJpIiwidyI6MSwiaCI6MSwic2NhbGUiOjF9XQ/f030aac473/PillarsOfVastiri.png","mapTier":9,"baseType":"Dunes Map","itemClass":3,"sparkline":{"data":[0,0,0,0,0,0,0],"totalChange":0},"lowConfidenceSparkline":{"data":[0,0,0,0,0,0,0],"totalChange":0},"implicitModifiers":[],"explicitModifiers":[{"text":"(60-100)% increased Experience gain","optional":false},{"text":"Area contains unbridged gaps to cross","optional":false},{"text":"Monsters have 50% chance to Avoid Ailments","optional":false},{"text":"(20-25)% increased Monster Movement Speed","optional":false},{"text":"(20-25)% increased Monster Attack Speed","optional":false},{"text":"(20-25)% increased Monster Cast Speed","optional":false},{"text":"Players have 200% increased Cooldown Recovery Rate for Movement Skills","optional":false}],"flavourText":"Man creates where nature cannot.","chaosValue":4.00,"exaltedValue":0.18,"divineValue":0.02,"count":51,"detailsId":"pillars-of-arun-t9","tradeInfo":[],"listingCount":940},{"id":71299,"name":"Vaults of Atziri","icon":"https://web.poecdn.com/gen/image/WzI4LDE0LHsiZiI6IjJESXRlbXMvTWFwcy9VbmlxdWVNYXAxIiwidyI6MSwiaCI6MSwic2NhbGUiOjF9XQ/7612528d07/UniqueMap1.png","mapTier":15,"baseType":"Vaal Pyramid Map","itemClass":3,"sparkline":{"data":[0,0,5,0,0,0,0],"totalChange":0},"lowConfidenceSparkline":{"data":[0,0,5,0,0,0,0],"totalChange":0},"implicitModifiers":[],"explicitModifiers":[{"text":"Chests have (2501-3500)% increased Item Rarity","optional":false},{"text":"Area contains no monsters","optional":false},{"text":"Found Items have (20-40)% chance to drop Corrupted in Area","optional":false}],"flavourText":"\"Should I depart this mortal coil,\nso shall all of my treasures.\"\n- Atziri, Queen of the Vaal","chaosValue":4.00,"exaltedValue":0.18,"divineValue":0.02,"count":9,"detailsId":"vaults-of-atziri-t15","tradeInfo":[],"listingCount":284},{"id":71481,"name":"Hall of Grandmasters","icon":"https://web.poecdn.com/gen/image/WzI4LDE0LHsiZiI6IjJESXRlbXMvTWFwcy9IYWxsT2ZHcmFuZG1hc3RlcnMiLCJ3IjoxLCJoIjoxLCJzY2FsZSI6MX1d/73778c0f28/HallOfGrandmasters.png","mapTier":13,"baseType":"Promenade Map","itemClass":3,"sparkline":{"data":[0,0,-7.32,-2.44,0,-2.44,-2.44],"totalChange":-2.44},"lowConfidenceSparkline":{"data":[0,0,-7.32,-2.44,0,-2.44,-2.44],"totalChange":-2.44},"implicitModifiers":[],"explicitModifiers":[{"text":"Contains the Immortalised Grandmasters\nPvP damage scaling in effect","optional":false}],"flavourText":"The grandest and greatest ever to fight,\nDivine the champions stand tall.\nBut match their power, best their might,\nAnd even the immortal may fall.","chaosValue":4.00,"exaltedValue":0.18,"divineValue":0.02,"count":11,"detailsId":"hall-of-grandmasters-t13","tradeInfo":[],"listingCount":209},{"id":93338,"name":"Whakawairua Tuahu","icon":"https://web.poecdn.com/gen/image/WzI4LDE0LHsiZiI6IjJESXRlbXMvTWFwcy9VbmlxdWVNYXBFeWUiLCJ3IjoxLCJoIjoxLCJzY2FsZSI6MX1d/7c20a66814/UniqueMapEye.png","mapTier":16,"baseType":"Strand Map","itemClass":3,"sparkline":{"data":[0,23.33,33.33,33.33,30.33,21.33,33.33],"totalChange":33.33},"lowConfidenceSparkline":{"data":[0,23.33,33.33,33.33,30.33,21.33,33.33],"totalChange":33.33},"implicitModifiers":[],"explicitModifiers":[{"text":"Area contains many Totems","optional":false},{"text":"Curses have 50% reduced effect on Monsters","optional":false}],"flavourText":"We all began life in darkness, we shall all end it there.","chaosValue":4.00,"exaltedValue":0.18,"divineValue":0.02,"count":127,"detailsId":"whakawairua-tuahu-t16","tradeInfo":[],"listingCount":2161},{"id":20718,"name":"Acton's Nightmare","icon":"https://web.poecdn.com/gen/image/WzI4LDE0LHsiZiI6IjJESXRlbXMvTWFwcy9tdXNpY2JveCIsInciOjEsImgiOjEsInNjYWxlIjoxfV0/765ebfd00f/musicbox.png","mapTier":6,"baseType":"Overgrown Shrine Map","itemClass":3,"sparkline":{"data":[0,-2,-20,-20,-20,-22,-22],"totalChange":-22},"lowConfidenceSparkline":{"data":[0,-2,-20,-20,-20,-22,-22],"totalChange":-22},"implicitModifiers":[],"explicitModifiers":[{"text":"Area has patches of Burning Ground","optional":false},{"text":"Area is inhabited by Skeletons","optional":false},{"text":"Restless Dead","optional":false},{"text":"Area is a large Maze","optional":false},{"text":"Area contains a Large Chest","optional":false}],"flavourText":"Curious, she shook it then,\nAnd tiny screams emerged.\nCuriouser, she shook again,\nAnd an eerie silence purred.","chaosValue":3.90,"exaltedValue":0.18,"divineValue":0.02,"count":11,"detailsId":"actons-nightmare-t6","tradeInfo":[],"listingCount":244},{"id":45117,"name":"Pillars of Arun","icon":"https://web.poecdn.com/gen/image/WzI4LDE0LHsiZiI6IjJESXRlbXMvTWFwcy9QaWxsYXJzT2ZWYXN0aXJpIiwidyI6MSwiaCI6MSwic2NhbGUiOjF9XQ/f030aac473/PillarsOfVastiri.png","mapTier":13,"baseType":"Dunes Map","itemClass":3,"sparkline":{"data":[0,0,0,0,-20,-19.1,-22],"totalChange":-22},"lowConfidenceSparkline":{"data":[0,0,0,0,-20,-19.1,-22],"totalChange":-22},"implicitModifiers":[],"explicitModifiers":[{"text":"(60-100)% increased Experience gain","optional":false},{"text":"Area contains unbridged gaps to cross","optional":false},{"text":"Monsters have 50% chance to Avoid Ailments","optional":false},{"text":"(20-25)% increased Monster Movement Speed","optional":false},{"text":"(20-25)% increased Monster Attack Speed","optional":false},{"text":"(20-25)% increased Monster Cast Speed","optional":false},{"text":"Players have 200% increased Cooldown Recovery Rate for Movement Skills","optional":false}],"flavourText":"Man creates where nature cannot.","chaosValue":3.90,"exaltedValue":0.18,"divineValue":0.02,"count":10,"detailsId":"pillars-of-arun-t13","tradeInfo":[],"listingCount":325},{"id":20549,"name":"Hallowed Ground","icon":"https://web.poecdn.com/gen/image/WzI4LDE0LHsiZiI6IjJESXRlbXMvTWFwcy9IYWxsb3dlZEdyb3VuZCIsInciOjEsImgiOjEsInNjYWxlIjoxfV0/0dfbdc7da9/HallowedGround.png","mapTier":4,"baseType":"Cemetery Map","itemClass":3,"sparkline":{"data":[0,0,0,0,0,0,-7.5],"totalChange":-7.5},"lowConfidenceSparkline":{"data":[0,0,0,0,0,0,-7.5],"totalChange":-7.5},"implicitModifiers":[],"explicitModifiers":[{"text":"Unique Boss drops 3 additional Maps","optional":false},{"text":"Unique Boss gives 2000% increased Experience","optional":false},{"text":"0.5 Flask Charges recovered every 3 seconds","optional":false},{"text":"+(-2-2) to Monster Level of Area","optional":true}],"flavourText":"Some dead have long envied the living.\nWhen given the chance, they take from us what they can.\nSo we offer our suffrage.\nIn return, they give only suffering.","chaosValue":3.70,"exaltedValue":0.17,"divineValue":0.01,"count":33,"detailsId":"hallowed-ground-t4","tradeInfo":[],"listingCount":537},{"id":20626,"name":"Maelström of Chaos","icon":"https://web.poecdn.com/gen/image/WzI4LDE0LHsiZiI6IjJESXRlbXMvTWFwcy9NYWVsc3Ryb21vZkNoYW9zIiwidyI6MSwiaCI6MSwic2NhbGUiOjF9XQ/7772c4e971/MaelstromofChaos.png","mapTier":8,"baseType":"Atoll Map","itemClass":3,"sparkline":{"data":[0,0,2.86,2.86,2.86,-2.86,-2.86],"totalChange":-2.86},"lowConfidenceSparkline":{"data":[0,0,2.86,2.86,2.86,-2.86,-2.86],"totalChange":-2.86},"implicitModifiers":[],"explicitModifiers":[{"text":"Area has patches of Chilled Ground","optional":false},{"text":"Monsters deal 50% extra Physical Damage as Lightning","optional":false},{"text":"Monsters are Immune to randomly chosen Elemental Ailments or Stun","optional":false},{"text":"Monsters' Melee Attacks apply random Hexes on Hit","optional":false},{"text":"Monsters Reflect Hexes","optional":false}],"flavourText":"Whispers from a world apart\nSpeak my name beyond the tomb;\nBound within the Maelström's heart,\nWill they grant me strength or doom?","chaosValue":3.40,"exaltedValue":0.16,"divineValue":0.01,"count":6,"detailsId":"maelstrom-of-chaos-t8","tradeInfo":[],"listingCount":270},{"id":20481,"name":"Whakawairua Tuahu","icon":"https://web.poecdn.com/gen/image/WzI4LDE0LHsiZiI6IjJESXRlbXMvTWFwcy9VbmlxdWVNYXBFeWUiLCJ3IjoxLCJoIjoxLCJzY2FsZSI6MX1d/7c20a66814/UniqueMapEye.png","mapTier":6,"baseType":"Strand Map","itemClass":3,"sparkline":{"data":[0,0,-19.51,-21.95,-26.83,-24.39,-26.83],"totalChange":-26.83},"lowConfidenceSparkline":{"data":[0,0,-19.51,-21.95,-26.83,-24.39,-26.83],"totalChange":-26.83},"implicitModifiers":[],"explicitModifiers":[{"text":"Area contains many Totems","optional":false},{"text":"Curses have 50% reduced effect on Monsters","optional":false}],"flavourText":"We all began life in darkness, we shall all end it there.","chaosValue":3.00,"exaltedValue":0.14,"divineValue":0.01,"count":10,"detailsId":"whakawairua-tuahu-t6","tradeInfo":[],"listingCount":260},{"id":21387,"name":"Olmec's Sanctum","icon":"https://web.poecdn.com/gen/image/WzI4LDE0LHsiZiI6IjJESXRlbXMvTWFwcy9vbG1lYyIsInciOjEsImgiOjEsInNjYWxlIjoxfV0/844fea2e54/olmec.png","mapTier":8,"baseType":"Bone Crypt Map","itemClass":3,"sparkline":{"data":[0,0,0,0,0,0,0],"totalChange":0},"lowConfidenceSparkline":{"data":[0,0,0,0,0,0,0],"totalChange":0},"implicitModifiers":[],"explicitModifiers":[{"text":"(40-50)% more Monster Life","optional":false},{"text":"(30-40)% increased Monster Damage","optional":false},{"text":"Final Boss drops higher Level Items","optional":false}],"flavourText":"They flew, and leapt, and clambered over,\nThey crawled, and swam, and slithered under.\nStill its ancient secrets await unclaimed\nAnd of this hidden temple, only legends remain.","chaosValue":3.00,"exaltedValue":0.14,"divineValue":0.01,"count":47,"detailsId":"olmecs-sanctum-t8","tradeInfo":[],"listingCount":1248},{"id":22074,"name":"Whakawairua Tuahu","icon":"https://web.poecdn.com/gen/image/WzI4LDE0LHsiZiI6IjJESXRlbXMvTWFwcy9VbmlxdWVNYXBFeWUiLCJ3IjoxLCJoIjoxLCJzY2FsZSI6MX1d/7c20a66814/UniqueMapEye.png","mapTier":3,"baseType":"Strand Map","itemClass":3,"sparkline":{"data":[0,0,0,15,0,0,0],"totalChange":0},"lowConfidenceSparkline":{"data":[0,0,0,15,0,0,0],"totalChange":0},"implicitModifiers":[],"explicitModifiers":[{"text":"Area contains many Totems","optional":false},{"text":"Curses have 50% reduced effect on Monsters","optional":false}],"flavourText":"We all began life in darkness, we shall all end it there.","chaosValue":3.00,"exaltedValue":0.14,"divineValue":0.01,"count":70,"detailsId":"whakawairua-tuahu-t3","tradeInfo":[],"listingCount":1330},{"id":23220,"name":"Olmec's Sanctum","icon":"https://web.poecdn.com/gen/image/WzI4LDE0LHsiZiI6IjJESXRlbXMvTWFwcy9vbG1lYyIsInciOjEsImgiOjEsInNjYWxlIjoxfV0/844fea2e54/olmec.png","mapTier":4,"baseType":"Bone Crypt Map","itemClass":3,"sparkline":{"data":[0,0,0,0,0,0,0],"totalChange":0},"lowConfidenceSparkline":{"data":[0,0,0,0,0,0,0],"totalChange":0},"implicitModifiers":[],"explicitModifiers":[{"text":"(40-50)% more Monster Life","optional":false},{"text":"(30-40)% increased Monster Damage","optional":false},{"text":"Final Boss drops higher Level Items","optional":false}],"flavourText":"They flew, and leapt, and clambered over,\nThey crawled, and swam, and slithered under.\nStill its ancient secrets await unclaimed\nAnd of this hidden temple, only legends remain.","chaosValue":3.00,"exaltedValue":0.14,"divineValue":0.01,"count":10,"detailsId":"olmecs-sanctum-t4","tradeInfo":[],"listingCount":253},{"id":25364,"name":"Hallowed Ground","icon":"https://web.poecdn.com/gen/image/WzI4LDE0LHsiZiI6IjJESXRlbXMvTWFwcy9IYWxsb3dlZEdyb3VuZCIsInciOjEsImgiOjEsInNjYWxlIjoxfV0/0dfbdc7da9/HallowedGround.png","mapTier":7,"baseType":"Cemetery Map","itemClass":3,"sparkline":{"data":[null,0,null,null,31.58,31.58,-21.05],"totalChange":-21.05},"lowConfidenceSparkline":{"data":[0,-24,0,0,0,0,-40],"totalChange":-40},"implicitModifiers":[],"explicitModifiers":[{"text":"Unique Boss drops 3 additional Maps","optional":false},{"text":"Unique Boss gives 2000% increased Experience","optional":false},{"text":"0.5 Flask Charges recovered every 3 seconds","optional":false},{"text":"+(-2-2) to Monster Level of Area","optional":true}],"flavourText":"Some dead have long envied the living.\nWhen given the chance, they take from us what they can.\nSo we offer our suffrage.\nIn return, they give only suffering.","chaosValue":3.00,"exaltedValue":0.14,"divineValue":0.01,"count":6,"detailsId":"hallowed-ground-t7","tradeInfo":[],"listingCount":134},{"id":25477,"name":"Olmec's Sanctum","icon":"https://web.poecdn.com/gen/image/WzI4LDE0LHsiZiI6IjJESXRlbXMvTWFwcy9vbG1lYyIsInciOjEsImgiOjEsInNjYWxlIjoxfV0/844fea2e54/olmec.png","mapTier":12,"baseType":"Bone Crypt Map","itemClass":3,"sparkline":{"data":[0,-26.67,-26.67,0,0,0,0],"totalChange":0},"lowConfidenceSparkline":{"data":[0,-26.67,-26.67,0,0,0,0],"totalChange":0},"implicitModifiers":[],"explicitModifiers":[{"text":"(40-50)% more Monster Life","optional":false},{"text":"(30-40)% increased Monster Damage","optional":false},{"text":"Final Boss drops higher Level Items","optional":false}],"flavourText":"They flew, and leapt, and clambered over,\nThey crawled, and swam, and slithered under.\nStill its ancient secrets await unclaimed\nAnd of this hidden temple, only legends remain.","chaosValue":3.00,"exaltedValue":0.14,"divineValue":0.01,"count":14,"detailsId":"olmecs-sanctum-t12","tradeInfo":[],"listingCount":321},{"id":45164,"name":"Whakawairua Tuahu","icon":"https://web.poecdn.com/gen/image/WzI4LDE0LHsiZiI6IjJESXRlbXMvTWFwcy9VbmlxdWVNYXBFeWUiLCJ3IjoxLCJoIjoxLCJzY2FsZSI6MX1d/7c20a66814/UniqueMapEye.png","mapTier":10,"baseType":"Strand Map","itemClass":3,"sparkline":{"data":[0,0,0,0,0,0,0],"totalChange":0},"lowConfidenceSparkline":{"data":[0,0,0,0,0,0,0],"totalChange":0},"implicitModifiers":[],"explicitModifiers":[{"text":"Area contains many Totems","optional":false},{"text":"Curses have 50% reduced effect on Monsters","optional":false}],"flavourText":"We all began life in darkness, we shall all end it there.","chaosValue":3.00,"exaltedValue":0.14,"divineValue":0.01,"count":56,"detailsId":"whakawairua-tuahu-t10","tradeInfo":[],"listingCount":1249},{"id":93586,"name":"Olmec's Sanctum","icon":"https://web.poecdn.com/gen/image/WzI4LDE0LHsiZiI6IjJESXRlbXMvTWFwcy9vbG1lYyIsInciOjEsImgiOjEsInNjYWxlIjoxfV0/844fea2e54/olmec.png","mapTier":16,"baseType":"Bone Crypt Map","itemClass":3,"sparkline":{"data":[0,0,0,0,0,0,0],"totalChange":0},"lowConfidenceSparkline":{"data":[0,0,0,0,0,0,0],"totalChange":0},"implicitModifiers":[],"explicitModifiers":[{"text":"(40-50)% more Monster Life","optional":false},{"text":"(30-40)% increased Monster Damage","optional":false},{"text":"Final Boss drops higher Level Items","optional":false}],"flavourText":"They flew, and leapt, and clambered over,\nThey crawled, and swam, and slithered under.\nStill its ancient secrets await unclaimed\nAnd of this hidden temple, only legends remain.","chaosValue":3.00,"exaltedValue":0.14,"divineValue":0.01,"count":100,"detailsId":"olmecs-sanctum-t16","tradeInfo":[],"listingCount":1872},{"id":103453,"name":"Olmec's Sanctum","icon":"https://web.poecdn.com/gen/image/WzI4LDE0LHsiZiI6IjJESXRlbXMvTWFwcy9vbG1lYyIsInciOjEsImgiOjEsInNjYWxlIjoxfV0/844fea2e54/olmec.png","mapTier":1,"baseType":"Bone Crypt Map","itemClass":3,"sparkline":{"data":[0,0,0,0,0,0,0],"totalChange":0},"lowConfidenceSparkline":{"data":[0,0,0,0,0,0,0],"totalChange":0},"implicitModifiers":[],"explicitModifiers":[{"text":"(40-50)% more Monster Life","optional":false},{"text":"(30-40)% increased Monster Damage","optional":false},{"text":"Final Boss drops higher Level Items","optional":false}],"flavourText":"They flew, and leapt, and clambered over,\nThey crawled, and swam, and slithered under.\nStill its ancient secrets await unclaimed\nAnd of this hidden temple, only legends remain.","chaosValue":3.00,"exaltedValue":0.14,"divineValue":0.01,"count":74,"detailsId":"olmecs-sanctum-t1","tradeInfo":[],"listingCount":1701},{"id":103464,"name":"Acton's Nightmare","icon":"https://web.poecdn.com/gen/image/WzI4LDE0LHsiZiI6IjJESXRlbXMvTWFwcy9tdXNpY2JveCIsInciOjEsImgiOjEsInNjYWxlIjoxfV0/765ebfd00f/musicbox.png","mapTier":3,"baseType":"Overgrown Shrine Map","itemClass":3,"sparkline":{"data":[0,-3.23,29.03,-3.23,-3.23,-3.23,-3.23],"totalChange":-3.23},"lowConfidenceSparkline":{"data":[0,-3.23,29.03,-3.23,-3.23,-3.23,-3.23],"totalChange":-3.23},"implicitModifiers":[],"explicitModifiers":[{"text":"Area has patches of Burning Ground","optional":false},{"text":"Area is inhabited by Skeletons","optional":false},{"text":"Restless Dead","optional":false},{"text":"Area is a large Maze","optional":false},{"text":"Area contains a Large Chest","optional":false}],"flavourText":"Curious, she shook it then,\nAnd tiny screams emerged.\nCuriouser, she shook again,\nAnd an eerie silence purred.","chaosValue":3.00,"exaltedValue":0.14,"divineValue":0.01,"count":66,"detailsId":"actons-nightmare-t3","tradeInfo":[],"listingCount":1175},{"id":103920,"name":"Acton's Nightmare","icon":"https://web.poecdn.com/gen/image/WzI4LDE0LHsiZiI6IjJESXRlbXMvTWFwcy9tdXNpY2JveCIsInciOjEsImgiOjEsInNjYWxlIjoxfV0/765ebfd00f/musicbox.png","mapTier":10,"baseType":"Overgrown Shrine Map","itemClass":3,"sparkline":{"data":[0,0,0,0,0,0,0],"totalChange":0},"lowConfidenceSparkline":{"data":[0,0,0,0,0,0,0],"totalChange":0},"implicitModifiers":[],"explicitModifiers":[{"text":"Area has patches of Burning Ground","optional":false},{"text":"Area is inhabited by Skeletons","optional":false},{"text":"Restless Dead","optional":false},{"text":"Area is a large Maze","optional":false},{"text":"Area contains a Large Chest","optional":false}],"flavourText":"Curious, she shook it then,\nAnd tiny screams emerged.\nCuriouser, she shook again,\nAnd an eerie silence purred.","chaosValue":3.00,"exaltedValue":0.14,"divineValue":0.01,"count":61,"detailsId":"actons-nightmare-t10","tradeInfo":[],"listingCount":1266},{"id":20695,"name":"Hall of Grandmasters","icon":"https://web.poecdn.com/gen/image/WzI4LDE0LHsiZiI6IjJESXRlbXMvTWFwcy9IYWxsT2ZHcmFuZG1hc3RlcnMiLCJ3IjoxLCJoIjoxLCJzY2FsZSI6MX1d/73778c0f28/HallOfGrandmasters.png","mapTier":6,"baseType":"Promenade Map","itemClass":3,"sparkline":{"data":[0,0,0,0,0,0,0],"totalChange":0},"lowConfidenceSparkline":{"data":[0,0,0,0,0,0,0],"totalChange":0},"implicitModifiers":[],"explicitModifiers":[{"text":"Contains the Immortalised Grandmasters\nPvP damage scaling in effect","optional":false}],"flavourText":"The grandest and greatest ever to fight,\nDivine the champions stand tall.\nBut match their power, best their might,\nAnd even the immortal may fall.","chaosValue":2.00,"exaltedValue":0.09,"divineValue":0.01,"count":142,"detailsId":"hall-of-grandmasters-t6","tradeInfo":[],"listingCount":1872}]}