{"lines":[{"id":101729,"name":"Progenesis","icon":"https://web.poecdn.com/gen/image/WzksMTQseyJmIjoiMkRJdGVtcy9GbGFza3MvVWJlck1hdmVuRmxhc2siLCJ3IjoxLCJoIjoyLCJzY2FsZSI6MSwibGV2ZWwiOjEsImZpIjp0cnVlLCJyZWxpYyI6MH1d/4ae893710e/UberMavenFlask.png","levelRequired":60,"baseType":"Amethyst Flask","itemClass":9,"sparkline":{"data":[],"totalChange":0},"lowConfidenceSparkline":{"data":[0,0.17,1.20,2.61,3.72,5.21,41.29],"totalChange":41.29},"implicitModifiers":[],"explicitModifiers":[{"text":"(10-20)% reduced Charges per use","optional":false},{"text":"(1-32)% reduced Duration","optional":true},{"text":"(1-35)% increased Duration","optional":true},{"text":"When Hit during effect, 25% of Life loss from Damage taken occurs over 4 seconds instead","optional":false}],"flavourText":"They were bred in a cosmic ocean of raw creation.\nFeasting and drinking of the milk of the mother,\nthey fought to the death for every last drop.","chaosValue":19174.72,"exaltedValue":886.08,"divineValue":73.80,"count":4,"detailsId":"progenesis-relic","tradeInfo":[],"listingCount":26},{"id":100499,"name":"Progenesis","icon":"https://web.poecdn.com/gen/image/WzksMTQseyJmIjoiMkRJdGVtcy9GbGFza3MvVWJlck1hdmVuRmxhc2siLCJ3IjoxLCJoIjoyLCJzY2FsZSI6MSwibGV2ZWwiOjF9XQ/b82c247a54/UberMavenFlask.png","levelRequired":60,"baseType":"Amethyst Flask","itemClass":3,"sparkline":{"data":[0,1.51,4.21,5.79,6.80,8.33,9.80],"totalChange":9.80},"lowConfidenceSparkline":{"data":[0,1.51,4.21,5.79,6.80,8.33,9.80],"totalChange":9.80},"implicitModifiers":[],"explicitModifiers":[{"text":"(10-20)% reduced Charges per use","optional":false},{"text":"(1-35)% increased Duration","optional":true},{"text":"(1-35)% reduced Duration","optional":true},{"text":"When Hit during effect, 25% of Life loss from Damage taken occurs over 4 seconds instead","optional":false}],"flavourText":"They were bred in a cosmic ocean of raw creation.\nFeasting and drinking of the milk of the mother,\nthey fought to the death for every last drop.","chaosValue":9873.16,"exaltedValue":456.25,"divineValue":38.00,"count":202,"detailsId":"progenesis","tradeInfo":[],"listingCount":882},{"id":100474,"name":"Oriath's End","icon":"https://web.poecdn.com/gen/image/WzksMTQseyJmIjoiMkRJdGVtcy9GbGFza3MvVWJlclNpcnVzRmxhc2siLCJ3IjoxLCJoIjoyLCJzY2FsZSI6MSwibGV2ZWwiOjEsImZpIjp0cnVlfV0/559e44ad89/UberSirusFlask.png","levelRequired":56,"baseType":"Bismuth Flask","itemClass":3,"sparkline":{"data":[0,0.43,1.47,11.04,19.98,21.70,23.36],"totalChange":23.36},"lowConfidenceSparkline":{"data":[0,0.43,1.47,11.04,19.98,21.70,23.36],"totalChange":23.36},"implicitModifiers":[],"explicitModifiers":[{"text":"(20-40)% increased Charge Recovery","optional":false},{"text":"Enemies you Kill during Effect have a (20-30)% chance to Explode, dealing a tenth of their maximum Life as Damage of a Random Element","optional":false}],"flavourText":"Ennui prevailed, until inspiration sparked\na mote of flame, kindled by fury\nand all in his path were obliterated.","chaosValue":3897.30,"exaltedValue":180.10,"divineValue":15.00,"count":113,"detailsId":"oriaths-end","tradeInfo":[],"listingCount":765},{"id":68588,"name":"Olroth's Resolve","icon":"https://web.poecdn.com/gen/image/WzksMTQseyJmIjoiMkRJdGVtcy9GbGFza3MvV2FyZEZsYXNrMDIiLCJ3IjoxLCJoIjoyLCJzY2FsZSI6MSwibGV2ZWwiOjEsImZpIjp0cnVlfV0/e2d893328e/WardFlask02.png","levelRequired":27,"baseType":"Iron Flask","itemClass":3,"sparkline":{"data":[0,-0.22,0.81,2.20,-30.89,-37.20,-36.27],"totalChange":-36.27},"lowConfidenceSparkline":{"data":[0,-0.22,0.81,2.20,-30.89,-37.20,-36.27],"totalChange":-36.27},"implicitModifiers":[{"text":"Restores Ward on use","optional":false}],"explicitModifiers":[{"text":"(40-50)% increased Charges per use","optional":false},{"text":"Ward does not Break during Effect","optional":false},{"text":"70% less Ward during Effect","optional":false}],"flavourText":"Olroth the Gallant,\ntireless and true,\nhe fights for me,\nhe fights for you!","chaosValue":1558.92,"exaltedValue":72.04,"divineValue":6.00,"count":123,"detailsId":"olroths-resolve","tradeInfo":[],"listingCount":450},{"id":99262,"name":"Bottled Faith","icon":"https://web.poecdn.com/gen/image/WzksMTQseyJmIjoiMkRJdGVtcy9GbGFza3MvQm90dGxlZFB1cml0eSIsInciOjEsImgiOjIsInNjYWxlIjoxLCJsZXZlbCI6MSwiZmkiOnRydWUsInJlbGljIjowfV0/66a1d48e48/BottledPurity.png","levelRequired":27,"baseType":"Sulphur Flask","itemClass":9,"sparkline":{"data":[0,-3.23,-3.21,null,null,null,null],"totalChange":-3.21},"lowConfidenceSparkline":{"data":[0,-3.23,-3.21,-17.71,-23.21,-22.11,-14.47],"totalChange":-14.47},"implicitModifiers":[{"text":"Creates Consecrated Ground on Use","optional":false}],"explicitModifiers":[{"text":"(15-30)% reduced Duration","optional":false},{"text":"Consecrated Ground created by this Flask has Tripled Radius","optional":false},{"text":"Consecrated Ground created during Effect applies (7-10)% increased Damage taken to Enemies","optional":false},{"text":"(101-150)% increased Critical Strike Chance against Enemies on Consecrated Ground during Effect","optional":false}],"flavourText":"A tourniquet for the soul, squeezing ethereal into physical.","chaosValue":1351.06,"exaltedValue":62.43,"divineValue":5.20,"count":4,"detailsId":"bottled-faith-relic","tradeInfo":[],"listingCount":51},{"id":68384,"name":"Starlight Chalice","icon":"https://web.poecdn.com/gen/image/WzksMTQseyJmIjoiMkRJdGVtcy9GbGFza3MvQWRhcHRhdGlvbkZsYXNrMDIiLCJ3IjoxLCJoIjoyLCJzY2FsZSI6MSwibGV2ZWwiOjEsImZpIjp0cnVlfV0/5eefb64558/AdaptationFlask02.png","levelRequired":27,"baseType":"Iron Flask","itemClass":3,"sparkline":{"data":[0,3.59,1.46,2.87,-13.08,-12.10,-10.91],"totalChange":-10.91},"lowConfidenceSparkline":{"data":[0,3.59,1.46,2.87,-13.08,-12.10,-10.91],"totalChange":-10.91},"implicitModifiers":[{"text":"Restores Ward on use","optional":false}],"explicitModifiers":[{"text":"(20-30)% increased Charge Recovery","optional":false},{"text":"Inflict Fire, Cold and Lightning Exposure on nearby Enemies when used","optional":false},{"text":"(20-30)% increased Effect of Non-Damaging Ailments you inflict during Effect","optional":false}],"flavourText":"Uhtred and his priests drank of the skies\nto empower runes... and themselves.","chaosValue":1299.10,"exaltedValue":60.03,"divineValue":5.00,"count":21,"detailsId":"starlight-chalice","tradeInfo":[],"listingCount":199},{"id":99289,"name":"Dying Sun","icon":"https://web.poecdn.com/gen/image/WzksMTQseyJmIjoiMkRJdGVtcy9GbGFza3MvU2hhcGVyc0ZsYXNrIiwidyI6MSwiaCI6Miwic2NhbGUiOjEsImxldmVsIjoxLCJmaSI6dHJ1ZSwicmVsaWMiOjB9XQ/ef28263899/ShapersFlask.png","levelRequired":68,"baseType":"Ruby Flask","itemClass":9,"sparkline":{"data":[0,0.43,1.47,126.83,357.53,364.10,null],"totalChange":364.10},"lowConfidenceSparkline":{"data":[0,0.43,1.47,126.83,357.53,364.10,434.54],"totalChange":434.54},"implicitModifiers":[],"explicitModifiers":[{"text":"(125-150)% increased Charges per use","optional":false},{"text":"(40-60)% less Duration","optional":false},{"text":"(10-20)% increased Area of Effect during Effect","optional":false},{"text":"Skills fire 2 additional Projectiles during Effect","optional":false}],"flavourText":"All things must die.\nWhether you burn out or explode is up to you.","chaosValue":1299.10,"exaltedValue":60.03,"divineValue":5.00,"count":3,"detailsId":"dying-sun-relic","tradeInfo":[],"listingCount":120},{"id":20932,"name":"Bottled Faith","icon":"https://web.poecdn.com/gen/image/WzksMTQseyJmIjoiMkRJdGVtcy9GbGFza3MvQm90dGxlZFB1cml0eSIsInciOjEsImgiOjIsInNjYWxlIjoxLCJsZXZlbCI6MSwiZnMiOnRydWV9XQ/0b53a73e4b/BottledPurity.png","levelRequired":27,"baseType":"Sulphur Flask","itemClass":3,"sparkline":{"data":[0,0.43,1.47,3.11,3.98,1.29,-14.47],"totalChange":-14.47},"lowConfidenceSparkline":{"data":[0,0.43,1.47,3.11,3.98,1.29,-14.47],"totalChange":-14.47},"implicitModifiers":[{"text":"Creates Consecrated Ground on Use","optional":false}],"explicitModifiers":[{"text":"(15-30)% reduced Duration","optional":false},{"text":"Consecrated Ground created by this Flask has Tripled Radius","optional":false},{"text":"Consecrated Ground created during Effect applies (7-10)% increased Damage taken to Enemies","optional":false},{"text":"(100-150)% increased Critical Strike Chance against Enemies on Consecrated Ground during Effect","optional":false}],"flavourText":"A tourniquet for the soul, squeezing ethereal into physical.","chaosValue":519.64,"exaltedValue":24.01,"divineValue":2.00,"count":399,"detailsId":"bottled-faith","tradeInfo":[],"listingCount":5504},{"id":7020,"name":"Soul Ripper","icon":"https://web.poecdn.com/gen/image/WzksMTQseyJmIjoiMkRJdGVtcy9GbGFza3MvU291bFJpcHBlciIsInciOjEsImgiOjIsInNjYWxlIjoxLCJsZXZlbCI6MX1d/f74d277e1d/SoulRipper.png","levelRequired":27,"baseType":"Quartz Flask","itemClass":3,"sparkline":{"data":[0,11.11,39.04,52.94,-29.87,-28.72,-27.75],"totalChange":-27.75},"lowConfidenceSparkline":{"data":[0,11.11,39.04,52.94,-29.87,-28.72,-27.75],"totalChange":-27.75},"implicitModifiers":[],"explicitModifiers":[{"text":"+(-40-90) to Maximum Charges","optional":true},{"text":"Loses all Charges when you enter a new area","optional":false},{"text":"Consumes Maximum Charges to use","optional":false},{"text":"Gain Vaal Souls equal to Charges Consumed when used","optional":false}],"flavourText":"\"What care have I for their pain? They're already dead.\"\n- Atalui, Vaal Priestess","chaosValue":259.82,"exaltedValue":12.01,"divineValue":1.00,"count":37,"detailsId":"soul-ripper","tradeInfo":[],"listingCount":264},{"id":1394,"name":"Taste of Hate","icon":"https://web.poecdn.com/gen/image/WzksMTQseyJmIjoiMkRJdGVtcy9GbGFza3MvVGFzdGVPZkhhdGUiLCJ3IjoxLCJoIjoyLCJzY2FsZSI6MSwibGV2ZWwiOjEsImZzIjp0cnVlfV0/c1550c6dfa/TasteOfHate.png","levelRequired":18,"baseType":"Sapphire Flask","itemClass":3,"sparkline":{"data":[0,3.33,0,-11.11,-11.11,-11.11,-11.11],"totalChange":-11.11},"lowConfidenceSparkline":{"data":[0,3.33,0,-11.11,-11.11,-11.11,-11.11],"totalChange":-11.11},"implicitModifiers":[],"explicitModifiers":[{"text":"(10-15)% of Physical Damage from Hits taken as Cold Damage during Effect","optional":false},{"text":"Gain (10-15)% of Physical Damage as Extra Cold Damage during effect","optional":false},{"text":"30% chance to Avoid being Chilled during Effect","optional":false},{"text":"30% chance to Avoid being Frozen during Effect","optional":false}],"flavourText":"A sip will freeze your lips,\nA swig will chill your heart,\nA glass will still your soul.","chaosValue":80.00,"exaltedValue":3.70,"divineValue":0.31,"count":399,"detailsId":"taste-of-hate","tradeInfo":[],"listingCount":5226},{"id":68258,"name":"Elixir of the Unbroken Circle","icon":"https://web.poecdn.com/gen/image/WzksMTQseyJmIjoiMkRJdGVtcy9GbGFza3MvV2FyZEZsYXNrMDMiLCJ3IjoxLCJoIjoyLCJzY2FsZSI6MSwibGV2ZWwiOjEsImZpIjp0cnVlfV0/6e0e724c6c/WardFlask03.png","levelRequired":27,"baseType":"Iron Flask","itemClass":3,"sparkline":{"data":[0,-3.12,-3.12,-5,0,0,0],"totalChange":0},"lowConfidenceSparkline":{"data":[0,-3.12,-3.12,-5,0,0,0],"totalChange":0},"implicitModifiers":[{"text":"Restores Ward on use","optional":false}],"explicitModifiers":[{"text":"(20-40)% increased Duration","optional":false},{"text":"Recover 4% of Life per Endurance Charge on use\nLose all Endurance Charges on use","optional":false},{"text":"Gain 1 Endurance Charge per Second during Effect","optional":false}],"flavourText":"Nothing endures. All things end.\nThen, they begin again.","chaosValue":80.00,"exaltedValue":3.70,"divineValue":0.31,"count":24,"detailsId":"elixir-of-the-unbroken-circle","tradeInfo":[],"listingCount":439},{"id":44298,"name":"Replica Sorrow of the Divine","icon":"https://web.poecdn.com/gen/image/WzksMTQseyJmIjoiMkRJdGVtcy9GbGFza3MvU29ycm93T2ZUaGVEaXZpbmUiLCJ3IjoxLCJoIjoyLCJzY2FsZSI6MSwibGV2ZWwiOjF9XQ/5d9eb26bd6/SorrowOfTheDivine.png","levelRequired":27,"baseType":"Sulphur Flask","itemClass":3,"sparkline":{"data":[0,0,0,-3.33,0,8,1.33],"totalChange":1.33},"lowConfidenceSparkline":{"data":[0,0,0,-3.33,0,8,1.33],"totalChange":1.33},"implicitModifiers":[{"text":"Creates Consecrated Ground on Use","optional":false}],"explicitModifiers":[{"text":"Life Recovery from Flasks also applies to Energy Shield during Effect","optional":false},{"text":"(25-50)% increased Duration","optional":false},{"text":"Eldritch Battery during Effect","optional":false}],"flavourText":"\"Success! Prototype #54 has tapped into that sliver of divinity that exists within.\nFaith fuels the flesh, and the flesh fuels the fire...\"","chaosValue":30.40,"exaltedValue":1.40,"divineValue":0.12,"count":36,"detailsId":"replica-sorrow-of-the-divine","tradeInfo":[],"listingCount":808},{"id":1956,"name":"Sin's Rebirth","icon":"https://web.poecdn.com/gen/image/WzksMTQseyJmIjoiMkRJdGVtcy9GbGFza3MvU2luIiwidyI6MSwiaCI6Miwic2NhbGUiOjEsImxldmVsIjoxfV0/897bffaad1/Sin.png","levelRequired":27,"baseType":"Stibnite Flask","itemClass":3,"sparkline":{"data":[0,0,0,-23.33,-26.67,0,0],"totalChange":0},"lowConfidenceSparkline":{"data":[0,0,0,-23.33,-26.67,0,0],"totalChange":0},"implicitModifiers":[{"text":"Creates a Smoke Cloud on Use","optional":false}],"explicitModifiers":[{"text":"Grants Immunity to Ignite for 4 seconds if used while Ignited\nRemoves all Burning when used","optional":false},{"text":"Unholy Might during Effect","optional":false}],"flavourText":"And from the ashes he rose, like a black cloud.\nThe Sin of one became the Sin of many.","chaosValue":30.00,"exaltedValue":1.39,"divineValue":0.12,"count":52,"detailsId":"sins-rebirth","tradeInfo":[],"listingCount":1197},{"id":44550,"name":"Replica Rumi's Concoction","icon":"https://web.poecdn.com/gen/image/WzksMTQseyJmIjoiMkRJdGVtcy9GbGFza3MvQmxvY2tGbGFzayIsInciOjEsImgiOjIsInNjYWxlIjoxLCJsZXZlbCI6MX1d/3bc27f19d5/BlockFlask.png","levelRequired":68,"baseType":"Granite Flask","itemClass":3,"sparkline":{"data":[0,7.14,7.14,-8.93,-8.93,7.14,7.14],"totalChange":7.14},"lowConfidenceSparkline":{"data":[0,7.14,7.14,-8.93,-8.93,7.14,7.14],"totalChange":7.14},"implicitModifiers":[],"explicitModifiers":[{"text":"90% reduced Duration","optional":false},{"text":"Gain 1 Endurance Charge on use","optional":false},{"text":"Petrified during Effect","optional":false},{"text":"+(35-50)% Chance to Block Attack Damage during Effect","optional":false},{"text":"+(20-30)% Chance to Block Spell Damage during Effect","optional":false}],"flavourText":"\"The most terrifying split second of my life.\" \n- Researcher Graven","chaosValue":30.00,"exaltedValue":1.39,"divineValue":0.12,"count":21,"detailsId":"replica-rumis-concoction","tradeInfo":[],"listingCount":473},{"id":44448,"name":"Replica Lavianga's Spirit","icon":"https://web.poecdn.com/gen/image/WzksMTQseyJmIjoiMkRJdGVtcy9GbGFza3MvTGF2aWFuZ2FzT2lsIiwidyI6MSwiaCI6Miwic2NhbGUiOjEsImxldmVsIjoxfV0/44f064d737/LaviangasOil.png","levelRequired":50,"baseType":"Sanctified Mana Flask","itemClass":3,"sparkline":{"data":[0,8.57,14.29,14.29,14.29,14.29,17.14],"totalChange":17.14},"lowConfidenceSparkline":{"data":[0,8.57,14.29,14.29,14.29,14.29,17.14],"totalChange":17.14},"implicitModifiers":[],"explicitModifiers":[{"text":"(30-50)% increased Amount Recovered","optional":false},{"text":"50% reduced Recovery rate","optional":false},{"text":"(5-15)% increased Attack Speed during Effect","optional":false},{"text":"(5-15)% increased Cast Speed during Effect","optional":false},{"text":"10% increased Mana Cost of Skills during Effect","optional":false}],"flavourText":"\"An intriguing paradox.\"","chaosValue":20.50,"exaltedValue":0.95,"divineValue":0.08,"count":33,"detailsId":"replica-laviangas-spirit","tradeInfo":[],"listingCount":694},{"id":467,"name":"Dying Sun","icon":"https://web.poecdn.com/gen/image/WzksMTQseyJmIjoiMkRJdGVtcy9GbGFza3MvU2hhcGVyc0ZsYXNrIiwidyI6MSwiaCI6Miwic2NhbGUiOjEsImxldmVsIjoxfV0/c6e2f8118d/ShapersFlask.png","levelRequired":68,"baseType":"Ruby Flask","itemClass":3,"sparkline":{"data":[0,0,0,0,0,0,0],"totalChange":0},"lowConfidenceSparkline":{"data":[0,0,0,0,0,0,0],"totalChange":0},"implicitModifiers":[],"explicitModifiers":[{"text":"(125-150)% increased Charges per use","optional":false},{"text":"(40-60)% less Duration","optional":false},{"text":"(10-20)% increased Area of Effect during Effect","optional":false},{"text":"Skills fire 2 additional Projectiles during Effect","optional":false}],"flavourText":"All things must die.\nWhether you burn out or explode is up to you.","chaosValue":20.00,"exaltedValue":0.92,"divineValue":0.08,"count":399,"detailsId":"dying-sun","tradeInfo":[],"listingCount":18884},{"id":60420,"name":"Vessel of Vinktar","icon":"https://web.poecdn.com/gen/image/WzksMTQseyJmIjoiMkRJdGVtcy9GbGFza3MvVmlua3RhckZsYXNrIiwidyI6MSwiaCI6Miwic2NhbGUiOjEsImxldmVsIjoxfV0/caf5220901/VinktarFlask.png","levelRequired":68,"baseType":"Topaz Flask","itemClass":3,"sparkline":{"data":[0,0,0,0,0,0,0],"totalChange":0},"lowConfidenceSparkline":{"data":[0,0,0,0,0,0,0],"totalChange":0},"implicitModifiers":[],"explicitModifiers":[{"text":"(125-150)% increased Charges per use","optional":false},{"text":"Shocks nearby Enemies during Effect, causing 10% increased Damage taken","optional":false},{"text":"You are Shocked during Effect, causing 50% increased Damage taken","optional":false},{"text":"50% of Physical Damage Converted to Lightning during Effect","optional":true},{"text":"Adds (10-15) to (55-65) Lightning Damage to Spells during Effect","optional":true},{"text":"Damage Penetrates 6% Lightning Resistance during Effect","optional":true},{"text":"Adds (10-15) to (55-65) Lightning Damage to Attacks during Effect","optional":true},{"text":"(25-40)% increased Effect of Shocks you inflict during Effect","optional":true},{"text":"Shocks you inflict during Effect spread to other Enemies within 2 metres","optional":true},{"text":"Shocks you inflict during Effect spread to other Enemies in a radius of 20","optional":true},{"text":"20% of Lightning Damage Leeched as Life during Effect","optional":false}],"flavourText":"The great city of storms, washed away by Vinktar's thirst for power.","chaosValue":15.00,"exaltedValue":0.69,"divineValue":0.06,"count":376,"detailsId":"vessel-of-vinktar","tradeInfo":[],"listingCount":4832},{"id":19060,"name":"Cinderswallow Urn","icon":"https://web.poecdn.com/gen/image/WzksMTQseyJmIjoiMkRJdGVtcy9GbGFza3MvVmlhbG9mVW5saWZlIiwidyI6MSwiaCI6Miwic2NhbGUiOjEsImxldmVsIjoxfV0/9911226887/VialofUnlife.png","levelRequired":48,"baseType":"Silver Flask","itemClass":3,"sparkline":{"data":[0,0,0,0,0,0,0],"totalChange":0},"lowConfidenceSparkline":{"data":[0,0,0,0,0,0,0],"totalChange":0},"implicitModifiers":[],"explicitModifiers":[{"text":"+90 to Maximum Charges","optional":false},{"text":"Recharges 5 Charges when you Consume an Ignited corpse","optional":false},{"text":"(175-200)% increased Charges per use","optional":false},{"text":"Regenerate 3% of Life per second during Effect","optional":true},{"text":"(20-25)% reduced Mana Cost of Skills during Effect","optional":true},{"text":"50% Chance to Avoid being Stunned during Effect","optional":true},{"text":"(20-30)% increased Rarity of Items found during Effect","optional":true},{"text":"15% of Damage Taken from Hits is Leeched as Life during Effect","optional":true},{"text":"(60-80)% reduced Reflected Damage taken during Effect","optional":true},{"text":"Enemies Ignited by you during Effect take (7-10)% increased Damage","optional":false},{"text":"Recover (1-3)% of Life when you Kill an Enemy during Effect","optional":true},{"text":"Recover (1-3)% of Mana when you Kill an Enemy during Effect","optional":true},{"text":"Recover (1-3)% of Energy Shield when you Kill an Enemy during Effect","optional":true}],"flavourText":"A controlled burn is sometimes necessary for new life.","chaosValue":10.00,"exaltedValue":0.46,"divineValue":0.04,"count":399,"detailsId":"cinderswallow-urn","tradeInfo":[],"listingCount":15964},{"id":68096,"name":"Vorana's Preparation","icon":"https://web.poecdn.com/gen/image/WzksMTQseyJmIjoiMkRJdGVtcy9GbGFza3MvQWRhcHRhdGlvbkZsYXNrMDMiLCJ3IjoxLCJoIjoyLCJzY2FsZSI6MSwibGV2ZWwiOjF9XQ/f67d3bf6f2/AdaptationFlask03.png","levelRequired":27,"baseType":"Iron Flask","itemClass":3,"sparkline":{"data":[0,0,0,0,0,0,0],"totalChange":0},"lowConfidenceSparkline":{"data":[0,0,0,0,0,0,0],"totalChange":0},"implicitModifiers":[{"text":"Restores Ward on use","optional":false}],"explicitModifiers":[{"text":"(1-10)% increased Charges per use","optional":true},{"text":"(1-10)% reduced Charges per use","optional":true},{"text":"Debilitate nearby Enemies for 2 Seconds when Effect ends","optional":false},{"text":"Effect is removed when Ward Breaks","optional":false},{"text":"Culling Strike during Effect","optional":false}],"flavourText":"Vorana trained her mercenaries\nthus: strike true and survive.","chaosValue":10.00,"exaltedValue":0.46,"divineValue":0.04,"count":44,"detailsId":"voranas-preparation","tradeInfo":[],"listingCount":1172},{"id":1073,"name":"Rumi's Concoction","icon":"https://web.poecdn.com/gen/image/WzksMTQseyJmIjoiMkRJdGVtcy9GbGFza3MvQmxvY2tGbGFzayIsInciOjEsImgiOjIsInNjYWxlIjoxLCJsZXZlbCI6MX1d/3bc27f19d5/BlockFlask.png","levelRequired":68,"baseType":"Granite Flask","itemClass":3,"sparkline":{"data":[0,-9.09,-9.09,-9.09,-11.04,-15.58,-9.09],"totalChange":-9.09},"lowConfidenceSparkline":{"data":[0,-9.09,-9.09,-9.09,-11.04,-15.58,-9.09],"totalChange":-9.09},"implicitModifiers":[],"explicitModifiers":[{"text":"+(8-12)% Chance to Block Attack Damage during Effect","optional":false},{"text":"+(4-6)% Chance to Block Spell Damage during Effect","optional":false}],"flavourText":"\"Yesterday I was clever, so I wanted to change the world.\nToday I am wise, so I am changing myself.\"\n-Rumi of the Vaal","chaosValue":7.00,"exaltedValue":0.32,"divineValue":0.03,"count":397,"detailsId":"rumis-concoction","tradeInfo":[],"listingCount":7333},{"id":306,"name":"Coruscating Elixir","icon":"https://web.poecdn.com/gen/image/WzksMTQseyJmIjoiMkRJdGVtcy9GbGFza3MvQ29ydXNFbGl4aXIiLCJ3IjoxLCJoIjoyLCJzY2FsZSI6MSwibGV2ZWwiOjEsImZzIjp0cnVlfV0/9de7665aa2/CorusElixir.png","levelRequired":18,"baseType":"Ruby Flask","itemClass":3,"sparkline":{"data":[0,0,0,0,0,0,0],"totalChange":0},"lowConfidenceSparkline":{"data":[0,0,0,0,0,0,0],"totalChange":0},"implicitModifiers":[],"explicitModifiers":[{"text":"25% increased Duration","optional":false},{"text":"Chaos Damage taken does not bypass Energy Shield during effect","optional":false},{"text":"Removes all but one Life on use\nRemoved life is Regenerated as Energy Shield over 2 seconds","optional":false}],"flavourText":"Let blood sear in your veins, \nLet the pain push outwards and turn away your enemy's blows.","chaosValue":5.00,"exaltedValue":0.23,"divineValue":0.02,"count":166,"detailsId":"coruscating-elixir","tradeInfo":[],"listingCount":4268},{"id":1904,"name":"Zerphi's Last Breath","icon":"https://web.poecdn.com/gen/image/WzksMTQseyJmIjoiMkRJdGVtcy9GbGFza3MvWmVycGhpc0xhc3RCcmVhdGgiLCJ3IjoxLCJoIjoyLCJzY2FsZSI6MSwibGV2ZWwiOjF9XQ/bf8cb7b943/ZerphisLastBreath.png","levelRequired":18,"baseType":"Grand Mana Flask","itemClass":3,"sparkline":{"data":[0,8.57,-5.71,-14.29,-5.71,14.29,25.71],"totalChange":25.71},"lowConfidenceSparkline":{"data":[0,8.57,-5.71,-14.29,-5.71,14.29,25.71],"totalChange":25.71},"implicitModifiers":[],"explicitModifiers":[{"text":"50% increased Charges per use","optional":false},{"text":"Grants Last Breath when you Use a Skill during Effect, for (450-600)% of Mana Cost","optional":false}],"flavourText":"\"Proof that if you devote yourself to a god of death,\nyou may be spared from its wrath.\"\n- Icius Perandus, Antiquities Collection, Item 408","chaosValue":4.40,"exaltedValue":0.20,"divineValue":0.02,"count":37,"detailsId":"zerphis-last-breath","tradeInfo":[],"listingCount":671},{"id":125,"name":"Atziri's Promise","icon":"https://web.poecdn.com/gen/image/WzksMTQseyJmIjoiMkRJdGVtcy9GbGFza3MvQXR6aXJpc1Byb21pc2UiLCJ3IjoxLCJoIjoyLCJzY2FsZSI6MSwibGV2ZWwiOjF9XQ/8a5f4f13b4/AtzirisPromise.png","levelRequired":68,"baseType":"Amethyst Flask","itemClass":3,"sparkline":{"data":[0,0,0,0,0,33.33,33.33],"totalChange":33.33},"lowConfidenceSparkline":{"data":[0,0,0,0,0,33.33,33.33],"totalChange":33.33},"implicitModifiers":[],"explicitModifiers":[{"text":"Gain (5-8)% of Elemental Damage as Extra Chaos Damage during effect","optional":false},{"text":"2% of Chaos Damage Leeched as Life during Effect","optional":false},{"text":"Gain (5-8)% of Physical Damage as Extra Chaos Damage during effect","optional":false}],"flavourText":"\"Death needs not your understanding. It needs only your loyalty.\" \n- Atziri, Queen of the Vaal","chaosValue":4.00,"exaltedValue":0.18,"divineValue":0.02,"count":338,"detailsId":"atziris-promise","tradeInfo":[],"listingCount":5225},{"id":424,"name":"Divination Distillate","icon":"https://web.poecdn.com/gen/image/WzksMTQseyJmIjoiMkRJdGVtcy9GbGFza3MveUZsYXNrczE3IiwidyI6MSwiaCI6Miwic2NhbGUiOjEsImxldmVsIjoxfV0/df28fc612b/yFlasks17.png","levelRequired":30,"baseType":"Large Hybrid Flask","itemClass":3,"sparkline":{"data":[0,0,0,0,0,0,0],"totalChange":0},"lowConfidenceSparkline":{"data":[0,0,0,0,0,0,0],"totalChange":0},"implicitModifiers":[],"explicitModifiers":[{"text":"(8-12)% increased Quantity of Items found during Effect","optional":false},{"text":"(20-30)% increased Rarity of Items found during Effect","optional":false},{"text":"25% increased Light Radius during Effect","optional":false},{"text":"+50% to Elemental Resistances during Effect","optional":false}],"flavourText":"Knowledge is fermented in pain and loss\nDistilled with reflection\nTo quench the thirst of those\nwho dream of enlightenment","chaosValue":4.00,"exaltedValue":0.18,"divineValue":0.02,"count":399,"detailsId":"divination-distillate","tradeInfo":[],"listingCount":11392},{"id":763,"name":"Lion's Roar","icon":"https://web.poecdn.com/gen/image/WzksMTQseyJmIjoiMkRJdGVtcy9GbGFza3MveUZsYXNrNSIsInciOjEsImgiOjIsInNjYWxlIjoxLCJsZXZlbCI6MX1d/69fe070e32/yFlask5.png","levelRequired":27,"baseType":"Granite Flask","itemClass":3,"sparkline":{"data":[0,0,0,0,0,0,30],"totalChange":30},"lowConfidenceSparkline":{"data":[0,0,0,0,0,0,30],"totalChange":30},"implicitModifiers":[],"explicitModifiers":[{"text":"Knocks Back Enemies in an Area when you use a Flask","optional":false},{"text":"75% chance to cause Enemies to Flee on use","optional":false},{"text":"Adds Knockback to Melee Attacks during Effect","optional":false},{"text":"(7-10)% more Melee Physical Damage during effect","optional":false}],"flavourText":"A sprinkle of hunger, a spoonful of menace\nand three generous cups of Might.","chaosValue":3.90,"exaltedValue":0.18,"divineValue":0.02,"count":252,"detailsId":"lions-roar","tradeInfo":[],"listingCount":5852},{"id":1893,"name":"Witchfire Brew","icon":"https://web.poecdn.com/gen/image/WzksMTQseyJmIjoiMkRJdGVtcy9GbGFza3MvV2l0Y2hGaXJlQnJldyIsInciOjEsImgiOjIsInNjYWxlIjoxLCJsZXZlbCI6MX1d/1696a739f5/WitchFireBrew.png","levelRequired":48,"baseType":"Stibnite Flask","itemClass":3,"sparkline":{"data":[0,0,0,0,20,49,50],"totalChange":50},"lowConfidenceSparkline":{"data":[0,0,0,0,20,49,50],"totalChange":50},"implicitModifiers":[{"text":"Creates a Smoke Cloud on Use","optional":false}],"explicitModifiers":[{"text":"(1-10)% increased Charges per use","optional":true},{"text":"(1-10)% reduced Charges per use","optional":true},{"text":"Grants Level 21 Despair Curse Aura during Effect","optional":false}],"flavourText":"\"Think of those that cursed us, judged us, \nand burned our sisters upon the pyre. \nThink of their names as you drink, \nand even their children will feel what we do to them today.\" \n-Vadinya, to her coven","chaosValue":3.00,"exaltedValue":0.14,"divineValue":0.01,"count":199,"detailsId":"witchfire-brew","tradeInfo":[],"listingCount":5462},{"id":2075,"name":"The Wise Oak","icon":"https://web.poecdn.com/gen/image/WzksMTQseyJmIjoiMkRJdGVtcy9GbGFza3MvVGhlV2lzZU9hayIsInciOjEsImgiOjIsInNjYWxlIjoxLCJsZXZlbCI6MX1d/80a47134d5/TheWiseOak.png","levelRequired":8,"baseType":"Bismuth Flask","itemClass":3,"sparkline":{"data":[0,0,0,0,0,0,0],"totalChange":0},"lowConfidenceSparkline":{"data":[0,0,0,0,0,0,0],"totalChange":0},"implicitModifiers":[],"explicitModifiers":[{"text":"During Effect, 6% reduced Damage taken of each Element for which your Uncapped Elemental Resistance is lowest","optional":false},{"text":"During Effect, Damage Penetrates (5-8)% Resistance of each Element for which your Uncapped Elemental Resistance is highest","optional":false}],"flavourText":"The summer sun dries the soil and burns the leaves.\nThe autumn rain extinguishes the flames.\nThe spring bloom shades the wet earth.\nNature is an eternal tug of war.","chaosValue":3.00,"exaltedValue":0.14,"divineValue":0.01,"count":276,"detailsId":"the-wise-oak","tradeInfo":[],"listingCount":6504},{"id":1679,"name":"The Writhing Jar","icon":"https://web.poecdn.com/gen/image/WzksMTQseyJmIjoiMkRJdGVtcy9GbGFza3MvV3JpdGhpbmdKYXIiLCJ3IjoxLCJoIjoyLCJzY2FsZSI6MSwibGV2ZWwiOjF9XQ/6d3e384036/WrithingJar.png","levelRequired":60,"baseType":"Hallowed Hybrid Flask","itemClass":3,"sparkline":{"data":[0,0,0,0,0,0,0],"totalChange":0},"lowConfidenceSparkline":{"data":[0,0,0,0,0,0,0],"totalChange":0},"implicitModifiers":[],"explicitModifiers":[{"text":"(10-20)% reduced Charges per use","optional":false},{"text":"(65-75)% reduced Amount Recovered","optional":false},{"text":"Instant Recovery","optional":false},{"text":"2 Enemy Writhing Worms escape the Flask when used\nWrithing Worms are destroyed when Hit","optional":false}],"flavourText":"To achieve godhood, they would cast off all that god has gifted us.\nMortality, compassion, even the sanctity of flesh.\n - High Templar Voll","chaosValue":2.00,"exaltedValue":0.09,"divineValue":0.01,"count":399,"detailsId":"the-writhing-jar","tradeInfo":[],"listingCount":7144},{"id":174,"name":"Blood of the Karui","icon":"https://web.poecdn.com/gen/image/WzksMTQseyJmIjoiMkRJdGVtcy9GbGFza3MvQmxvb2RPZlRoZUthcnVpIiwidyI6MSwiaCI6Miwic2NhbGUiOjEsImxldmVsIjoxfV0/f70bd57e9f/BloodOfTheKarui.png","levelRequired":50,"baseType":"Sanctified Life Flask","itemClass":3,"sparkline":{"data":[0,0,0,0,0,0,0],"totalChange":0},"lowConfidenceSparkline":{"data":[0,0,0,0,0,0,0],"totalChange":0},"implicitModifiers":[],"explicitModifiers":[{"text":"50% increased Life Recovered","optional":false},{"text":"(35-50)% reduced Recovery rate","optional":false},{"text":"Recover Full Life at the end of the Effect","optional":false}],"flavourText":"\"Kaom fought and killed for his people.\nKaom bled for his people.\nAnd so the people gave, the people bled,\nSo their King might go on.\"\n- Lavianga, Advisor to Kaom","chaosValue":1.00,"exaltedValue":0.05,"divineValue":0.00,"count":341,"detailsId":"blood-of-the-karui","tradeInfo":[],"listingCount":9492},{"id":427,"name":"Doedre's Elixir","icon":"https://web.poecdn.com/gen/image/WzksMTQseyJmIjoiMkRJdGVtcy9GbGFza3MveUZsYXNrNCIsInciOjEsImgiOjIsInNjYWxlIjoxLCJsZXZlbCI6MX1d/59c415efed/yFlask4.png","levelRequired":12,"baseType":"Greater Mana Flask","itemClass":3,"sparkline":{"data":[0,0,0,0,0,0,0],"totalChange":0},"lowConfidenceSparkline":{"data":[0,0,0,0,0,0,0],"totalChange":0},"implicitModifiers":[],"explicitModifiers":[{"text":"(250-300)% increased Charges per use","optional":false},{"text":"Removes 80% of your maximum Energy Shield on use","optional":false},{"text":"You take 50% of your maximum Life as Chaos Damage on use","optional":false},{"text":"Gain (2-3) Endurance Charges on use","optional":true},{"text":"Gain 1 Endurance Charge on use","optional":true},{"text":"Gain 1 Frenzy Charge on use","optional":true},{"text":"Gain (2-3) Frenzy Charges on use","optional":true},{"text":"Gain (2-3) Power Charges on use","optional":true},{"text":"Gain 1 Power Charge on use","optional":true}],"flavourText":"Doedre Darktongue knew the Way of the Thaumaturge.\nIn order to receive, one must give... without hesitation.","chaosValue":1.00,"exaltedValue":0.05,"divineValue":0.00,"count":399,"detailsId":"doedres-elixir","tradeInfo":[],"listingCount":10595},{"id":537,"name":"Forbidden Taste","icon":"https://web.poecdn.com/gen/image/WzksMTQseyJmIjoiMkRJdGVtcy9GbGFza3MvUGhhbnRvbUJsb29kIiwidyI6MSwiaCI6Miwic2NhbGUiOjEsImxldmVsIjoxfV0/d04fc2ce16/PhantomBlood.png","levelRequired":27,"baseType":"Quartz Flask","itemClass":3,"sparkline":{"data":[0,0,0,0,0,0,0],"totalChange":0},"lowConfidenceSparkline":{"data":[0,0,0,0,0,0,0],"totalChange":0},"implicitModifiers":[],"explicitModifiers":[{"text":"Recover (75-100)% of Life on use","optional":false},{"text":"25% of Maximum Life taken as Chaos Damage per second","optional":false}],"flavourText":"Your reach exceeds your grasp.","chaosValue":1.00,"exaltedValue":0.05,"divineValue":0.00,"count":300,"detailsId":"forbidden-taste","tradeInfo":[],"listingCount":7616},{"id":712,"name":"Kiara's Determination","icon":"https://web.poecdn.com/gen/image/WzksMTQseyJmIjoiMkRJdGVtcy9GbGFza3MvS2lhcmFzRGV0ZXJtaW5hdGlvbiIsInciOjEsImgiOjIsInNjYWxlIjoxLCJsZXZlbCI6MX1d/591dcd7979/KiarasDetermination.png","levelRequired":27,"baseType":"Silver Flask","itemClass":3,"sparkline":{"data":[0,0,0,0,0,0,0],"totalChange":0},"lowConfidenceSparkline":{"data":[0,0,0,0,0,0,0],"totalChange":0},"implicitModifiers":[],"explicitModifiers":[{"text":"(60-80)% reduced Duration","optional":false},{"text":"Immunity to Freeze, Chill, Curses and Stuns during Effect","optional":false}],"flavourText":"Travelers of the deep wood speak of a witch\nwhose ale provides a different kind\nof liquid courage.","chaosValue":1.00,"exaltedValue":0.05,"divineValue":0.00,"count":399,"detailsId":"kiaras-determination","tradeInfo":[],"listingCount":17543},{"id":739,"name":"Lavianga's Spirit","icon":"https://web.poecdn.com/gen/image/WzksMTQseyJmIjoiMkRJdGVtcy9GbGFza3MvTGF2aWFuZ2FzT2lsIiwidyI6MSwiaCI6Miwic2NhbGUiOjEsImxldmVsIjoxfV0/44f064d737/LaviangasOil.png","levelRequired":50,"baseType":"Sanctified Mana Flask","itemClass":3,"sparkline":{"data":[0,0,0,0,0,0,0],"totalChange":0},"lowConfidenceSparkline":{"data":[0,0,0,0,0,0,0],"totalChange":0},"implicitModifiers":[],"explicitModifiers":[{"text":"(30-50)% increased Amount Recovered","optional":false},{"text":"100% increased Recovery rate","optional":false},{"text":"Skills Cost no Mana during Effect","optional":false}],"flavourText":"\"When the Ancestors fill your cup,\nIt is only good manners to drink your fill.\"\n- Lavianga, Advisor to Kaom","chaosValue":1.00,"exaltedValue":0.05,"divineValue":0.00,"count":367,"detailsId":"laviangas-spirit","tradeInfo":[],"listingCount":9636},{"id":1068,"name":"Rotgut","icon":"https://web.poecdn.com/gen/image/WzksMTQseyJmIjoiMkRJdGVtcy9GbGFza3MvUm90Z3V0IiwidyI6MSwiaCI6Miwic2NhbGUiOjEsImxldmVsIjoxfV0/80c2799242/Rotgut.png","levelRequired":40,"baseType":"Quicksilver Flask","itemClass":3,"sparkline":{"data":[0,0,0,0,0,0,0],"totalChange":0},"lowConfidenceSparkline":{"data":[0,0,0,0,0,0,0],"totalChange":0},"implicitModifiers":[],"explicitModifiers":[{"text":"50% chance to gain a Flask Charge when you deal a Critical Strike","optional":false},{"text":"(30-50)% increased Duration","optional":false},{"text":"Consumes Frenzy Charges on use","optional":false},{"text":"Gain Onslaught for 3 seconds per Frenzy Charge on use","optional":false}],"flavourText":"Rancid, rotten, and wicked are those that dare to taste my serum.","chaosValue":1.00,"exaltedValue":0.05,"divineValue":0.00,"count":358,"detailsId":"rotgut","tradeInfo":[],"listingCount":8471},{"id":1561,"name":"The Overflowing Chalice","icon":"https://web.poecdn.com/gen/image/WzksMTQseyJmIjoiMkRJdGVtcy9GbGFza3MvT3ZlcmZsb3dpbmdDaGFsaWNlIiwidyI6MSwiaCI6Miwic2NhbGUiOjEsImxldmVsIjoxfV0/ff0069d957/OverflowingChalice.png","levelRequired":27,"baseType":"Sulphur Flask","itemClass":3,"sparkline":{"data":[0,0,0,0,0,0,0],"totalChange":0},"lowConfidenceSparkline":{"data":[0,0,0,0,0,0,0],"totalChange":0},"implicitModifiers":[{"text":"Creates Consecrated Ground on Use","optional":false}],"explicitModifiers":[{"text":"(40-60)% increased Charge Recovery","optional":false},{"text":"(50-100)% increased Charges gained by Other Flasks during Effect","optional":false},{"text":"Gains no Charges during Effect of any Overflowing Chalice Flask","optional":false}],"flavourText":"Empty cup, full of promise.","chaosValue":1.00,"exaltedValue":0.05,"divineValue":0.00,"count":399,"detailsId":"the-overflowing-chalice","tradeInfo":[],"listingCount":13763},{"id":1614,"name":"The Sorrow of the Divine","icon":"https://web.poecdn.com/gen/image/WzksMTQseyJmIjoiMkRJdGVtcy9GbGFza3MvU29ycm93T2ZUaGVEaXZpbmUiLCJ3IjoxLCJoIjoyLCJzY2FsZSI6MSwibGV2ZWwiOjF9XQ/5d9eb26bd6/SorrowOfTheDivine.png","levelRequired":27,"baseType":"Sulphur Flask","itemClass":3,"sparkline":{"data":[0,0,0,0,0,0,0],"totalChange":0},"lowConfidenceSparkline":{"data":[0,0,0,0,0,0,0],"totalChange":0},"implicitModifiers":[{"text":"Creates Consecrated Ground on Use","optional":false}],"explicitModifiers":[{"text":"Life Recovery from Flasks also applies to Energy Shield during Effect","optional":false},{"text":"(25-50)% increased Duration","optional":false},{"text":"Zealot's Oath during Effect","optional":false}],"flavourText":"As man sins,\nGod weeps.","chaosValue":1.00,"exaltedValue":0.05,"divineValue":0.00,"count":399,"detailsId":"the-sorrow-of-the-divine","tradeInfo":[],"listingCount":14558},{"id":2283,"name":"Coralito's Signature","icon":"https://web.poecdn.com/gen/image/WzksMTQseyJmIjoiMkRJdGVtcy9GbGFza3MvR29yZ29uc0ZsYXNrIiwidyI6MSwiaCI6Miwic2NhbGUiOjEsImxldmVsIjoxfV0/8fa50a1974/GorgonsFlask.png","levelRequired":27,"baseType":"Diamond Flask","itemClass":3,"sparkline":{"data":[0,0,0,0,0,0,0],"totalChange":0},"lowConfidenceSparkline":{"data":[0,0,0,0,0,0,0],"totalChange":0},"implicitModifiers":[],"explicitModifiers":[{"text":"25% chance to Poison on Hit during Effect","optional":false},{"text":"Your Critical Strikes do not deal extra Damage during Effect","optional":false},{"text":"+(20-30)% to Damage over Time Multiplier for Poison from Critical Strikes during Effect","optional":false},{"text":"Take 250 Chaos Damage per Second during Effect","optional":false}],"flavourText":"\"What cruelty it is, that to be judged a success,\nsuch great work must go uncredited.\" \n- Coralito, Brotherhood of Silence","chaosValue":1.00,"exaltedValue":0.05,"divineValue":0.00,"count":331,"detailsId":"coralitos-signature","tradeInfo":[],"listingCount":8900},{"id":6896,"name":"Soul Catcher","icon":"https://web.poecdn.com/gen/image/WzksMTQseyJmIjoiMkRJdGVtcy9GbGFza3MvU291bENhdGNoZXIiLCJ3IjoxLCJoIjoyLCJzY2FsZSI6MSwibGV2ZWwiOjF9XQ/00e2d0f2b5/SoulCatcher.png","levelRequired":27,"baseType":"Quartz Flask","itemClass":3,"sparkline":{"data":[0,0,0,0,0,0,0],"totalChange":0},"lowConfidenceSparkline":{"data":[0,0,0,0,0,0,0],"totalChange":0},"implicitModifiers":[],"explicitModifiers":[{"text":"Cannot gain Mana during effect","optional":false},{"text":"(60-80)% increased Critical Strike Chance with Vaal Skills during effect","optional":false},{"text":"(60-80)% increased Damage with Vaal Skills during effect","optional":false},{"text":"Vaal Skills used during effect have 10% reduced Soul Gain Prevention Duration","optional":false}],"flavourText":"Freedom is for the privileged, even in death.\n\n<default>{This item can be transformed on the Altar of Sacrifice along with Vial of the Ghost}","chaosValue":1.00,"exaltedValue":0.05,"divineValue":0.00,"count":135,"detailsId":"soul-catcher","tradeInfo":[],"listingCount":2843}]}