{"lines":[{"id":7662,"name":"Prime Chaotic Resonator","icon":"https://web.poecdn.com/gen/image/WzI1LDE0LHsiZiI6IjJESXRlbXMvQ3VycmVuY3kvRGVsdmUvUmVyb2xsMngyQyIsInciOjIsImgiOjIsInNjYWxlIjoxfV0/584267701b/Reroll2x2C.png","baseType":"Prime Chaotic Resonator","stackSize":10,"itemClass":5,"sparkline":{"data":[0,0,0,-9.09,-9.09,-9.09,-9.09],"totalChange":-9.09},"lowConfidenceSparkline":{"data":[0,0,0,-9.09,-9.09,-9.09,-9.09],"totalChange":-9.09},"implicitModifiers":[],"explicitModifiers":[],"flavourText":"","chaosValue":50.00,"exaltedValue":2.31,"divineValue":0.19,"count":399,"detailsId":"prime-chaotic-resonator","tradeInfo":[],"listingCount":4449},{"id":7646,"name":"Powerful Chaotic Resonator","icon":"https://web.poecdn.com/gen/image/WzI1LDE0LHsiZiI6IjJESXRlbXMvQ3VycmVuY3kvRGVsdmUvUmVyb2xsMngyQSIsInciOjIsImgiOjIsInNjYWxlIjoxfV0/b5be7d519f/Reroll2x2A.png","baseType":"Powerful Chaotic Resonator","stackSize":10,"itemClass":5,"sparkline":{"data":[0,0,0,0,0,0,0],"totalChange":0},"lowConfidenceSparkline":{"data":[0,0,0,0,0,0,0],"totalChange":0},"implicitModifiers":[],"explicitModifiers":[],"flavourText":"","chaosValue":6.00,"exaltedValue":0.28,"divineValue":0.02,"count":399,"detailsId":"powerful-chaotic-resonator","tradeInfo":[],"listingCount":6389},{"id":7648,"name":"Potent Chaotic Resonator","icon":"https://web.poecdn.com/gen/image/WzI1LDE0LHsiZiI6IjJESXRlbXMvQ3VycmVuY3kvRGVsdmUvUmVyb2xsMngxQSIsInciOjEsImgiOjIsInNjYWxlIjoxfV0/1aa8e1c365/Reroll2x1A.png","baseType":"Potent Chaotic Resonator","stackSize":10,"itemClass":5,"sparkline":{"data":[0,0,0,0,0,0,0],"totalChange":0},"lowConfidenceSparkline":{"data":[0,0,0,0,0,0,0],"totalChange":0},"implicitModifiers":[],"explicitModifiers":[],"flavourText":"","chaosValue":3.00,"exaltedValue":0.14,"divineValue":0.01,"count":399,"detailsId":"potent-chaotic-resonator","tradeInfo":[],"listingCount":7036},{"id":7636,"name":"Primitive Chaotic Resonator","icon":"https://web.poecdn.com/gen/image/WzI1LDE0LHsiZiI6IjJESXRlbXMvQ3VycmVuY3kvRGVsdmUvUmVyb2xsMXgxQSIsInciOjEsImgiOjEsInNjYWxlIjoxfV0/eea57ec0df/Reroll1x1A.png","baseType":"Primitive Chaotic Resonator","stackSize":10,"itemClass":5,"sparkline":{"data":[0,0,0,0,0,0,0],"totalChange":0},"lowConfidenceSparkline":{"data":[0,0,0,0,0,0,0],"totalChange":0},"implicitModifiers":[],"explicitModifiers":[],"flavourText":"","chaosValue":2.00,"exaltedValue":0.09,"divineValue":0.01,"count":399,"detailsId":"primitive-chaotic-resonator","tradeInfo":[],"listingCount":21359}]}