{"lines":[{"id":40925,"name":"Skittering Delirium Orb","icon":"https://web.poecdn.com/gen/image/WzI1LDE0LHsiZiI6IjJESXRlbXMvQ3VycmVuY3kvRGVsaXJpdW0vRGVsaXJpdW1PcmJTY2FyYWJzIiwidyI6MSwiaCI6MSwic2NhbGUiOjF9XQ/fa4c5160ca/DeliriumOrbScarabs.png","baseType":"Skittering Delirium Orb","stackSize":10,"itemClass":5,"sparkline":{"data":[0,0,0,0,0,0,0],"totalChange":0},"lowConfidenceSparkline":{"data":[0,0,0,0,0,0,0],"totalChange":0},"implicitModifiers":[],"explicitModifiers":[{"text":"Modifies a Map item adding layers of Delirium with the Scarabs reward type","optional":false}],"flavourText":"","chaosValue":30.00,"exaltedValue":1.39,"divineValue":0.12,"count":399,"detailsId":"skittering-delirium-orb","tradeInfo":[],"listingCount":5424},{"id":40910,"name":"Diviner's Delirium Orb","icon":"https://web.poecdn.com/gen/image/WzI1LDE0LHsiZiI6IjJESXRlbXMvQ3VycmVuY3kvRGVsaXJpdW0vRGVsaXJpdW1PcmJEaXZpbmF0aW9uQ2FyZHMiLCJ3IjoxLCJoIjoxLCJzY2FsZSI6MX1d/e47017caab/DeliriumOrbDivinationCards.png","baseType":"Diviner's Delirium Orb","stackSize":10,"itemClass":5,"sparkline":{"data":[0,0,0,-3.33,-3.33,-5.05,-5.2],"totalChange":-5.2},"lowConfidenceSparkline":{"data":[0,0,0,-3.33,-3.33,-5.05,-5.2],"totalChange":-5.2},"implicitModifiers":[],"explicitModifiers":[{"text":"Modifies a Map item adding layers of Delirium with the Divination Cards reward type","optional":false}],"flavourText":"","chaosValue":28.44,"exaltedValue":1.31,"divineValue":0.11,"count":399,"detailsId":"diviners-delirium-orb","tradeInfo":[],"listingCount":5317},{"id":40919,"name":"Fine Delirium Orb","icon":"https://web.poecdn.com/gen/image/WzI1LDE0LHsiZiI6IjJESXRlbXMvQ3VycmVuY3kvRGVsaXJpdW0vRGVsaXJpdW1PcmJDdXJyZW5jeSIsInciOjEsImgiOjEsInNjYWxlIjoxfV0/edac9239bd/DeliriumOrbCurrency.png","baseType":"Fine Delirium Orb","stackSize":10,"itemClass":5,"sparkline":{"data":[0,0,0,0,0,0,0],"totalChange":0},"lowConfidenceSparkline":{"data":[0,0,0,0,0,0,0],"totalChange":0},"implicitModifiers":[],"explicitModifiers":[{"text":"Modifies a Map item adding layers of Delirium with the Currency Items reward type","optional":false}],"flavourText":"","chaosValue":12.00,"exaltedValue":0.55,"divineValue":0.05,"count":399,"detailsId":"fine-delirium-orb","tradeInfo":[],"listingCount":6485},{"id":40904,"name":"Fragmented Delirium Orb","icon":"https://web.poecdn.com/gen/image/WzI1LDE0LHsiZiI6IjJESXRlbXMvQ3VycmVuY3kvRGVsaXJpdW0vRGVsaXJpdW1PcmJGcmFnbWVudHMiLCJ3IjoxLCJoIjoxLCJzY2FsZSI6MX1d/8f24162984/DeliriumOrbFragments.png","baseType":"Fragmented Delirium Orb","stackSize":10,"itemClass":5,"sparkline":{"data":[0,0,0,0,0,0,0],"totalChange":0},"lowConfidenceSparkline":{"data":[0,0,0,0,0,0,0],"totalChange":0},"implicitModifiers":[],"explicitModifiers":[{"text":"Modifies a Map item adding layers of Delirium with the Fragments reward type","optional":false}],"flavourText":"","chaosValue":10.00,"exaltedValue":0.46,"divineValue":0.04,"count":126,"detailsId":"fragmented-delirium-orb","tradeInfo":[],"listingCount":1721},{"id":40905,"name":"Cartographer's Delirium Orb","icon":"https://web.poecdn.com/gen/image/WzI1LDE0LHsiZiI6IjJESXRlbXMvQ3VycmVuY3kvRGVsaXJpdW0vRGVsaXJpdW1PcmJNYXBzIiwidyI6MSwiaCI6MSwic2NhbGUiOjF9XQ/ad4a59a2fc/DeliriumOrbMaps.png","baseType":"Cartographer's Delirium Orb","stackSize":10,"itemClass":5,"sparkline":{"data":[0,0,0,0,0,0,0],"totalChange":0},"lowConfidenceSparkline":{"data":[0,0,0,0,0,0,0],"totalChange":0},"implicitModifiers":[],"explicitModifiers":[{"text":"Modifies a Map item adding layers of Delirium with the Map Items reward type","optional":false}],"flavourText":"","chaosValue":10.00,"exaltedValue":0.46,"divineValue":0.04,"count":129,"detailsId":"cartographers-delirium-orb","tradeInfo":[],"listingCount":1603},{"id":40907,"name":"Abyssal Delirium Orb","icon":"https://web.poecdn.com/gen/image/WzI1LDE0LHsiZiI6IjJESXRlbXMvQ3VycmVuY3kvRGVsaXJpdW0vRGVsaXJpdW1PcmJBYnlzcyIsInciOjEsImgiOjEsInNjYWxlIjoxfV0/9c2b5d6d64/DeliriumOrbAbyss.png","baseType":"Abyssal Delirium Orb","stackSize":10,"itemClass":5,"sparkline":{"data":[0,0,0,0,0,0,0],"totalChange":0},"lowConfidenceSparkline":{"data":[0,0,0,0,0,0,0],"totalChange":0},"implicitModifiers":[],"explicitModifiers":[{"text":"Modifies a Map item adding layers of Delirium with the Abyss Items reward type","optional":false}],"flavourText":"","chaosValue":10.00,"exaltedValue":0.46,"divineValue":0.04,"count":130,"detailsId":"abyssal-delirium-orb","tradeInfo":[],"listingCount":1680},{"id":40909,"name":"Singular Delirium Orb","icon":"https://web.poecdn.com/gen/image/WzI1LDE0LHsiZiI6IjJESXRlbXMvQ3VycmVuY3kvRGVsaXJpdW0vRGVsaXJpdW1PcmJVbmlxdWVzIiwidyI6MSwiaCI6MSwic2NhbGUiOjF9XQ/69797d10bb/DeliriumOrbUniques.png","baseType":"Singular Delirium Orb","stackSize":10,"itemClass":5,"sparkline":{"data":[0,0,0,0,0,0,0],"totalChange":0},"lowConfidenceSparkline":{"data":[0,0,0,0,0,0,0],"totalChange":0},"implicitModifiers":[],"explicitModifiers":[{"text":"Modifies a Map item adding layers of Delirium with the Unique Items reward type","optional":false}],"flavourText":"","chaosValue":10.00,"exaltedValue":0.46,"divineValue":0.04,"count":93,"detailsId":"singular-delirium-orb","tradeInfo":[],"listingCount":1314},{"id":40911,"name":"Obscured Delirium Orb","icon":"https://web.poecdn.com/gen/image/WzI1LDE0LHsiZiI6IjJESXRlbXMvQ3VycmVuY3kvRGVsaXJpdW0vRGVsaXJpdW1PcmJCcmVhY2giLCJ3IjoxLCJoIjoxLCJzY2FsZSI6MX1d/9182ffc9b8/DeliriumOrbBreach.png","baseType":"Obscured Delirium Orb","stackSize":10,"itemClass":5,"sparkline":{"data":[0,0,0,0,0,0,0],"totalChange":0},"lowConfidenceSparkline":{"data":[0,0,0,0,0,0,0],"totalChange":0},"implicitModifiers":[],"explicitModifiers":[{"text":"Modifies a Map item adding layers of Delirium with the Breach Items reward type","optional":false}],"flavourText":"","chaosValue":10.00,"exaltedValue":0.46,"divineValue":0.04,"count":72,"detailsId":"obscured-delirium-orb","tradeInfo":[],"listingCount":1107},{"id":40913,"name":"Armoursmith's Delirium Orb","icon":"https://web.poecdn.com/gen/image/WzI1LDE0LHsiZiI6IjJESXRlbXMvQ3VycmVuY3kvRGVsaXJpdW0vRGVsaXJpdW1PcmJBcm1vdXIiLCJ3IjoxLCJoIjoxLCJzY2FsZSI6MX1d/3f5099006e/DeliriumOrbArmour.png","baseType":"Armoursmith's Delirium Orb","stackSize":10,"itemClass":5,"sparkline":{"data":[0,0,0,0,0,0,0],"totalChange":0},"lowConfidenceSparkline":{"data":[0,0,0,0,0,0,0],"totalChange":0},"implicitModifiers":[],"explicitModifiers":[{"text":"Modifies a Map item adding layers of Delirium with the Armour reward type","optional":false}],"flavourText":"","chaosValue":10.00,"exaltedValue":0.46,"divineValue":0.04,"count":276,"detailsId":"armoursmiths-delirium-orb","tradeInfo":[],"listingCount":3273},{"id":40914,"name":"Fossilised Delirium Orb","icon":"https://web.poecdn.com/gen/image/WzI1LDE0LHsiZiI6IjJESXRlbXMvQ3VycmVuY3kvRGVsaXJpdW0vRGVsaXJpdW1PcmJGb3NzaWxzIiwidyI6MSwiaCI6MSwic2NhbGUiOjF9XQ/ea3a92a762/DeliriumOrbFossils.png","baseType":"Fossilised Delirium Orb","stackSize":10,"itemClass":5,"sparkline":{"data":[0,0,0,0,0,0,0],"totalChange":0},"lowConfidenceSparkline":{"data":[0,0,0,0,0,0,0],"totalChange":0},"implicitModifiers":[],"explicitModifiers":[{"text":"Modifies a Map item adding layers of Delirium with the Fossils reward type","optional":false}],"flavourText":"","chaosValue":10.00,"exaltedValue":0.46,"divineValue":0.04,"count":119,"detailsId":"fossilised-delirium-orb","tradeInfo":[],"listingCount":1761},{"id":40917,"name":"Foreboding Delirium Orb","icon":"https://web.poecdn.com/gen/image/WzI1LDE0LHsiZiI6IjJESXRlbXMvQ3VycmVuY3kvRGVsaXJpdW0vRGVsaXJpdW1PcmJIYXJiaW5nZXIiLCJ3IjoxLCJoIjoxLCJzY2FsZSI6MX1d/707c1f792a/DeliriumOrbHarbinger.png","baseType":"Foreboding Delirium Orb","stackSize":10,"itemClass":5,"sparkline":{"data":[0,0,0,0,0,0,0],"totalChange":0},"lowConfidenceSparkline":{"data":[0,0,0,0,0,0,0],"totalChange":0},"implicitModifiers":[],"explicitModifiers":[{"text":"Modifies a Map item adding layers of Delirium with the Harbinger Items reward type","optional":false}],"flavourText":"","chaosValue":10.00,"exaltedValue":0.46,"divineValue":0.04,"count":197,"detailsId":"foreboding-delirium-orb","tradeInfo":[],"listingCount":2360},{"id":40920,"name":"Amorphous Delirium Orb","icon":"https://web.poecdn.com/gen/image/WzI1LDE0LHsiZiI6IjJESXRlbXMvQ3VycmVuY3kvRGVsaXJpdW0vRGVsaXJpdW1PcmJNZXRhbW9ycGgiLCJ3IjoxLCJoIjoxLCJzY2FsZSI6MX1d/cc0b432821/DeliriumOrbMetamorph.png","baseType":"Amorphous Delirium Orb","stackSize":10,"itemClass":5,"sparkline":{"data":[0,0,0,0,0,0,0],"totalChange":0},"lowConfidenceSparkline":{"data":[0,0,0,0,0,0,0],"totalChange":0},"implicitModifiers":[],"explicitModifiers":[{"text":"Modifies a Map item adding layers of Delirium with the Metamorph reward type","optional":false}],"flavourText":"","chaosValue":10.00,"exaltedValue":0.46,"divineValue":0.04,"count":136,"detailsId":"amorphous-delirium-orb","tradeInfo":[],"listingCount":1556},{"id":40922,"name":"Blighted Delirium Orb","icon":"https://web.poecdn.com/gen/image/WzI1LDE0LHsiZiI6IjJESXRlbXMvQ3VycmVuY3kvRGVsaXJpdW0vRGVsaXJpdW1PcmJCbGlnaHQiLCJ3IjoxLCJoIjoxLCJzY2FsZSI6MX1d/b609cfbb50/DeliriumOrbBlight.png","baseType":"Blighted Delirium Orb","stackSize":10,"itemClass":5,"sparkline":{"data":[0,0,0,0,0,0,0],"totalChange":0},"lowConfidenceSparkline":{"data":[0,0,0,0,0,0,0],"totalChange":0},"implicitModifiers":[],"explicitModifiers":[{"text":"Modifies a Map item adding layers of Delirium with the Blight reward type","optional":false}],"flavourText":"","chaosValue":10.00,"exaltedValue":0.46,"divineValue":0.04,"count":118,"detailsId":"blighted-delirium-orb","tradeInfo":[],"listingCount":1700},{"id":40924,"name":"Whispering Delirium Orb","icon":"https://web.poecdn.com/gen/image/WzI1LDE0LHsiZiI6IjJESXRlbXMvQ3VycmVuY3kvRGVsaXJpdW0vRGVsaXJpdW1PcmJFc3NlbmNlIiwidyI6MSwiaCI6MSwic2NhbGUiOjF9XQ/4c854cba72/DeliriumOrbEssence.png","baseType":"Whispering Delirium Orb","stackSize":10,"itemClass":5,"sparkline":{"data":[0,0,0,0,-0.1,0,0],"totalChange":0},"lowConfidenceSparkline":{"data":[0,0,0,0,-0.1,0,0],"totalChange":0},"implicitModifiers":[],"explicitModifiers":[{"text":"Modifies a Map item adding layers of Delirium with the Essences reward type","optional":false}],"flavourText":"","chaosValue":10.00,"exaltedValue":0.46,"divineValue":0.04,"count":188,"detailsId":"whispering-delirium-orb","tradeInfo":[],"listingCount":2198},{"id":40903,"name":"Imperial Delirium Orb","icon":"https://web.poecdn.com/gen/image/WzI1LDE0LHsiZiI6IjJESXRlbXMvQ3VycmVuY3kvRGVsaXJpdW0vRGVsaXJpdW1PcmJMYWJ5cmludGgiLCJ3IjoxLCJoIjoxLCJzY2FsZSI6MX1d/50340fc6c8/DeliriumOrbLabyrinth.png","baseType":"Imperial Delirium Orb","stackSize":10,"itemClass":5,"sparkline":{"data":[0,0,0,0,0,0,0],"totalChange":0},"lowConfidenceSparkline":{"data":[0,0,0,0,0,0,0],"totalChange":0},"implicitModifiers":[],"explicitModifiers":[{"text":"Modifies a Map item adding layers of Delirium with the Labyrinth Items reward type","optional":false}],"flavourText":"","chaosValue":9.00,"exaltedValue":0.42,"divineValue":0.03,"count":187,"detailsId":"imperial-delirium-orb","tradeInfo":[],"listingCount":2392},{"id":40906,"name":"Jeweller's Delirium Orb","icon":"https://web.poecdn.com/gen/image/WzI1LDE0LHsiZiI6IjJESXRlbXMvQ3VycmVuY3kvRGVsaXJpdW0vRGVsaXJpdW1PcmJUcmlua2V0cyIsInciOjEsImgiOjEsInNjYWxlIjoxfV0/51a3def31b/DeliriumOrbTrinkets.png","baseType":"Jeweller's Delirium Orb","stackSize":10,"itemClass":5,"sparkline":{"data":[0,0,0,0,0,0,0],"totalChange":0},"lowConfidenceSparkline":{"data":[0,0,0,0,0,0,0],"totalChange":0},"implicitModifiers":[],"explicitModifiers":[{"text":"Modifies a Map item adding layers of Delirium with the Trinkets reward type","optional":false}],"flavourText":"","chaosValue":9.00,"exaltedValue":0.42,"divineValue":0.03,"count":269,"detailsId":"jewellers-delirium-orb","tradeInfo":[],"listingCount":3337},{"id":40916,"name":"Thaumaturge's Delirium Orb","icon":"https://web.poecdn.com/gen/image/WzI1LDE0LHsiZiI6IjJESXRlbXMvQ3VycmVuY3kvRGVsaXJpdW0vRGVsaXJpdW1PcmJHZW1zIiwidyI6MSwiaCI6MSwic2NhbGUiOjF9XQ/9d5221762e/DeliriumOrbGems.png","baseType":"Thaumaturge's Delirium Orb","stackSize":10,"itemClass":5,"sparkline":{"data":[0,0,0,0,0,0,0],"totalChange":0},"lowConfidenceSparkline":{"data":[0,0,0,0,0,0,0],"totalChange":0},"implicitModifiers":[],"explicitModifiers":[{"text":"Modifies a Map item adding layers of Delirium with the Gems reward type","optional":false}],"flavourText":"","chaosValue":9.00,"exaltedValue":0.42,"divineValue":0.03,"count":126,"detailsId":"thaumaturges-delirium-orb","tradeInfo":[],"listingCount":1747},{"id":40921,"name":"Blacksmith's Delirium Orb","icon":"https://web.poecdn.com/gen/image/WzI1LDE0LHsiZiI6IjJESXRlbXMvQ3VycmVuY3kvRGVsaXJpdW0vRGVsaXJpdW1PcmJXZWFwb25zIiwidyI6MSwiaCI6MSwic2NhbGUiOjF9XQ/1a249fbf02/DeliriumOrbWeapons.png","baseType":"Blacksmith's Delirium Orb","stackSize":10,"itemClass":5,"sparkline":{"data":[0,0,0,0,0,0,0],"totalChange":0},"lowConfidenceSparkline":{"data":[0,0,0,0,0,0,0],"totalChange":0},"implicitModifiers":[],"explicitModifiers":[{"text":"Modifies a Map item adding layers of Delirium with the Weapons reward type","optional":false}],"flavourText":"","chaosValue":9.00,"exaltedValue":0.42,"divineValue":0.03,"count":247,"detailsId":"blacksmiths-delirium-orb","tradeInfo":[],"listingCount":3227},{"id":40923,"name":"Timeless Delirium Orb","icon":"https://web.poecdn.com/gen/image/WzI1LDE0LHsiZiI6IjJESXRlbXMvQ3VycmVuY3kvRGVsaXJpdW0vRGVsaXJpdW1PcmJMZWdpb24iLCJ3IjoxLCJoIjoxLCJzY2FsZSI6MX1d/448f80d7c4/DeliriumOrbLegion.png","baseType":"Timeless Delirium Orb","stackSize":10,"itemClass":5,"sparkline":{"data":[0,-4.6,-10,-5,-10,-10,-10],"totalChange":-10},"lowConfidenceSparkline":{"data":[0,-4.6,-10,-5,-10,-10,-10],"totalChange":-10},"implicitModifiers":[],"explicitModifiers":[{"text":"Modifies a Map item adding layers of Delirium with the Legion reward type","optional":false}],"flavourText":"","chaosValue":9.00,"exaltedValue":0.42,"divineValue":0.03,"count":132,"detailsId":"timeless-delirium-orb","tradeInfo":[],"listingCount":1744}]}