{"lines":[{"id":107341,"name":"Omen of Fortune","icon":"https://web.poecdn.com/gen/image/WzI1LDE0LHsiZiI6IjJESXRlbXMvQ3VycmVuY3kvQW5jZXN0b3JzL0FuY2VzdG9yT21lbjRCbHVlIiwidyI6MSwiaCI6MSwic2NhbGUiOjF9XQ/bdbae6a5eb/AncestorOmen4Blue.png","baseType":"Omen of Fortune","itemClass":5,"sparkline":{"data":[0,0.55,1.85,13.58,16.14,16.57,18.07],"totalChange":18.07},"lowConfidenceSparkline":{"data":[0,0.55,1.85,13.58,16.14,16.57,18.07],"totalChange":18.07},"implicitModifiers":[],"explicitModifiers":[{"text":"Will be Consumed when you use an Orb of Chance\non an item which can become Unique to ensure it does so","optional":false}],"flavourText":"","chaosValue":2858.57,"exaltedValue":132.10,"divineValue":11.00,"count":246,"detailsId":"omen-of-fortune","tradeInfo":[],"listingCount":847},{"id":106797,"name":"Omen of Connections","icon":"https://web.poecdn.com/gen/image/WzI1LDE0LHsiZiI6IjJESXRlbXMvQ3VycmVuY3kvQW5jZXN0b3JzL0FuY2VzdG9yT21lbjRZZWxsb3ciLCJ3IjoxLCJoIjoxLCJzY2FsZSI6MX1d/5a4946c850/AncestorOmen4Yellow.png","baseType":"Omen of Connections","itemClass":5,"sparkline":{"data":[0,0.69,1.73,3.36,4.24,5.74,7.20],"totalChange":7.20},"lowConfidenceSparkline":{"data":[0,0.69,1.73,3.36,4.24,5.74,7.20],"totalChange":7.20},"implicitModifiers":[],"explicitModifiers":[{"text":"Will be Consumed when you use an Orb of Fusing\non an item to ensure maximum Links","optional":false}],"flavourText":"","chaosValue":519.74,"exaltedValue":24.02,"divineValue":2.00,"count":311,"detailsId":"omen-of-connections","tradeInfo":[],"listingCount":2102},{"id":106344,"name":"Omen of Brilliance","icon":"https://web.poecdn.com/gen/image/WzI1LDE0LHsiZiI6IjJESXRlbXMvQ3VycmVuY3kvQW5jZXN0b3JzL0FuY2VzdG9yT21lbjNCbHVlIiwidyI6MSwiaCI6MSwic2NhbGUiOjF9XQ/90021e045b/AncestorOmen3Blue.png","baseType":"Omen of Brilliance","itemClass":5,"sparkline":{"data":[0,1.40,1.02,-0.38,1.40,1.78,1.78],"totalChange":1.78},"lowConfidenceSparkline":{"data":[0,1.40,1.02,-0.38,1.40,1.78,1.78],"totalChange":1.78},"implicitModifiers":[],"explicitModifiers":[{"text":"Will be Consumed when you level up\nto grant 100% increased Experience gained for 60 seconds","optional":false}],"flavourText":"","chaosValue":80.00,"exaltedValue":3.70,"divineValue":0.31,"count":55,"detailsId":"omen-of-brilliance","tradeInfo":[],"listingCount":686},{"id":106833,"name":"Omen of Blanching","icon":"https://web.poecdn.com/gen/image/WzI1LDE0LHsiZiI6IjJESXRlbXMvQ3VycmVuY3kvQW5jZXN0b3JzL0FuY2VzdG9yT21lbjRHcmVlbiIsInciOjEsImgiOjEsInNjYWxlIjoxfV0/7c260dc676/AncestorOmen4Green.png","baseType":"Omen of Blanching","itemClass":5,"sparkline":{"data":[0,0,-4,-6.25,-6.25,-6.25,-6.25],"totalChange":-6.25},"lowConfidenceSparkline":{"data":[0,0,-4,-6.25,-6.25,-6.25,-6.25],"totalChange":-6.25},"implicitModifiers":[],"explicitModifiers":[{"text":"Will be Consumed when you use a Chromatic Orb\non an item to make 1-3 Sockets become White","optional":false}],"flavourText":"","chaosValue":75.00,"exaltedValue":3.47,"divineValue":0.29,"count":399,"detailsId":"omen-of-blanching","tradeInfo":[],"listingCount":5689},{"id":106604,"name":"Omen of Amelioration","icon":"https://web.poecdn.com/gen/image/WzI1LDE0LHsiZiI6IjJESXRlbXMvQ3VycmVuY3kvQW5jZXN0b3JzL0FuY2VzdG9yT21lbjFSZWQiLCJ3IjoxLCJoIjoxLCJzY2FsZSI6MX1d/2dcbdcc15c/AncestorOmen1Red.png","baseType":"Omen of Amelioration","itemClass":5,"sparkline":{"data":[0,0,0,0,0,0,-7.69],"totalChange":-7.69},"lowConfidenceSparkline":{"data":[0,0,0,0,0,0,-7.69],"totalChange":-7.69},"implicitModifiers":[],"explicitModifiers":[{"text":"Will be Consumed when you Die\nto prevent 75% of Experience loss","optional":false}],"flavourText":"","chaosValue":60.00,"exaltedValue":2.77,"divineValue":0.23,"count":399,"detailsId":"omen-of-amelioration","tradeInfo":[],"listingCount":7862},{"id":106500,"name":"Omen of Acceleration","icon":"https://web.poecdn.com/gen/image/WzI1LDE0LHsiZiI6IjJESXRlbXMvQ3VycmVuY3kvQW5jZXN0b3JzL0FuY2VzdG9yT21lbjNZZWxsb3ciLCJ3IjoxLCJoIjoxLCJzY2FsZSI6MX1d/754e558aa7/AncestorOmen3Yellow.png","baseType":"Omen of Acceleration","itemClass":5,"sparkline":{"data":[0,23.46,92.59,180.86,208.64,208.64,208.64],"totalChange":208.64},"lowConfidenceSparkline":{"data":[0,23.46,92.59,180.86,208.64,208.64,208.64],"totalChange":208.64},"implicitModifiers":[],"explicitModifiers":[{"text":"Will be Consumed when you level up\nto create an Acceleration Shrine","optional":false}],"flavourText":"","chaosValue":25.00,"exaltedValue":1.16,"divineValue":0.10,"count":97,"detailsId":"omen-of-acceleration","tradeInfo":[],"listingCount":1072},{"id":106505,"name":"Omen of Death's Door","icon":"https://web.poecdn.com/gen/image/WzI1LDE0LHsiZiI6IjJESXRlbXMvQ3VycmVuY3kvQW5jZXN0b3JzL0FuY2VzdG9yT21lbjJZZWxsb3ciLCJ3IjoxLCJoIjoxLCJzY2FsZSI6MX1d/240fdcd1b5/AncestorOmen2Yellow.png","baseType":"Omen of Death's Door","itemClass":5,"sparkline":{"data":[0,20,90,120,261.7,400.8,300],"totalChange":300},"lowConfidenceSparkline":{"data":[0,20,90,120,261.7,400.8,300],"totalChange":300},"implicitModifiers":[],"explicitModifiers":[{"text":"Will be Consumed when you reach 25% of Life\nto grant Shade Form for 3 seconds","optional":false}],"flavourText":"","chaosValue":20.00,"exaltedValue":0.92,"divineValue":0.08,"count":231,"detailsId":"omen-of-deaths-door","tradeInfo":[],"listingCount":2045},{"id":106725,"name":"Omen of the Jeweller","icon":"https://web.poecdn.com/gen/image/WzI1LDE0LHsiZiI6IjJESXRlbXMvQ3VycmVuY3kvQW5jZXN0b3JzL0FuY2VzdG9yT21lbjRSZWQiLCJ3IjoxLCJoIjoxLCJzY2FsZSI6MX1d/01b0a6f41a/AncestorOmen4Red.png","baseType":"Omen of the Jeweller","itemClass":5,"sparkline":{"data":[0,0,0,0,0,0,0],"totalChange":0},"lowConfidenceSparkline":{"data":[0,0,0,0,0,0,0],"totalChange":0},"implicitModifiers":[],"explicitModifiers":[{"text":"Will be Consumed when you use a Jeweller's Orb\non an item to ensure maximum Sockets","optional":false}],"flavourText":"","chaosValue":20.00,"exaltedValue":0.92,"divineValue":0.08,"count":398,"detailsId":"omen-of-the-jeweller","tradeInfo":[],"listingCount":6468},{"id":106457,"name":"Omen of Revenge","icon":"https://web.poecdn.com/gen/image/WzI1LDE0LHsiZiI6IjJESXRlbXMvQ3VycmVuY3kvQW5jZXN0b3JzL0FuY2VzdG9yT21lbjFZZWxsb3ciLCJ3IjoxLCJoIjoxLCJzY2FsZSI6MX1d/95a39fc347/AncestorOmen1Yellow.png","baseType":"Omen of Revenge","itemClass":5,"sparkline":{"data":[0,47.06,47.06,47.06,91.18,120.59,120.59],"totalChange":120.59},"lowConfidenceSparkline":{"data":[0,47.06,47.06,47.06,91.18,120.59,120.59],"totalChange":120.59},"implicitModifiers":[],"explicitModifiers":[{"text":"Will be Consumed when you Die\nto make each nearby enemy permanently take 25% more Damage","optional":false}],"flavourText":"","chaosValue":15.00,"exaltedValue":0.69,"divineValue":0.06,"count":320,"detailsId":"omen-of-revenge","tradeInfo":[],"listingCount":2329},{"id":106528,"name":"Omen of Refreshment","icon":"https://web.poecdn.com/gen/image/WzI1LDE0LHsiZiI6IjJESXRlbXMvQ3VycmVuY3kvQW5jZXN0b3JzL0FuY2VzdG9yT21lbjJCbHVlIiwidyI6MSwiaCI6MSwic2NhbGUiOjF9XQ/a0f7443c3e/AncestorOmen2Blue.png","baseType":"Omen of Refreshment","itemClass":5,"sparkline":{"data":[0,9.23,0,15.38,15.38,15.38,15.38],"totalChange":15.38},"lowConfidenceSparkline":{"data":[0,9.23,0,15.38,15.38,15.38,15.38],"totalChange":15.38},"implicitModifiers":[],"explicitModifiers":[{"text":"Will be Consumed when you reach 25% of Life\nto Refill all Flasks","optional":false}],"flavourText":"","chaosValue":15.00,"exaltedValue":0.69,"divineValue":0.06,"count":281,"detailsId":"omen-of-refreshment","tradeInfo":[],"listingCount":1927},{"id":106539,"name":"Omen of Resurgence","icon":"https://web.poecdn.com/gen/image/WzI1LDE0LHsiZiI6IjJESXRlbXMvQ3VycmVuY3kvQW5jZXN0b3JzL0FuY2VzdG9yT21lbjJHcmVlbiIsInciOjEsImgiOjEsInNjYWxlIjoxfV0/c638426472/AncestorOmen2Green.png","baseType":"Omen of Resurgence","itemClass":5,"sparkline":{"data":[0,-6,-33.33,-33.33,-33.33,0,0],"totalChange":0},"lowConfidenceSparkline":{"data":[0,-6,-33.33,-33.33,-33.33,0,0],"totalChange":0},"implicitModifiers":[],"explicitModifiers":[{"text":"Will be Consumed when you reach 25% of Life\nto cause 100% of Damage taken to be Recouped as Life for 4 seconds","optional":false}],"flavourText":"","chaosValue":15.00,"exaltedValue":0.69,"divineValue":0.06,"count":295,"detailsId":"omen-of-resurgence","tradeInfo":[],"listingCount":2114},{"id":106541,"name":"Omen of Death-dancing","icon":"https://web.poecdn.com/gen/image/WzI1LDE0LHsiZiI6IjJESXRlbXMvQ3VycmVuY3kvQW5jZXN0b3JzL0FuY2VzdG9yT21lbjJSZWQiLCJ3IjoxLCJoIjoxLCJzY2FsZSI6MX1d/1cc8cba7b5/AncestorOmen2Red.png","baseType":"Omen of Death-dancing","itemClass":5,"sparkline":{"data":[0,0,0,40,50,50,50],"totalChange":50},"lowConfidenceSparkline":{"data":[0,0,0,40,50,50,50],"totalChange":50},"implicitModifiers":[],"explicitModifiers":[{"text":"Will be Consumed when you reach 25% of Life\nto grant 75% chance to Avoid Damage from Hits for 4 seconds","optional":false}],"flavourText":"","chaosValue":15.00,"exaltedValue":0.69,"divineValue":0.06,"count":399,"detailsId":"omen-of-death-dancing","tradeInfo":[],"listingCount":2250},{"id":106620,"name":"Omen of Adrenaline","icon":"https://web.poecdn.com/gen/image/WzI1LDE0LHsiZiI6IjJESXRlbXMvQ3VycmVuY3kvQW5jZXN0b3JzL0FuY2VzdG9yT21lbjJQdXJwbGUiLCJ3IjoxLCJoIjoxLCJzY2FsZSI6MX1d/39dd3d3add/AncestorOmen2Purple.png","baseType":"Omen of Adrenaline","itemClass":5,"sparkline":{"data":[0,88,100,100,200,200,200],"totalChange":200},"lowConfidenceSparkline":{"data":[0,88,100,100,200,200,200],"totalChange":200},"implicitModifiers":[],"explicitModifiers":[{"text":"Will be Consumed when you reach 25% of Life\nto grant Adrenaline for 10 seconds","optional":false}],"flavourText":"","chaosValue":15.00,"exaltedValue":0.69,"divineValue":0.06,"count":344,"detailsId":"omen-of-adrenaline","tradeInfo":[],"listingCount":2545},{"id":106479,"name":"Omen of Return","icon":"https://web.poecdn.com/gen/image/WzI1LDE0LHsiZiI6IjJESXRlbXMvQ3VycmVuY3kvQW5jZXN0b3JzL0FuY2VzdG9yT21lbjFQdXJwbGUiLCJ3IjoxLCJoIjoxLCJzY2FsZSI6MX1d/57ec6302d8/AncestorOmen1Purple.png","baseType":"Omen of Return","itemClass":5,"sparkline":{"data":[0,0,0,0,0,5,30],"totalChange":30},"lowConfidenceSparkline":{"data":[0,0,0,0,0,5,30],"totalChange":30},"implicitModifiers":[],"explicitModifiers":[{"text":"Will be Consumed when you Die\nto create a Portal to Town","optional":false}],"flavourText":"","chaosValue":13.00,"exaltedValue":0.60,"divineValue":0.05,"count":58,"detailsId":"omen-of-return","tradeInfo":[],"listingCount":849},{"id":106404,"name":"Omen of the Soul Devourer","icon":"https://web.poecdn.com/gen/image/WzI1LDE0LHsiZiI6IjJESXRlbXMvQ3VycmVuY3kvQW5jZXN0b3JzL0FuY2VzdG9yT21lbjNHcmVlbiIsInciOjEsImgiOjEsInNjYWxlIjoxfV0/0ded7fb8e6/AncestorOmen3Green.png","baseType":"Omen of the Soul Devourer","itemClass":5,"sparkline":{"data":[0,2.27,13.64,13.64,13.64,13.64,13.64],"totalChange":13.64},"lowConfidenceSparkline":{"data":[0,2.27,13.64,13.64,13.64,13.64,13.64],"totalChange":13.64},"implicitModifiers":[],"explicitModifiers":[{"text":"Will be Consumed when you level up\nto grant Soul Eater","optional":true},{"text":"Will be Consumed when you level up\nto grant Soul Eater for 5 minutes","optional":false}],"flavourText":"","chaosValue":10.00,"exaltedValue":0.46,"divineValue":0.04,"count":101,"detailsId":"omen-of-the-soul-devourer","tradeInfo":[],"listingCount":1447},{"id":106575,"name":"Omen of Bequeathal","icon":"https://web.poecdn.com/gen/image/WzI1LDE0LHsiZiI6IjJESXRlbXMvQ3VycmVuY3kvQW5jZXN0b3JzL0FuY2VzdG9yT21lbjFCbHVlIiwidyI6MSwiaCI6MSwic2NhbGUiOjF9XQ/d8658fd009/AncestorOmen1Blue.png","baseType":"Omen of Bequeathal","itemClass":5,"sparkline":{"data":[0,0,0,0,0,0,0],"totalChange":0},"lowConfidenceSparkline":{"data":[0,0,0,0,0,0,0],"totalChange":0},"implicitModifiers":[],"explicitModifiers":[{"text":"Will be Consumed when you Die\nto add 300% of lost Experience to Gems","optional":false}],"flavourText":"","chaosValue":10.00,"exaltedValue":0.46,"divineValue":0.04,"count":399,"detailsId":"omen-of-bequeathal","tradeInfo":[],"listingCount":6319}]}