{"lines":[{"id":18976,"name":"Rusted Harbinger Scarab","icon":"https://web.poecdn.com/gen/image/WzI1LDE0LHsiZiI6IjJESXRlbXMvQ3VycmVuY3kvU2NhcmFicy9MZXNzZXJTY2FyYWJIYXJiaW5nZXJzIiwidyI6MSwiaCI6MSwic2NhbGUiOjF9XQ/1940157b44/LesserScarabHarbingers.png","baseType":"Rusted Harbinger Scarab","stackSize":10,"itemClass":0,"sparkline":{"data":[],"totalChange":0},"lowConfidenceSparkline":{"data":[0,0,0,0,0,0,0],"totalChange":0},"implicitModifiers":[],"explicitModifiers":[{"text":"Area contains 2 additional Harbingers","optional":false}],"flavourText":"Your ancestry has been much maligned by history, young Sarina Titucius,\nbut to the Order of the Djinn, you are born anew.","chaosValue":7.00,"exaltedValue":0,"divineValue":0,"count":1,"detailsId":"rusted-harbinger-scarab","tradeInfo":[],"listingCount":21},{"id":22453,"name":"Rusted Legion Scarab","icon":"https://web.poecdn.com/gen/image/WzI1LDE0LHsiZiI6IjJESXRlbXMvQ3VycmVuY3kvU2NhcmFicy9MZXNzZXJTY2FyYWJMZWdpb24iLCJ3IjoxLCJoIjoxLCJzY2FsZSI6MX1d/0006525c3c/LesserScarabLegion.png","baseType":"Rusted Legion Scarab","stackSize":10,"itemClass":0,"sparkline":{"data":[],"totalChange":0},"lowConfidenceSparkline":{"data":[0,0,0,0,0,0,0],"totalChange":0},"implicitModifiers":[],"explicitModifiers":[{"text":"Area contains an additional Legion Encounter","optional":false}],"flavourText":"Your faith and our Order are not in opposition, young Eutychus. \nLet this be the start of a new era of cooperation.","chaosValue":6.00,"exaltedValue":0,"divineValue":0,"count":1,"detailsId":"rusted-legion-scarab","tradeInfo":[],"listingCount":15}]}