{"lines":[{"id":7643,"name":"Dense Fossil","icon":"https://web.poecdn.com/gen/image/WzI1LDE0LHsiZiI6IjJESXRlbXMvQ3VycmVuY3kvRGVsdmUvRGVuc2VGb3NzaWwiLCJ3IjoxLCJoIjoxLCJzY2FsZSI6MX1d/e51b8071e7/DenseFossil.png","baseType":"Dense Fossil","stackSize":20,"itemClass":5,"sparkline":{"data":[],"totalChange":0},"lowConfidenceSparkline":{"data":[0,0,0,0,0,0,0],"totalChange":0},"implicitModifiers":[],"explicitModifiers":[{"text":"More Armour, Energy Shield or Evasion modifiers\nNo Life Modifiers","optional":true},{"text":"More Defence modifiers\nNo Life Modifiers","optional":false}],"flavourText":"","chaosValue":5.00,"exaltedValue":0,"divineValue":0,"count":1,"detailsId":"dense-fossil","tradeInfo":[],"listingCount":90}]}