{"lines":[{"id":847,"name":"Muttering Essence of Anger","icon":"https://web.poecdn.com/gen/image/WzI1LDE0LHsiZiI6IjJESXRlbXMvQ3VycmVuY3kvRXNzZW5jZS9BbmdlcjIiLCJ3IjoxLCJoIjoxLCJzY2FsZSI6MX1d/5f13108515/Anger2.png","mapTier":2,"baseType":"Muttering Essence of Anger","stackSize":9,"itemClass":5,"sparkline":{"data":[],"totalChange":0},"lowConfidenceSparkline":{"data":[0,0,0,0,0,0,0],"totalChange":0},"implicitModifiers":[],"explicitModifiers":[{"text":"Upgrades a normal item to rare with one guaranteed property","optional":false},{"text":"Properties restricted to level 45 and below","optional":false},{"text":"","optional":false},{"text":"Bow: Adds (14-20) to (29-33) Fire Damage","optional":false},{"text":"Two Handed Melee Weapon: Adds ((13-15)-(16-20)) to ((24-29)-(29-34)) Fire Damage","optional":false},{"text":"Other Weapon: Adds (8-10) to (15-18) Fire Damage","optional":false},{"text":"Armour: (12-17)% to Fire Resistance","optional":false},{"text":"Quiver: (12-17)% to Fire Resistance","optional":false},{"text":"Belt: (12-17)% to Fire Resistance","optional":false},{"text":"Other Jewellery: (11-14)% increased Fire Damage","optional":false}],"flavourText":"","chaosValue":100.00,"exaltedValue":0,"divineValue":0,"count":1,"detailsId":"muttering-essence-of-anger","tradeInfo":[],"listingCount":63},{"id":848,"name":"Muttering Essence of Contempt","icon":"https://web.poecdn.com/gen/image/WzI1LDE0LHsiZiI6IjJESXRlbXMvQ3VycmVuY3kvRXNzZW5jZS9Db250ZW1wdDIiLCJ3IjoxLCJoIjoxLCJzY2FsZSI6MX1d/c0ae423980/Contempt2.png","mapTier":2,"baseType":"Muttering Essence of Contempt","stackSize":9,"itemClass":5,"sparkline":{"data":[],"totalChange":0},"lowConfidenceSparkline":{"data":[0,0,0,0,0,0,0],"totalChange":0},"implicitModifiers":[],"explicitModifiers":[{"text":"Upgrades a normal item to rare with one guaranteed property","optional":false},{"text":"Properties restricted to level 45 and below","optional":false},{"text":"","optional":false},{"text":"One Handed Weapon: Adds (4-5) to (8-9) Physical Damage","optional":false},{"text":"Two Handed Weapon: Adds (6-8) to ((12-13)-(14-15)) Physical Damage","optional":false},{"text":"Gloves: Adds (2-3) to (4-5) Physical Damage to Attacks","optional":false},{"text":"Other Armour: Reflects (5-10) Physical Damage to Melee Attackers","optional":false},{"text":"Quiver: Adds (2-3) to (4-5) Physical Damage to Attacks","optional":false},{"text":"Belt: Reflects (5-10) Physical Damage to Melee Attackers","optional":false},{"text":"Other Jewellery: Adds (2-3) to (4-5) Physical Damage to Attacks","optional":false}],"flavourText":"","chaosValue":100.00,"exaltedValue":0,"divineValue":0,"count":1,"detailsId":"muttering-essence-of-contempt","tradeInfo":[],"listingCount":73},{"id":850,"name":"Muttering Essence of Greed","icon":"https://web.poecdn.com/gen/image/WzI1LDE0LHsiZiI6IjJESXRlbXMvQ3VycmVuY3kvRXNzZW5jZS9HcmVlZDIiLCJ3IjoxLCJoIjoxLCJzY2FsZSI6MX1d/bd24f08afe/Greed2.png","mapTier":2,"baseType":"Muttering Essence of Greed","stackSize":9,"itemClass":5,"sparkline":{"data":[],"totalChange":0},"lowConfidenceSparkline":{"data":[0,0,0,0,0,0,0],"totalChange":0},"implicitModifiers":[],"explicitModifiers":[{"text":"Upgrades a normal item to rare with one guaranteed property","optional":false},{"text":"Properties restricted to level 45 and below","optional":false},{"text":"","optional":false},{"text":"Weapon: (0.6-0.8)% of Physical Attack Damage Leeched as Life","optional":false},{"text":"Armour: (15-30) to maximum Life","optional":false},{"text":"Quiver: (0.6-0.8)% of Physical Attack Damage Leeched as Life","optional":false},{"text":"Belt: (12-15)% increased Flask Life Recovery rate","optional":false},{"text":"Other Jewellery: Regenerate ((2-2.1)-(4-8)) Life per second","optional":false}],"flavourText":"","chaosValue":100.00,"exaltedValue":0,"divineValue":0,"count":1,"detailsId":"muttering-essence-of-greed","tradeInfo":[],"listingCount":60},{"id":1857,"name":"Weeping Essence of Hatred","icon":"https://web.poecdn.com/gen/image/WzI1LDE0LHsiZiI6IjJESXRlbXMvQ3VycmVuY3kvRXNzZW5jZS9IYXRyZWQzIiwidyI6MSwiaCI6MSwic2NhbGUiOjF9XQ/83a45f6ee9/Hatred3.png","mapTier":3,"baseType":"Weeping Essence of Hatred","stackSize":9,"itemClass":5,"sparkline":{"data":[],"totalChange":0},"lowConfidenceSparkline":{"data":[0,0,0,0,0,0,0],"totalChange":0},"implicitModifiers":[],"explicitModifiers":[{"text":"Upgrades a normal item to rare with one guaranteed property","optional":false},{"text":"Properties restricted to level 60 and below","optional":false},{"text":"","optional":false},{"text":"Bow: Adds (29-40) to (58-68) Cold Damage","optional":false},{"text":"Two Handed Melee Weapon: Adds ((24-29)-(32-40)) to ((48-58)-(56-68)) Cold Damage","optional":false},{"text":"Other Weapon: Adds ((15-16)-(20-21)) to ((30-31)-(35-37)) Cold Damage","optional":false},{"text":"Armour: (18-23)% to Cold Resistance","optional":false},{"text":"Quiver: (18-23)% to Cold Resistance","optional":false},{"text":"Belt: (18-23)% to Cold Resistance","optional":false},{"text":"Other Jewellery: (15-18)% increased Cold Damage","optional":false}],"flavourText":"","chaosValue":100.00,"exaltedValue":0,"divineValue":0,"count":1,"detailsId":"weeping-essence-of-hatred","tradeInfo":[],"listingCount":55},{"id":1862,"name":"Weeping Essence of Woe","icon":"https://web.poecdn.com/gen/image/WzI1LDE0LHsiZiI6IjJESXRlbXMvQ3VycmVuY3kvRXNzZW5jZS9Xb2UzIiwidyI6MSwiaCI6MSwic2NhbGUiOjF9XQ/4bce548a80/Woe3.png","mapTier":3,"baseType":"Weeping Essence of Woe","stackSize":9,"itemClass":5,"sparkline":{"data":[],"totalChange":0},"lowConfidenceSparkline":{"data":[0,0,0,0,0,0,0],"totalChange":0},"implicitModifiers":[],"explicitModifiers":[{"text":"Upgrades a normal item to rare with one guaranteed property","optional":false},{"text":"Properties restricted to level 60 and below","optional":false},{"text":"","optional":false},{"text":"One Handed Weapon: (30-39)% increased Spell Damage","optional":false},{"text":"Two Handed Weapon: (45-59)% increased Spell Damage","optional":false},{"text":"Armour: (17-23) to maximum Energy Shield","optional":false},{"text":"Quiver: (21-25)% increased Elemental Damage with Attack Skills","optional":true},{"text":"Quiver: (21-25)% increased Damage with Bow Skills","optional":false},{"text":"Amulet: (8-10)% increased maximum Energy Shield","optional":false},{"text":"Ring: (16-19) to maximum Energy Shield","optional":false},{"text":"Belt: (16-19) to maximum Energy Shield","optional":false}],"flavourText":"","chaosValue":100.00,"exaltedValue":0,"divineValue":0,"count":1,"detailsId":"weeping-essence-of-woe","tradeInfo":[],"listingCount":56},{"id":1873,"name":"Whispering Essence of Contempt","icon":"https://web.poecdn.com/gen/image/WzI1LDE0LHsiZiI6IjJESXRlbXMvQ3VycmVuY3kvRXNzZW5jZS9Db250ZW1wdDEiLCJ3IjoxLCJoIjoxLCJzY2FsZSI6MX1d/68114b6900/Contempt1.png","mapTier":1,"baseType":"Whispering Essence of Contempt","stackSize":9,"itemClass":5,"sparkline":{"data":[],"totalChange":0},"lowConfidenceSparkline":{"data":[0,0,0,0,0,0,0],"totalChange":0},"implicitModifiers":[],"explicitModifiers":[{"text":"Upgrades a normal item to rare with one guaranteed property","optional":false},{"text":"Properties restricted to level 35 and below","optional":false},{"text":"","optional":false},{"text":"One Handed Weapon: Adds 1 to (2-3) Physical Damage","optional":false},{"text":"Two Handed Weapon: Adds 2 to (4-5) Physical Damage","optional":false},{"text":"Gloves: Adds 1 to 2 Physical Damage to Attacks","optional":false},{"text":"Other Armour: Reflects (1-4) Physical Damage to Melee Attackers","optional":false},{"text":"Quiver: Adds 1 to 2 Physical Damage to Attacks","optional":false},{"text":"Belt: Reflects (1-4) Physical Damage to Melee Attackers","optional":false},{"text":"Other Jewellery: Adds 1 to 2 Physical Damage to Attacks","optional":false}],"flavourText":"","chaosValue":100.00,"exaltedValue":0,"divineValue":0,"count":1,"detailsId":"whispering-essence-of-contempt","tradeInfo":[],"listingCount":74},{"id":1875,"name":"Whispering Essence of Hatred","icon":"https://web.poecdn.com/gen/image/WzI1LDE0LHsiZiI6IjJESXRlbXMvQ3VycmVuY3kvRXNzZW5jZS9IYXRyZWQxIiwidyI6MSwiaCI6MSwic2NhbGUiOjF9XQ/81bf8c7a3e/Hatred1.png","mapTier":1,"baseType":"Whispering Essence of Hatred","stackSize":9,"itemClass":5,"sparkline":{"data":[],"totalChange":0},"lowConfidenceSparkline":{"data":[0,0,0,0,0,0,0],"totalChange":0},"implicitModifiers":[],"explicitModifiers":[{"text":"Upgrades a normal item to rare with one guaranteed property","optional":false},{"text":"Properties restricted to level 35 and below","optional":false},{"text":"","optional":false},{"text":"Bow: Adds (2-3) to (6-7) Cold Damage","optional":false},{"text":"Two Handed Melee Weapon: Adds (2-3) to ((5-6)-(6-7)) Cold Damage","optional":false},{"text":"Other Weapon: Adds (1-2) to (3-4) Cold Damage","optional":false},{"text":"Armour: (6-11)% to Cold Resistance","optional":false},{"text":"Quiver: (6-11)% to Cold Resistance","optional":false},{"text":"Belt: (6-11)% to Cold Resistance","optional":false},{"text":"Other Jewellery: (6-10)% increased Cold Damage","optional":false}],"flavourText":"","chaosValue":100.00,"exaltedValue":0,"divineValue":0,"count":1,"detailsId":"whispering-essence-of-hatred","tradeInfo":[],"listingCount":75},{"id":1876,"name":"Whispering Essence of Woe","icon":"https://web.poecdn.com/gen/image/WzI1LDE0LHsiZiI6IjJESXRlbXMvQ3VycmVuY3kvRXNzZW5jZS9Xb2UxIiwidyI6MSwiaCI6MSwic2NhbGUiOjF9XQ/ac40a316b5/Woe1.png","mapTier":1,"baseType":"Whispering Essence of Woe","stackSize":9,"itemClass":5,"sparkline":{"data":[],"totalChange":0},"lowConfidenceSparkline":{"data":[0,0,0,0,0,0,0],"totalChange":0},"implicitModifiers":[],"explicitModifiers":[{"text":"Upgrades a normal item to rare with one guaranteed property","optional":false},{"text":"Properties restricted to level 35 and below","optional":false},{"text":"","optional":false},{"text":"One Handed Weapon: (10-19)% increased Spell Damage","optional":false},{"text":"Two Handed Weapon: (15-29)% increased Spell Damage","optional":false},{"text":"Armour: (3-5) to maximum Energy Shield","optional":false},{"text":"Quiver: (11-15)% increased Elemental Damage with Attack Skills","optional":true},{"text":"Quiver: (5-10)% increased Damage with Bow Skills","optional":false},{"text":"Amulet: (2-4)% increased maximum Energy Shield","optional":false},{"text":"Ring: (1-3) to maximum Energy Shield","optional":false},{"text":"Belt: (1-3) to maximum Energy Shield","optional":false}],"flavourText":"","chaosValue":100.00,"exaltedValue":0,"divineValue":0,"count":1,"detailsId":"whispering-essence-of-woe","tradeInfo":[],"listingCount":81},{"id":495,"name":"Essence of Hysteria","icon":"https://web.poecdn.com/gen/image/WzI1LDE0LHsiZiI6IjJESXRlbXMvQ3VycmVuY3kvRXNzZW5jZS9UZXJyb3IxIiwidyI6MSwiaCI6MSwic2NhbGUiOjF9XQ/80faa3ee53/Terror1.png","mapTier":8,"baseType":"Essence of Hysteria","stackSize":9,"itemClass":5,"sparkline":{"data":[],"totalChange":0},"lowConfidenceSparkline":{"data":[0,0,0,0,0,0,0],"totalChange":0},"implicitModifiers":[],"explicitModifiers":[{"text":"Upgrades a normal item to rare or reforges a rare item, guaranteeing one property","optional":false},{"text":"","optional":false},{"text":"Weapon: Cast Level 20 Fire Burst on Hit","optional":false},{"text":"Weapon: 10% chance to Cast Level 20 Fire Burst on Hit","optional":true},{"text":"Gloves: Socketed Gems deal 175 to 225 Added Fire Damage","optional":false},{"text":"Gloves: Socketed Gems deal 175 to 225 additional Fire Damage","optional":true},{"text":"Boots: Drops Burning Ground while moving, dealing 2500 Fire Damage per second","optional":true},{"text":"Boots: Drops Burning Ground while moving, dealing 2500 Fire Damage per second for 4 seconds","optional":false},{"text":"Boots: Drops Burning Ground while moving, dealing 2500 Fire Damage per second for 1 second","optional":true},{"text":"Body Armour: (10-25)% increased Area of Effect","optional":false},{"text":"Helmet: Socketed Gems deal 30% more Damage while on Low Life","optional":false},{"text":"Helmet: Socketed Gems have 50% chance to Ignite","optional":true},{"text":"Shield: Adds (40-60) to (80-100) Fire Damage if you've Blocked Recently","optional":false},{"text":"Quiver: Gain (10-15)% of Physical Damage as Extra Fire Damage","optional":false},{"text":"Amulet: (40-150)% increased total Recovery per second from Life Leech","optional":true},{"text":"Amulet: 150% increased Recovery per second from Life Leech","optional":true},{"text":"Ring: Gain 10% of Physical Damage as Extra Fire Damage","optional":false},{"text":"Belt: Damage Penetrates 5% Elemental Resistances during any Flask Effect","optional":false}],"flavourText":"","chaosValue":50.00,"exaltedValue":0,"divineValue":0,"count":1,"detailsId":"essence-of-hysteria","tradeInfo":[],"listingCount":37},{"id":496,"name":"Essence of Insanity","icon":"https://web.poecdn.com/gen/image/WzI1LDE0LHsiZiI6IjJESXRlbXMvQ3VycmVuY3kvRXNzZW5jZS9JbnNhbml0eTEiLCJ3IjoxLCJoIjoxLCJzY2FsZSI6MX1d/abff00730a/Insanity1.png","mapTier":8,"baseType":"Essence of Insanity","stackSize":9,"itemClass":5,"sparkline":{"data":[],"totalChange":0},"lowConfidenceSparkline":{"data":[0,0,0,0,0,0,0],"totalChange":0},"implicitModifiers":[],"explicitModifiers":[{"text":"Upgrades a normal item to rare or reforges a rare item, guaranteeing one property","optional":false},{"text":"","optional":false},{"text":"Weapon: Triggers Level 20 Spectral Spirits when Equipped\n+3 to maximum number of Spectral Spirits","optional":false},{"text":"Weapon: Triggers Level 20 Spectral Spirits when Equipped","optional":true},{"text":"Gloves: Socketed Gems have 16% more Attack and Cast Speed","optional":false},{"text":"Boots: 70% increased Mana Regeneration Rate while Shocked","optional":false},{"text":"Boots: 12% increased Movement speed while on Burning, Chilled or Shocked ground","optional":true},{"text":"Body Armour: You gain Onslaught for 6 seconds when Hit","optional":false},{"text":"Body Armour: Gain Onslaught for 3 seconds when Hit","optional":true},{"text":"Helmet: Socketed Gems gain 50% of Physical Damage as extra Lightning Damage","optional":false},{"text":"Shield: (10-25)% chance to gain a Power Charge when you Block","optional":false},{"text":"Quiver: 10% reduced Reflected Damage taken","optional":true},{"text":"Quiver: Projectiles Pierce 2 additional Targets","optional":false},{"text":"Quiver: You and your Minions take 10% reduced Reflected Damage","optional":true},{"text":"Amulet: 10% chance to Recover 10% of Mana when you use a Skill","optional":false},{"text":"Ring: 10% reduced Reflected Damage taken","optional":true},{"text":"Ring: You and your Minions take (10-40)% reduced Reflected Damage","optional":false},{"text":"Belt: 10% increased Movement Speed during any Flask Effect","optional":false}],"flavourText":"","chaosValue":50.00,"exaltedValue":0,"divineValue":0,"count":1,"detailsId":"essence-of-insanity","tradeInfo":[],"listingCount":36},{"id":493,"name":"Essence of Delirium","icon":"https://web.poecdn.com/gen/image/WzI1LDE0LHsiZiI6IjJESXRlbXMvQ3VycmVuY3kvRXNzZW5jZS9NYWRuZXNzMSIsInciOjEsImgiOjEsInNjYWxlIjoxfV0/4884b879d8/Madness1.png","mapTier":8,"baseType":"Essence of Delirium","stackSize":9,"itemClass":5,"sparkline":{"data":[],"totalChange":0},"lowConfidenceSparkline":{"data":[0,0,0,0,0,0,0],"totalChange":0},"implicitModifiers":[],"explicitModifiers":[{"text":"Upgrades a normal item to rare or reforges a rare item, guaranteeing one property","optional":false},{"text":"","optional":false},{"text":"Weapon: Your Hits inflict Decay, dealing (500-700) Chaos Damage per second for 8 seconds","optional":false},{"text":"Gloves: Socketed Gems deal 30% more Damage over Time","optional":false},{"text":"Boots: Cannot be Poisoned","optional":false},{"text":"Body Armour: 25% reduced Chaos Damage taken over time","optional":false},{"text":"Helmet: +2 to Level of Socketed Aura Gems","optional":false},{"text":"Shield: +15% Chance to Block Spell Damage while on Low Life","optional":false},{"text":"Shield: Recover 2% of your maximum Mana when you Block","optional":true},{"text":"Quiver: 25% increased Effect of your Marks","optional":false},{"text":"Quiver: 40% increased Damage with Poison","optional":true},{"text":"Amulet: +10% to Damage over Time Multiplier","optional":true},{"text":"Amulet: 0.5% of Chaos Damage Leeched as Life","optional":true},{"text":"Amulet: (6-7)% Chance to Block Spell Damage","optional":false},{"text":"Amulet: Hexes you inflict have +10 to maximum Doom","optional":true},{"text":"Ring: 40% increased Damage with Poison","optional":true},{"text":"Ring: Hexes you inflict have +5 to maximum Doom","optional":true},{"text":"Ring: (12-15)% to Damage over Time Multiplier","optional":false},{"text":"Belt: +50% to Chaos Resistance during any Flask Effect","optional":false}],"flavourText":"","chaosValue":30.00,"exaltedValue":0,"divineValue":0,"count":1,"detailsId":"essence-of-delirium","tradeInfo":[],"listingCount":31},{"id":1046,"name":"Remnant of Corruption","icon":"https://web.poecdn.com/gen/image/WzI1LDE0LHsiZiI6IjJESXRlbXMvQ3VycmVuY3kvRXNzZW5jZS9Fc3NlbmNlQ29ycnVwdCIsInciOjEsImgiOjEsInNjYWxlIjoxfV0/0e84041aa5/EssenceCorrupt.png","baseType":"Remnant of Corruption","stackSize":9,"itemClass":5,"sparkline":{"data":[],"totalChange":0},"lowConfidenceSparkline":{"data":[0,0,0,0,0,0,0],"totalChange":0},"implicitModifiers":[],"explicitModifiers":[{"text":"Corrupts the Essences trapping a monster, modifying them unpredictably","optional":false}],"flavourText":"","chaosValue":6.00,"exaltedValue":0,"divineValue":0,"count":1,"detailsId":"remnant-of-corruption","tradeInfo":[],"listingCount":187}]}