{"lines":[{"id":69146,"name":"Exotic Coinage","icon":"https://web.poecdn.com/gen/image/WzI1LDE0LHsiZiI6IjJESXRlbXMvQ3VycmVuY3kvRXhwZWRpdGlvbi9CYXJ0ZXJSZWZyZXNoQ3VycmVuY3kiLCJ3IjoxLCJoIjoxLCJzY2FsZSI6MX1d/bf3e6fbe8f/BarterRefreshCurrency.png","baseType":"Exotic Coinage","stackSize":1000,"itemClass":5,"sparkline":{"data":[],"totalChange":0},"lowConfidenceSparkline":{"data":[0,0,0,0,0,0,0],"totalChange":0},"implicitModifiers":[],"explicitModifiers":[],"flavourText":"","chaosValue":7.00,"exaltedValue":0,"divineValue":0,"count":1,"detailsId":"exotic-coinage","tradeInfo":[],"listingCount":10},{"id":69150,"name":"Astragali","icon":"https://web.poecdn.com/gen/image/WzI1LDE0LHsiZiI6IjJESXRlbXMvQ3VycmVuY3kvRXhwZWRpdGlvbi9HYW1ibGVyUmVmcmVzaEN1cnJlbmN5IiwidyI6MSwiaCI6MSwic2NhbGUiOjF9XQ/f878f8fc1a/GamblerRefreshCurrency.png","baseType":"Astragali","stackSize":1000,"itemClass":5,"sparkline":{"data":[],"totalChange":0},"lowConfidenceSparkline":{"data":[0,-72.00,-72.00,-72.00,-72.00,-72.00,-72],"totalChange":-72},"implicitModifiers":[],"explicitModifiers":[],"flavourText":"","chaosValue":1.40,"exaltedValue":0,"divineValue":0,"count":2,"detailsId":"astragali","tradeInfo":[],"listingCount":20}]}