{"lines":[{"id":497,"name":"Essence Worm","icon":"https://web.poecdn.com/gen/image/WzI1LDE0LHsiZiI6IjJESXRlbXMvUmluZ3MvRXNzZW5jZVdvcm0iLCJ3IjoxLCJoIjoxLCJzY2FsZSI6MX1d/4455cc009b/EssenceWorm.png","levelRequired":38,"baseType":"Unset Ring","itemClass":3,"sparkline":{"data":[],"totalChange":0},"lowConfidenceSparkline":{"data":[0,0,0,0,0,0,0],"totalChange":0},"implicitModifiers":[{"text":"Has 1 Socket","optional":false},{"text":"Item sells for much more to vendors","optional":true}],"explicitModifiers":[{"text":"+2 to Level of Socketed Aura Gems","optional":false},{"text":"Socketed Gems Reserve No Mana","optional":true},{"text":"Socketed Gems have no Reservation\nYour Blessing Skills are Disabled","optional":false},{"text":"Socketed Gems have no Reservation","optional":true},{"text":"(40-48)% increased Mana Reserved","optional":true},{"text":"40% increased Reservation of Skills","optional":true},{"text":"(80-96)% reduced Reservation Efficiency of Skills","optional":false}],"flavourText":"\"This thing is not a pet. It is a parasite that feeds on the very will of its host.\nLike any part of nightmare, it has found a way to make its price... acceptable.\"\n- Malachai the Soulless","itemType":"Ring","chaosValue":50.00,"exaltedValue":0,"divineValue":0,"count":1,"detailsId":"essence-worm-unset-ring","tradeInfo":[],"listingCount":133},{"id":1588,"name":"The Retch","icon":"https://web.poecdn.com/gen/image/WzI1LDE0LHsiZiI6IjJESXRlbXMvQmVsdHMvVGhlUmV0Y2giLCJ3IjoyLCJoIjoxLCJzY2FsZSI6MX1d/4d93673157/TheRetch.png","levelRequired":44,"baseType":"Rustic Sash","itemClass":3,"sparkline":{"data":[],"totalChange":0},"lowConfidenceSparkline":{"data":[0,0,0,0,0,0,0],"totalChange":0},"implicitModifiers":[{"text":"(12-28)% increased Global Physical Damage","optional":false}],"explicitModifiers":[{"text":"+(60-96) to maximum Life","optional":false},{"text":"+(30-40)% to Cold Resistance","optional":false},{"text":"(0.4-0.48)% of Physical Attack Damage Leeched as Life","optional":false},{"text":"60% increased Flask Effect Duration","optional":false},{"text":"30% reduced Flask Charges gained during any Flask Effect","optional":false},{"text":"(200-240)% of Life Leech applies to Enemies as Chaos Damage","optional":false},{"text":"15% increased Movement Speed during any Flask Effect","optional":false}],"flavourText":"But the grain grew twisted and the water turned dark\nand those who partook of Mother Gull's gift\nbirthed monsters that fed \non the flesh of one another.","itemType":"Belt","chaosValue":50.00,"exaltedValue":0,"divineValue":0,"count":1,"detailsId":"the-retch-rustic-sash","tradeInfo":[],"listingCount":32},{"id":22444,"name":"Icefang Orbit","icon":"https://web.poecdn.com/gen/image/WzI1LDE0LHsiZiI6IjJESXRlbXMvUmluZ3MvSWNlZmFuZ09yYml0IiwidyI6MSwiaCI6MSwic2NhbGUiOjF9XQ/da6e5eb5aa/IcefangOrbit.png","levelRequired":49,"baseType":"Iron Ring","itemClass":3,"sparkline":{"data":[],"totalChange":0},"lowConfidenceSparkline":{"data":[null,null,null,null,0,0,0],"totalChange":0},"implicitModifiers":[{"text":"Adds 1 to 4 Physical Damage to Attacks","optional":false}],"explicitModifiers":[{"text":"+(20-36) to Dexterity","optional":false},{"text":"25% chance to Poison on Hit","optional":false},{"text":"(40-72)% increased Damage with Poison","optional":false},{"text":"You are Chilled when you are Poisoned","optional":false},{"text":"Non-Chilled Enemies you Poison are Chilled","optional":false},{"text":"Poisoned Enemies you Kill with Hits Shatter","optional":false}],"flavourText":"Those members of the Brotherhood who employ the venom of \nTrarthan ice snakes must take great care with the volatile substance.","itemType":"Ring","chaosValue":50.00,"exaltedValue":0,"divineValue":0,"count":1,"detailsId":"icefang-orbit-iron-ring","tradeInfo":[],"listingCount":27},{"id":166,"name":"Blackheart","icon":"https://web.poecdn.com/gen/image/WzI1LDE0LHsiZiI6IjJESXRlbXMvUmluZ3MvUmluZzFVbmlxdWUiLCJ3IjoxLCJoIjoxLCJzY2FsZSI6MX1d/40666e2827/Ring1Unique.png","baseType":"Iron Ring","itemClass":3,"sparkline":{"data":[],"totalChange":0},"lowConfidenceSparkline":{"data":[0,35,35,35,35,350,350],"totalChange":350},"implicitModifiers":[{"text":"Adds 1 to 4 Physical Damage to Attacks","optional":false},{"text":"Item sells for much more to vendors","optional":true}],"explicitModifiers":[{"text":"(5-6)% increased Global Physical Damage","optional":true},{"text":"Adds (1-18) to (3-30) Chaos Damage to Attacks","optional":false},{"text":"+(20-36) to maximum Life","optional":true},{"text":"Regenerate (2-15) Life per second","optional":false},{"text":"10% chance to Cause Monsters to Flee","optional":false}],"flavourText":"Fear is highly infectious.","itemType":"Ring","chaosValue":45.00,"exaltedValue":0,"divineValue":0,"count":1,"detailsId":"blackheart-iron-ring","tradeInfo":[],"listingCount":703},{"id":1685,"name":"Thief's Torment","icon":"https://web.poecdn.com/gen/image/WzI1LDE0LHsiZiI6IjJESXRlbXMvUmluZ3MvVGhpZWZzVG9ybWVudCIsInciOjEsImgiOjEsInNjYWxlIjoxfV0/1c182176dc/ThiefsTorment.png","levelRequired":30,"baseType":"Prismatic Ring","itemClass":3,"sparkline":{"data":[],"totalChange":0},"lowConfidenceSparkline":{"data":[0,0,3.16,3.16,3.16,3.16,3.16],"totalChange":3.16},"implicitModifiers":[{"text":"+(8-14)% to all Elemental Resistances","optional":false},{"text":"Item sells for much more to vendors","optional":true}],"explicitModifiers":[{"text":"(10-25)% increased Quantity of Items found","optional":false},{"text":"Can't use other Rings","optional":false},{"text":"+(8-48)% to all Elemental Resistances","optional":false},{"text":"+(20-72) Life gained for each Enemy hit by your Attacks","optional":true},{"text":"Gain (20-72) Life per Enemy Hit with Attacks","optional":false},{"text":"+(15-36) Mana gained for each Enemy hit by your Attacks","optional":true},{"text":"Gain (15-36) Mana per Enemy Hit with Attacks","optional":false},{"text":"(50-60)% reduced Effect of Curses on you","optional":false}],"flavourText":"The ring I stole,\nMy finger they took,\nA shrouded mind,\nCut their curses short,\nAs I drained their spirit\nAnd stole their soul.\nA blessing is often a curse.","itemType":"Ring","chaosValue":39.20,"exaltedValue":0,"divineValue":0,"count":2,"detailsId":"thiefs-torment-prismatic-ring","tradeInfo":[],"listingCount":176},{"id":1367,"name":"Stone of Lazhwar","icon":"https://web.poecdn.com/gen/image/WzI1LDE0LHsiZiI6IjJESXRlbXMvQW11bGV0cy9BbXVsZXQ1VW5pcXVlIiwidyI6MSwiaCI6MSwic2NhbGUiOjF9XQ/c7c2e9bfcf/Amulet5Unique.png","levelRequired":5,"baseType":"Lapis Amulet","itemClass":3,"sparkline":{"data":[],"totalChange":0},"lowConfidenceSparkline":{"data":[0,23.33,23.33,23.33,23.33,23.33,23.33],"totalChange":23.33},"implicitModifiers":[{"text":"+(20-36) to Intelligence","optional":false},{"text":"Item sells for much more to vendors","optional":true}],"explicitModifiers":[{"text":"(12-15)% Chance to Block Spell Damage","optional":false},{"text":"(10-20)% increased Cast Speed","optional":false},{"text":"+(30-70) to maximum Mana","optional":false}],"flavourText":"You are slow, foolish and ignorant.\nI am not.","itemType":"Amulet","chaosValue":37.00,"exaltedValue":0,"divineValue":0,"count":2,"detailsId":"stone-of-lazhwar-lapis-amulet","tradeInfo":[],"listingCount":489},{"id":103386,"name":"Chain of Endurance","icon":"https://web.poecdn.com/gen/image/WzI1LDE0LHsiZiI6IjJESXRlbXMvQmVsdHMvVW5oZWFsdGh5QnVyZGVuIiwidyI6MiwiaCI6MSwic2NhbGUiOjF9XQ/d59c2c2bc9/UnhealthyBurden.png","levelRequired":14,"baseType":"Chain Belt","itemClass":3,"sparkline":{"data":[],"totalChange":0},"lowConfidenceSparkline":{"data":[0,0,0,0,0,0,0],"totalChange":0},"implicitModifiers":[{"text":"+(9-20) to maximum Energy Shield","optional":false}],"explicitModifiers":[{"text":"+(40-50) to maximum Life","optional":false},{"text":"(40-60)% increased Stun and Block Recovery","optional":false},{"text":"Reflects (100-150) Physical Damage to Melee Attackers","optional":false},{"text":"Regenerate 2% of Life per second for each different Ailment affecting you","optional":false}],"flavourText":"\"A man confronted with sufficient adversity\nmay ascend to unprecedented heights\nand triumph over his coddled rivals.\"\n- Weylan the Ezomyte","itemType":"Belt","chaosValue":15.00,"exaltedValue":0,"divineValue":0,"count":1,"detailsId":"chain-of-endurance-chain-belt","tradeInfo":[],"listingCount":17},{"id":1695,"name":"Timeclasp","icon":"https://web.poecdn.com/gen/image/WzI1LDE0LHsiZiI6IjJESXRlbXMvUmluZ3MvVGltZWNsYXNwIiwidyI6MSwiaCI6MSwic2NhbGUiOjF9XQ/b0c1b94ad1/Timeclasp.png","levelRequired":25,"baseType":"Moonstone Ring","itemClass":3,"sparkline":{"data":[],"totalChange":0},"lowConfidenceSparkline":{"data":[0,0,0,0,0,0,0],"totalChange":0},"implicitModifiers":[{"text":"+(15-25) to maximum Energy Shield","optional":false},{"text":"Item sells for much more to vendors","optional":true}],"explicitModifiers":[{"text":"(10-18)% increased Attack Speed","optional":false},{"text":"(5-18)% increased Cast Speed","optional":false},{"text":"+(10-45) to maximum Energy Shield","optional":true},{"text":"15% increased Mana Regeneration Rate","optional":true},{"text":"15% reduced Mana Regeneration Rate","optional":true},{"text":"(6-12)% of Damage taken Recouped as Mana","optional":true},{"text":"Temporal Chains has (30-59)% reduced Effect on you","optional":true},{"text":"(1-20)% reduced Skill Effect Duration","optional":true},{"text":"(1-20)% increased Skill Effect Duration","optional":true},{"text":"(6-14)% of Damage taken Recouped as Life","optional":true},{"text":"Unaffected by Temporal Chains","optional":true}],"flavourText":"\"To us mere mortals, time is slippery. \nI'm just evening things out.\" \n- Doryani, Queen's Thaumaturgist","itemType":"Ring","chaosValue":10.00,"exaltedValue":0,"divineValue":0,"count":1,"detailsId":"timeclasp-moonstone-ring","tradeInfo":[],"listingCount":304},{"id":1895,"name":"Wurm's Molt","icon":"https://web.poecdn.com/gen/image/WzI1LDE0LHsiZiI6IjJESXRlbXMvQmVsdHMvQmVsdDZVbmlxdWUiLCJ3IjoyLCJoIjoxLCJzY2FsZSI6MX1d/3307668b96/Belt6Unique.png","levelRequired":41,"baseType":"Leather Belt","itemClass":3,"sparkline":{"data":[],"totalChange":0},"lowConfidenceSparkline":{"data":[0,0,0,0,0,0,0],"totalChange":0},"implicitModifiers":[{"text":"+(25-48) to maximum Life","optional":false},{"text":"Item sells for much more to vendors","optional":true}],"explicitModifiers":[{"text":"+(20-36) to Strength","optional":false},{"text":"+(20-36) to Intelligence","optional":false},{"text":"+(10-30)% to Cold Resistance","optional":false},{"text":"(0.4-2.4)% of Physical Attack Damage Leeched as Life","optional":false},{"text":"(0.4-2.4)% of Physical Attack Damage Leeched as Mana","optional":false},{"text":"(500-1200)% increased total Recovery per second from Life Leech","optional":true},{"text":"(500-1196)% increased total Recovery per second from Mana Leech","optional":true}],"flavourText":"They say a lifetime of wisdom is carried\nin every skin the great beasts shed.","itemType":"Belt","chaosValue":10.00,"exaltedValue":0,"divineValue":0,"count":1,"detailsId":"wurms-molt-leather-belt","tradeInfo":[],"listingCount":464},{"id":7373,"name":"Perquil's Toe","icon":"https://web.poecdn.com/gen/image/WzI1LDE0LHsiZiI6IjJESXRlbXMvQW11bGV0cy9QZXJxdWlsc1RvZSIsInciOjEsImgiOjEsInNjYWxlIjoxfV0/7509c4517f/PerquilsToe.png","levelRequired":29,"baseType":"Gold Amulet","itemClass":3,"sparkline":{"data":[],"totalChange":0},"lowConfidenceSparkline":{"data":[0,0,0,0,0,0,0],"totalChange":0},"implicitModifiers":[{"text":"(12-20)% increased Rarity of Items found","optional":false}],"explicitModifiers":[{"text":"+(40-60) to Dexterity","optional":false},{"text":"(5-8)% increased Movement Speed","optional":false},{"text":"Lightning Damage of Enemies Hitting you is Lucky","optional":false},{"text":"Lightning Damage from Enemies Hitting you is Lucky","optional":true},{"text":"Nearby Allies' Damage with Hits is Lucky","optional":false}],"flavourText":"He was a lot luckier before he lost this.","itemType":"Amulet","chaosValue":10.00,"exaltedValue":0,"divineValue":0,"count":1,"detailsId":"perquils-toe-gold-amulet","tradeInfo":[],"listingCount":48},{"id":227,"name":"Carnage Heart","icon":"https://web.poecdn.com/gen/image/WzI1LDE0LHsiZiI6IjJESXRlbXMvQW11bGV0cy9BbXVsZXQzNyIsInciOjEsImgiOjEsInNjYWxlIjoxfV0/451ac32a56/Amulet37.png","levelRequired":20,"baseType":"Onyx Amulet","itemClass":3,"sparkline":{"data":[],"totalChange":0},"lowConfidenceSparkline":{"data":[0,0,0,0,0,0,0],"totalChange":0},"implicitModifiers":[{"text":"+(10-24) to all Attributes","optional":false},{"text":"Item sells for much more to vendors","optional":true}],"explicitModifiers":[{"text":"+(20-48) to all Attributes","optional":false},{"text":"25% reduced maximum Energy Shield","optional":true},{"text":"25% reduced maximum Life","optional":true},{"text":"+(10-22)% to all Elemental Resistances","optional":false},{"text":"50% increased Recovery per second from Life Leech","optional":true},{"text":"(50-60)% increased total Recovery per second from Life Leech","optional":true},{"text":"(30-40)% increased Damage while Leeching","optional":true},{"text":"(1.2-2.38)% of Physical Attack Damage Leeched as Life","optional":false},{"text":"Extra gore","optional":false}],"flavourText":"Forged from the blood of countless wars, \nits thirst has only begun.","itemType":"Amulet","chaosValue":7.00,"exaltedValue":0,"divineValue":0,"count":1,"detailsId":"carnage-heart-onyx-amulet","tradeInfo":[],"listingCount":203},{"id":154,"name":"Berek's Pass","icon":"https://web.poecdn.com/gen/image/WzI1LDE0LHsiZiI6IjJESXRlbXMvUmluZ3MvQmVyZWtzUGFzcyIsInciOjEsImgiOjEsInNjYWxlIjoxfV0/efb7743eeb/BereksPass.png","levelRequired":20,"baseType":"Two-Stone Ring","itemClass":3,"sparkline":{"data":[],"totalChange":0},"lowConfidenceSparkline":{"data":[0,0,0,0,0,0,0],"totalChange":0},"implicitModifiers":[{"text":"+(12-19)% to Fire and Cold Resistances","optional":false},{"text":"Item sells for much more to vendors","optional":true}],"explicitModifiers":[{"text":"(10-36)% increased Fire Damage","optional":false},{"text":"Adds (1-30) to (10-60) Cold Damage to Spells and Attacks","optional":false},{"text":"+(30-48) to maximum Energy Shield","optional":false},{"text":"30% increased Damage while Ignited","optional":false},{"text":"+(5000-6000) to Armour while Frozen","optional":false}],"flavourText":"\"From Frost's ice-bound pass\nBerek taunted and jeered\nUntil furious Flame scaled the mountain\nBerek escaped through the thaw\nAnd Frost's tortured moans.\"\n- Berek and the Untamed","itemType":"Ring","chaosValue":6.80,"exaltedValue":0,"divineValue":0,"count":2,"detailsId":"bereks-pass-two-stone-ring","tradeInfo":[],"listingCount":195},{"id":1424,"name":"The Aylardex","icon":"https://web.poecdn.com/gen/image/WzI1LDE0LHsiZiI6IjJESXRlbXMvQW11bGV0cy9YZWRyYWx5YXMiLCJ3IjoxLCJoIjoxLCJzY2FsZSI6MX1d/d9ae7f380f/Xedralyas.png","levelRequired":32,"baseType":"Agate Amulet","itemClass":3,"sparkline":{"data":[],"totalChange":0},"lowConfidenceSparkline":{"data":[0,0,0,0,0,0,0],"totalChange":0},"implicitModifiers":[{"text":"+(16-28) to Strength and Intelligence","optional":false},{"text":"Item sells for much more to vendors","optional":true}],"explicitModifiers":[{"text":"+(30-60) to maximum Life","optional":false},{"text":"+(50-81) to maximum Mana","optional":false},{"text":"+1 to Maximum Power Charges","optional":false},{"text":"(10-12)% increased Mana Regeneration Rate per Power Charge","optional":false},{"text":"(80-100)% increased Power Charge Duration","optional":true},{"text":"1% of Damage is taken from Mana before Life per Power Charge","optional":false},{"text":"40% reduced Critical Strike Chance per Power Charge","optional":false}],"flavourText":"Shackled fires dance about;\nMight within from force without.","itemType":"Amulet","chaosValue":6.00,"exaltedValue":0,"divineValue":0,"count":1,"detailsId":"the-aylardex-agate-amulet","tradeInfo":[],"listingCount":137},{"id":139,"name":"Bated Breath","icon":"https://web.poecdn.com/gen/image/WzI1LDE0LHsiZiI6IjJESXRlbXMvQmVsdHMvQmF0ZWRCcmVhdGgiLCJ3IjoyLCJoIjoxLCJzY2FsZSI6MX1d/0a8cc4529f/BatedBreath.png","levelRequired":22,"baseType":"Chain Belt","itemClass":3,"sparkline":{"data":[],"totalChange":0},"lowConfidenceSparkline":{"data":[0,0,0,0,0,90,18],"totalChange":18},"implicitModifiers":[{"text":"+(9-24) to maximum Energy Shield","optional":false},{"text":"Item sells for much more to vendors","optional":true}],"explicitModifiers":[{"text":"+(15-30) to Intelligence","optional":false},{"text":"10% increased Damage","optional":false},{"text":"+(20-36) to maximum Energy Shield","optional":false},{"text":"(20-24)% increased maximum Energy Shield","optional":true},{"text":"(50-60)% increased Energy Shield Recharge Rate","optional":false}],"flavourText":"At knifepoint, a moment's hesitation means death.","itemType":"Belt","chaosValue":5.90,"exaltedValue":0,"divineValue":0,"count":3,"detailsId":"bated-breath-chain-belt","tradeInfo":[],"listingCount":360},{"id":2189,"name":"Soul Tether","icon":"https://web.poecdn.com/gen/image/WzI1LDE0LHsiZiI6IjJESXRlbXMvQmVsdHMvU291bFRldGhlciIsInciOjIsImgiOjEsInNjYWxlIjoxfV0/a2b7447a4a/SoulTether.png","levelRequired":48,"baseType":"Cloth Belt","itemClass":3,"sparkline":{"data":[],"totalChange":0},"lowConfidenceSparkline":{"data":[0,440,440,440,440,440,440],"totalChange":440},"implicitModifiers":[{"text":"(15-25)% increased Stun and Block Recovery","optional":false},{"text":"Item sells for much more to vendors","optional":true}],"explicitModifiers":[{"text":"+(20-48) to Intelligence","optional":false},{"text":"Your Energy Shield starts at zero","optional":true},{"text":"Immortal Ambition","optional":false},{"text":"You cannot Recharge Energy Shield","optional":true},{"text":"You cannot Regenerate Energy Shield","optional":true},{"text":"You lose (5-5.1)% of Energy Shield per second","optional":true},{"text":"Life Leech effects are not removed at Full Life\nLife Leech effects Recover Energy Shield instead while on Full Life","optional":true},{"text":"Gain (4-7)% of Maximum Life as Extra Maximum Energy Shield","optional":false}],"flavourText":"Vaal bloodpriests were among the earliest intellectuals on record. \nIt was they who found that a newly freed soul would \ndesperately cling to any other source of life.","itemType":"Belt","chaosValue":5.40,"exaltedValue":0,"divineValue":0,"count":2,"detailsId":"soul-tether-cloth-belt","tradeInfo":[],"listingCount":84},{"id":631,"name":"Hinekora's Sight","icon":"https://web.poecdn.com/gen/image/WzI1LDE0LHsiZiI6IjJESXRlbXMvQW11bGV0cy9IaW5la29yYXNTaWdodCIsInciOjEsImgiOjEsInNjYWxlIjoxfV0/13820d857f/HinekorasSight.png","levelRequired":44,"baseType":"Onyx Amulet","itemClass":3,"sparkline":{"data":[],"totalChange":0},"lowConfidenceSparkline":{"data":[0,0,0,0,0,0,0],"totalChange":0},"implicitModifiers":[{"text":"+(10-19) to all Attributes","optional":false}],"explicitModifiers":[{"text":"+(12-20)% chance to Suppress Spell Damage","optional":true},{"text":"Prevent +3% of Suppressed Spell Damage","optional":true},{"text":"+(600-1200) to Accuracy Rating","optional":false},{"text":"(6-10)% chance to Dodge Attack Hits","optional":true},{"text":"(6-10)% chance to Dodge Spell Hits","optional":true},{"text":"+(600-1197) to Evasion Rating","optional":true},{"text":"Cannot be Blinded","optional":false}],"flavourText":"Remember the past, anticipate the future.","itemType":"Amulet","chaosValue":5.00,"exaltedValue":0,"divineValue":0,"count":1,"detailsId":"hinekoras-sight-onyx-amulet","tradeInfo":[],"listingCount":28},{"id":866,"name":"Night's Hold","icon":"https://web.poecdn.com/gen/image/WzI1LDE0LHsiZiI6IjJESXRlbXMvQW11bGV0cy9Tb2NrZXRlZFRhbGlzbWFuIiwidyI6MSwiaCI6MSwic2NhbGUiOjF9XQ/89ef47ed1c/SocketedTalisman.png","levelRequired":12,"baseType":"Black Maw Talisman","itemClass":3,"sparkline":{"data":[],"totalChange":0},"lowConfidenceSparkline":{"data":[0,0,0,0,0,0,0],"totalChange":0},"implicitModifiers":[{"text":"Has 1 Socket","optional":true},{"text":"Grants Level 23 Purity of Lightning Skill","optional":true},{"text":"(4-6)% increased Strength","optional":true},{"text":"0.5% of Fire Damage Leeched as Life","optional":true},{"text":"Grants Level 21 Purity of Elements Skill","optional":true},{"text":"Grants Level 23 Malevolence Skill","optional":true},{"text":"(4-5)% Chance to Block Attack Damage","optional":true},{"text":"(4-5)% Chance to Block Spell Damage","optional":true},{"text":"Grace has (15-20)% increased Aura Effect","optional":true},{"text":"Grants Level 23 Purity of Ice Skill","optional":true},{"text":"Anger has (15-20)% increased Aura Effect","optional":true},{"text":"Grants Level 21 Clarity Skill","optional":true},{"text":"Wrath has (15-20)% increased Aura Effect","optional":true},{"text":"Grants Level 23 Purity of Fire Skill","optional":true},{"text":"Hatred has (15-20)% increased Aura Effect","optional":true},{"text":"(4-6)% increased Intelligence","optional":true},{"text":"Pride has (15-20)% increased Aura Effect","optional":true},{"text":"(4-6)% increased Dexterity","optional":true},{"text":"(20-24)% increased Elemental Damage with Attack Skills","optional":true},{"text":"(8-10)% increased Movement Speed","optional":true},{"text":"(20-30)% increased Rarity of Items found","optional":true},{"text":"Malevolence has (15-20)% increased Aura Effect","optional":true},{"text":"Discipline has (15-20)% increased Aura Effect","optional":true},{"text":"(8-10)% increased Attack Speed","optional":true},{"text":"+1% to all maximum Resistances","optional":true},{"text":"You can apply an additional Curse","optional":true},{"text":"Zealotry has (15-20)% increased Aura Effect","optional":true},{"text":"+(14-16)% to all Elemental Resistances","optional":true},{"text":"0.5% of Lightning Damage Leeched as Life","optional":true},{"text":"Determination has (15-20)% increased Aura Effect","optional":true},{"text":"0.5% of Cold Damage Leeched as Life","optional":true}],"explicitModifiers":[{"text":"+2 to Level of Socketed Gems","optional":false},{"text":"Socketed Gems are Supported by Level 10 Added Chaos Damage","optional":false},{"text":"Socketed Gems are supported by Level 10 Blind","optional":false},{"text":"Socketed Gems are supported by Level 10 Cast when Stunned","optional":false}],"flavourText":"In the light of Solaris, the shadows cower and hide.\nBut every night they gather and grow,\nand all but the strong and the stupid\nseek shelter from their grasp until daybreak.","itemType":"Amulet","chaosValue":5.00,"exaltedValue":0,"divineValue":0,"count":1,"detailsId":"nights-hold-black-maw-talisman","tradeInfo":[],"listingCount":194},{"id":1747,"name":"Ungil's Harmony","icon":"https://web.poecdn.com/gen/image/WzI1LDE0LHsiZiI6IjJESXRlbXMvQW11bGV0cy9VbmdpbHNIYXJtb255IiwidyI6MSwiaCI6MSwic2NhbGUiOjF9XQ/dfdaf30e66/UngilsHarmony.png","levelRequired":23,"baseType":"Turquoise Amulet","itemClass":3,"sparkline":{"data":[],"totalChange":0},"lowConfidenceSparkline":{"data":[null,null,null,null,null,null,0],"totalChange":0},"implicitModifiers":[{"text":"+(16-28) to Dexterity and Intelligence","optional":false},{"text":"Item sells for much more to vendors","optional":true}],"explicitModifiers":[{"text":"(100-420)% increased Global Critical Strike Chance","optional":false},{"text":"-(75-25)% to Global Critical Strike Multiplier","optional":true},{"text":"+(30-50) to maximum Life","optional":false},{"text":"+(30-52) to maximum Mana","optional":false},{"text":"40% increased Stun and Block Recovery","optional":false},{"text":"Your Critical Strikes do not deal extra Damage","optional":false}],"flavourText":"Gentle anger, raging calm.","itemType":"Amulet","chaosValue":5.00,"exaltedValue":0,"divineValue":0,"count":1,"detailsId":"ungils-harmony-turquoise-amulet","tradeInfo":[],"listingCount":446},{"id":2179,"name":"Bloodgrip","icon":"https://web.poecdn.com/gen/image/WzI1LDE0LHsiZiI6IjJESXRlbXMvQW11bGV0cy9CbG9vZEFtdWxldCIsInciOjEsImgiOjEsInNjYWxlIjoxfV0/546826e52b/BloodAmulet.png","levelRequired":74,"baseType":"Marble Amulet","itemClass":3,"sparkline":{"data":[],"totalChange":0},"lowConfidenceSparkline":{"data":[0,0,0,0,0,0,0],"totalChange":0},"implicitModifiers":[{"text":"Regenerate (1.2-1.92)% of Life per second","optional":false}],"explicitModifiers":[{"text":"Adds (10-12) to (20-24) Physical Damage to Attacks","optional":false},{"text":"+(60-84) to maximum Life","optional":false},{"text":"Regenerate (8-28) Life per second","optional":false},{"text":"(100-120)% increased Life Recovery from Flasks","optional":false},{"text":"Moving while Bleeding doesn't cause you to take extra Damage","optional":false}],"flavourText":"Combat is simple.\nKeep your blood in.\nTake theirs out.","itemType":"Amulet","chaosValue":5.00,"exaltedValue":0,"divineValue":0,"count":1,"detailsId":"bloodgrip-marble-amulet","tradeInfo":[],"listingCount":117},{"id":7378,"name":"The Primordial Chain","icon":"https://web.poecdn.com/gen/image/WzI1LDE0LHsiZiI6IjJESXRlbXMvQW11bGV0cy9UaGVQcmltb3JkaWFsQ2hhaW4iLCJ3IjoxLCJoIjoxLCJzY2FsZSI6MX1d/cd566defdb/ThePrimordialChain.png","levelRequired":34,"baseType":"Coral Amulet","itemClass":3,"sparkline":{"data":[],"totalChange":0},"lowConfidenceSparkline":{"data":[null,null,null,null,null,null,0],"totalChange":0},"implicitModifiers":[{"text":"Regenerate (2-4.7) Life per second","optional":false}],"explicitModifiers":[{"text":"+3 to maximum number of Summoned Golems","optional":false},{"text":"+3 to maximum number of Golems","optional":true},{"text":"You cannot have non-Golem Minions","optional":false},{"text":"25% reduced Golem Size","optional":false},{"text":"Golems Deal (35-45)% less Damage","optional":false},{"text":"Golems have (35-53)% less Life","optional":false},{"text":"Golems have (80-120)% increased Movement Speed","optional":false},{"text":"Primordial","optional":false}],"flavourText":"The leash of the lifegiver\nbinds in both directions.","itemType":"Amulet","chaosValue":5.00,"exaltedValue":0,"divineValue":0,"count":1,"detailsId":"the-primordial-chain-coral-amulet","tradeInfo":[],"listingCount":55},{"id":976,"name":"Prismweave","icon":"https://web.poecdn.com/gen/image/WzI1LDE0LHsiZiI6IjJESXRlbXMvQmVsdHMvUHJpc213ZWF2ZSIsInciOjIsImgiOjEsInNjYWxlIjoxfV0/822582fe24/Prismweave.png","levelRequired":25,"baseType":"Rustic Sash","itemClass":3,"sparkline":{"data":[],"totalChange":0},"lowConfidenceSparkline":{"data":[0,0,0,0,0,0,-45],"totalChange":-45},"implicitModifiers":[{"text":"(12-24)% increased Global Physical Damage","optional":false}],"explicitModifiers":[{"text":"Adds (3-19) to (7-38) Fire Damage to Attacks","optional":false},{"text":"Adds (2-14) to (5-33) Cold Damage to Attacks","optional":false},{"text":"Adds 1 to (13-81) Lightning Damage to Attacks","optional":false},{"text":"+(6-15)% to all Elemental Resistances","optional":false},{"text":"(30-36)% increased Elemental Damage with Attack Skills during any Flask Effect","optional":false},{"text":"(10-12)% increased Elemental Damage with Attack Skills","optional":true}],"flavourText":"Nothing is as vivid as the rage of battle","itemType":"Belt","chaosValue":4.40,"exaltedValue":0,"divineValue":0,"count":2,"detailsId":"prismweave-rustic-sash","tradeInfo":[],"listingCount":247},{"id":569,"name":"Gifts from Above","icon":"https://web.poecdn.com/gen/image/WzI1LDE0LHsiZiI6IjJESXRlbXMvUmluZ3MvRGlhbW9uZFJpbmdVbmlxdWUiLCJ3IjoxLCJoIjoxLCJzY2FsZSI6MX1d/8edaf6655a/DiamondRingUnique.png","levelRequired":28,"baseType":"Diamond Ring","itemClass":3,"sparkline":{"data":[],"totalChange":0},"lowConfidenceSparkline":{"data":[0,0,0,0,2.5,2.5,2.5],"totalChange":2.5},"implicitModifiers":[{"text":"(20-36)% increased Global Critical Strike Chance","optional":false}],"explicitModifiers":[{"text":"Trigger Level 10 Consecrate when you deal a Critical Strike","optional":true},{"text":"(30-42)% increased Global Critical Strike Chance","optional":false},{"text":"(10-15)% increased Light Radius","optional":false},{"text":"Creates Consecrated Ground on Critical Strike","optional":true},{"text":"(40-60)% increased Rarity of Items Dropped by Enemies killed with a Critical Strike","optional":false},{"text":"50% increased Damage while on Consecrated Ground","optional":true},{"text":"+5% Chance to Block Attack Damage while on Consecrated Ground","optional":true}],"flavourText":"God blesses those who bless themselves.","itemType":"Ring","chaosValue":4.10,"exaltedValue":0,"divineValue":0,"count":2,"detailsId":"gifts-from-above-diamond-ring","tradeInfo":[],"listingCount":102},{"id":506,"name":"Extractor Mentis","icon":"https://web.poecdn.com/gen/image/WzI1LDE0LHsiZiI6IjJESXRlbXMvQW11bGV0cy9FeHRyYWN0b3JNZW50aXMiLCJ3IjoxLCJoIjoxLCJzY2FsZSI6MX1d/af5684bd74/ExtractorMentis.png","levelRequired":16,"baseType":"Agate Amulet","itemClass":3,"sparkline":{"data":[],"totalChange":0},"lowConfidenceSparkline":{"data":[0,0,0,0,0,0,0],"totalChange":0},"implicitModifiers":[{"text":"+(16-28) to Strength and Intelligence","optional":false},{"text":"Item sells for much more to vendors","optional":true}],"explicitModifiers":[{"text":"+(30-60) to Strength","optional":false},{"text":"Recover 1% of Life on Kill","optional":false},{"text":"5% chance to grant Onslaught to nearby Enemies on Kill","optional":false},{"text":"5% chance to grant Unholy Might to nearby Enemies on Kill","optional":false},{"text":"(5-10)% chance to gain Onslaught for 10 seconds on Kill","optional":false},{"text":"(5-10)% chance to gain Unholy Might for 10 seconds on Kill","optional":false}],"flavourText":"When slaughtered flesh falls silent,\nthe soul may yet scream on.","itemType":"Amulet","chaosValue":3.00,"exaltedValue":0,"divineValue":0,"count":1,"detailsId":"extractor-mentis-agate-amulet","tradeInfo":[],"listingCount":273},{"id":1890,"name":"Winterheart","icon":"https://web.poecdn.com/gen/image/WzI1LDE0LHsiZiI6IjJESXRlbXMvQW11bGV0cy9XaW50ZXJIZWFydEFMVCIsInciOjEsImgiOjEsInNjYWxlIjoxfV0/ff8c8c67f2/WinterHeartALT.png","levelRequired":42,"baseType":"Gold Amulet","itemClass":3,"sparkline":{"data":[],"totalChange":0},"lowConfidenceSparkline":{"data":[0,0,0,0,0,0,0],"totalChange":0},"implicitModifiers":[{"text":"(12-20)% increased Rarity of Items found","optional":false}],"explicitModifiers":[{"text":"+(20-30) to Dexterity","optional":false},{"text":"+(50-78) to maximum Life","optional":false},{"text":"+75% to Cold Resistance","optional":false},{"text":"Cannot be Chilled","optional":false},{"text":"Regenerate (10-24)% of Life per second while Frozen","optional":false}],"flavourText":"Those who dwell in the deep freeze\nenjoy a special kind of madness.","itemType":"Amulet","chaosValue":3.00,"exaltedValue":0,"divineValue":0,"count":1,"detailsId":"winterheart-gold-amulet","tradeInfo":[],"listingCount":144},{"id":923,"name":"Perandus Blazon","icon":"https://web.poecdn.com/gen/image/WzI1LDE0LHsiZiI6IjJESXRlbXMvQmVsdHMvQnVja2xlZEJlbHRVbmlxdWUyIiwidyI6MiwiaCI6MSwic2NhbGUiOjF9XQ/b67e6fa4a9/BuckledBeltUnique2.png","levelRequired":16,"baseType":"Cloth Belt","itemClass":3,"sparkline":{"data":[],"totalChange":0},"lowConfidenceSparkline":{"data":[0,0,0,0,0,0,66.67],"totalChange":66.67},"implicitModifiers":[{"text":"(15-25)% increased Stun and Block Recovery","optional":false},{"text":"Item sells for much more to vendors","optional":true}],"explicitModifiers":[{"text":"+(20-36) to all Attributes","optional":false},{"text":"(6-12)% increased Quantity of Items found","optional":false},{"text":"+(20-24)% to Fire Resistance","optional":false},{"text":"20% increased Flask Effect Duration","optional":false},{"text":"-2 Physical Damage taken from Attack Hits","optional":false}],"flavourText":"A large enough debt turns even a friend\ninto an enemy, and the Perandus family\nhad more debtors than anyone.","itemType":"Belt","chaosValue":2.00,"exaltedValue":0,"divineValue":0,"count":1,"detailsId":"perandus-blazon-cloth-belt","tradeInfo":[],"listingCount":544},{"id":24989,"name":"Leash of Oblation","icon":"https://web.poecdn.com/gen/image/WzI1LDE0LHsiZiI6IjJESXRlbXMvQmVsdHMvTGVhc2hPZk9ibGF0aW9uIiwidyI6MiwiaCI6MSwic2NhbGUiOjF9XQ/f865c7f643/LeashOfOblation.png","levelRequired":49,"baseType":"Leather Belt","itemClass":3,"sparkline":{"data":[],"totalChange":0},"lowConfidenceSparkline":{"data":[0,0,0,0,0,0,0],"totalChange":0},"implicitModifiers":[{"text":"+(25-48) to maximum Life","optional":false},{"text":"Item sells for much more to vendors","optional":true}],"explicitModifiers":[{"text":"+(15-24) to all Attributes","optional":false},{"text":"+(50-84) to maximum Life","optional":false},{"text":"25% reduced effect of Offerings","optional":true},{"text":"You can have an Offering of each type","optional":false},{"text":"Offering Skills have 50% reduced Duration","optional":false}],"flavourText":"Those who offer up sacrifices to every deity entreat the full favour of none.","itemType":"Belt","chaosValue":2.00,"exaltedValue":0,"divineValue":0,"count":1,"detailsId":"leash-of-oblation-leather-belt","tradeInfo":[],"listingCount":17},{"id":152,"name":"Belt of the Deceiver","icon":"https://web.poecdn.com/gen/image/WzI1LDE0LHsiZiI6IjJESXRlbXMvQmVsdHMvQmVsdE9mVGhlRGVjaWV2ZXIiLCJ3IjoyLCJoIjoxLCJzY2FsZSI6MX1d/914fb37e8c/BeltOfTheDeciever.png","levelRequired":20,"baseType":"Heavy Belt","itemClass":3,"sparkline":{"data":[],"totalChange":0},"lowConfidenceSparkline":{"data":[0,0,0,0,0,0,-60],"totalChange":-60},"implicitModifiers":[{"text":"+(25-42) to Strength","optional":false},{"text":"Item sells for much more to vendors","optional":true}],"explicitModifiers":[{"text":"10% reduced Chance to Block Attack and Spell Damage","optional":true},{"text":"(15-30)% increased Global Physical Damage","optional":false},{"text":"You take 30% reduced Extra Damage from Critical Strikes","optional":false},{"text":"+(30-42) to maximum Life","optional":false},{"text":"Nearby Enemies are Intimidated","optional":true},{"text":"+(6-18)% to all Elemental Resistances","optional":false}],"flavourText":"In battle, virtue matters not. \nOnly victory.","itemType":"Belt","chaosValue":1.20,"exaltedValue":0,"divineValue":0,"count":2,"detailsId":"belt-of-the-deceiver-heavy-belt","tradeInfo":[],"listingCount":407}]}