{"lines":[{"id":546,"name":"Fragility","icon":"https://web.poecdn.com/gen/image/WzI1LDE0LHsiZiI6IjJESXRlbXMvSmV3ZWxzL1JlZENvcnJ1cHQ2IiwidyI6MSwiaCI6MSwic2NhbGUiOjF9XQ/161d0c411c/RedCorrupt6.png","baseType":"Crimson Jewel","itemClass":3,"sparkline":{"data":[],"totalChange":0},"lowConfidenceSparkline":{"data":[null,null,null,null,0,0,0],"totalChange":0},"implicitModifiers":[],"explicitModifiers":[],"flavourText":"\"Your flesh will fail you.\"","itemType":"Jewel","chaosValue":50.00,"exaltedValue":0,"divineValue":0,"count":1,"detailsId":"fragility-crimson-jewel","tradeInfo":[],"listingCount":50},{"id":2060,"name":"Omen on the Winds","icon":"https://web.poecdn.com/gen/image/WzI1LDE0LHsiZiI6IjJESXRlbXMvSmV3ZWxzL0ljZVNob3RUaHJlc2hvbGQiLCJ3IjoxLCJoIjoxLCJzY2FsZSI6MX1d/ed9a279d5a/IceShotThreshold.png","baseType":"Viridian Jewel","itemClass":3,"sparkline":{"data":[],"totalChange":0},"lowConfidenceSparkline":{"data":[0,0,0,0,0,0,0],"totalChange":0},"implicitModifiers":[{"text":"10% increased Power Charge Duration","optional":true},{"text":"10% reduced Effect of Shock on you","optional":true},{"text":"4% increased Totem Placement speed","optional":true},{"text":"10% chance to Avoid being Frozen","optional":true},{"text":"10% reduced Reflected Elemental Damage taken","optional":true},{"text":"Minions have 5% increased maximum Life","optional":true},{"text":"10% reduced Reflected Physical Damage taken","optional":true},{"text":"10% chance to Avoid being Poisoned","optional":true},{"text":"5% increased Area of Effect of Aura Skills","optional":true},{"text":"20% increased total Recovery per second from Life Leech","optional":true},{"text":"20% increased Recovery per second from Life Leech","optional":true},{"text":"4% increased Energy Shield Recharge Rate","optional":true},{"text":"10% increased Frenzy Charge Duration","optional":true},{"text":"1% increased Movement Speed","optional":true},{"text":"10% chance to Avoid being Shocked","optional":true},{"text":"10% chance to Avoid being Chilled","optional":true},{"text":"20% increased total Recovery per second from Mana Leech","optional":true},{"text":"1% of Damage taken Recouped as Mana","optional":true},{"text":"1% increased Flask Effect Duration","optional":true},{"text":"15% chance to Avoid being Ignited","optional":true},{"text":"Regenerate 0.1% of Life per second","optional":true},{"text":"15% chance to Avoid being Stunned","optional":true}],"explicitModifiers":[{"text":"(15-20)% increased Damage with Hits against Chilled Enemies","optional":false},{"text":"With at least 40 Dexterity in Radius, Ice Shot Pierces (3-5) additional Targets","optional":false},{"text":"With at least 40 Dexterity in Radius, Ice Shot has 25% increased Area of Effect","optional":false}],"flavourText":"As Malachai stepped into the Highgate mines,\ncold winds billowed from the mountain above.\nOne final, feeble attempt to save what was meant to be eternal.","itemType":"Jewel","chaosValue":20.00,"exaltedValue":0,"divineValue":0,"count":1,"detailsId":"omen-on-the-winds-viridian-jewel","tradeInfo":[],"listingCount":167},{"id":2065,"name":"Inevitability","icon":"https://web.poecdn.com/gen/image/WzI1LDE0LHsiZiI6IjJESXRlbXMvSmV3ZWxzL01hZ21hT3JiVGhyZXNob2xkIiwidyI6MSwiaCI6MSwic2NhbGUiOjF9XQ/0adc0f922f/MagmaOrbThreshold.png","baseType":"Cobalt Jewel","itemClass":3,"sparkline":{"data":[],"totalChange":0},"lowConfidenceSparkline":{"data":[0,0,0,0,0,0,0],"totalChange":0},"implicitModifiers":[{"text":"10% reduced Freeze Duration on you","optional":true},{"text":"5% increased Energy Shield Recharge Rate","optional":true},{"text":"10% reduced Ignite Duration on you","optional":true},{"text":"10% reduced Effect of Chill on you","optional":true},{"text":"Regenerate 0.1% of Life per second","optional":true},{"text":"3% increased Light Radius","optional":true},{"text":"1% increased Movement Speed","optional":true},{"text":"1% of Damage taken Recouped as Mana","optional":true},{"text":"10% increased Power Charge Duration","optional":true},{"text":"10% reduced Reflected Physical Damage taken","optional":true}],"explicitModifiers":[{"text":"(10-15)% increased Fire Damage","optional":false},{"text":"With at least 40 Intelligence in Radius, Magma Orb fires an additional Projectile","optional":true},{"text":"With at least 40 Intelligence in Radius, Magma Orb deals 50% less Damage","optional":true},{"text":"With at least 40 Intelligence in Radius, Rolling Magma fires an additional Projectile","optional":true},{"text":"With at least 40 Intelligence in Radius, Rolling Magma deals 50% less Damage","optional":true},{"text":"With at least 40 Intelligence in Radius, Magma Orb deals 40% more Damage per Chain","optional":true},{"text":"With at least 40 Intelligence in Radius, Rolling Magma deals 40% more Damage per Chain","optional":true},{"text":"With at least 40 Intelligence in Radius, Magma Orb\nhas 10% increased Area of Effect per Chain","optional":true},{"text":"With at least 40 Intelligence in Radius, Rolling Magma\nhas 10% increased Area of Effect per Chain","optional":false}],"flavourText":"Izaro gave rise to Chitus.\nChitus gave rise to Voll.\nNone could know how it would end.\nNone could stop it.","itemType":"Jewel","chaosValue":20.00,"exaltedValue":0,"divineValue":0,"count":1,"detailsId":"inevitability-cobalt-jewel","tradeInfo":[],"listingCount":156}]}