{"lines":[{"id":1394,"name":"Taste of Hate","icon":"https://web.poecdn.com/gen/image/WzksMTQseyJmIjoiMkRJdGVtcy9GbGFza3MvVGFzdGVPZkhhdGUiLCJ3IjoxLCJoIjoyLCJzY2FsZSI6MSwibGV2ZWwiOjF9XQ/37ff43c7ff/TasteOfHate.png","levelRequired":18,"baseType":"Sapphire Flask","itemClass":3,"sparkline":{"data":[],"totalChange":0},"lowConfidenceSparkline":{"data":[0,0,0,0,0,0,0],"totalChange":0},"implicitModifiers":[],"explicitModifiers":[{"text":"(10-30)% of Physical Damage from Hits taken as Cold Damage during Flask effect","optional":true},{"text":"(10-30)% of Physical Damage from Hits taken as Cold Damage during Effect","optional":false},{"text":"Gain (10-30)% of Physical Damage as Extra Cold Damage during effect","optional":false},{"text":"30% chance to Avoid being Chilled during Effect","optional":false},{"text":"30% chance to Avoid being Chilled during Flask effect","optional":true},{"text":"30% chance to Avoid being Frozen during Effect","optional":false},{"text":"30% chance to Avoid being Frozen during Flask effect","optional":true}],"flavourText":"A sip will freeze your lips,\nA swig will chill your heart,\nA glass will still your soul.","chaosValue":45.00,"exaltedValue":0,"divineValue":0,"count":1,"detailsId":"taste-of-hate","tradeInfo":[],"listingCount":87},{"id":2283,"name":"Coralito's Signature","icon":"https://web.poecdn.com/gen/image/WzksMTQseyJmIjoiMkRJdGVtcy9GbGFza3MvR29yZ29uc0ZsYXNrIiwidyI6MSwiaCI6Miwic2NhbGUiOjEsImxldmVsIjoxfV0/8fa50a1974/GorgonsFlask.png","levelRequired":27,"baseType":"Diamond Flask","itemClass":3,"sparkline":{"data":[],"totalChange":0},"lowConfidenceSparkline":{"data":[null,null,null,0,0,0,0],"totalChange":0},"implicitModifiers":[],"explicitModifiers":[{"text":"25% chance to Poison on Hit during Effect","optional":false},{"text":"Your Critical Strikes do not deal extra Damage during Effect","optional":false},{"text":"25% chance to Poison on Hit during Flask effect","optional":true},{"text":"+(20-30)% to Damage over Time Multiplier for Poison from Critical Strikes during Flask effect","optional":true},{"text":"Your Critical Strikes do not deal extra Damage during Flask effect","optional":true},{"text":"+(20-30)% to Damage over Time Multiplier for Poison from Critical Strikes during Effect","optional":true},{"text":"(50-75)% increased Duration of Poisons you inflict during Effect","optional":true},{"text":"(50-75)% increased Duration of Poisons you inflict during Flask effect","optional":true},{"text":"Take (30-250) Chaos Damage per Second during Flask effect","optional":true},{"text":"Take (30-250) Chaos Damage per Second during Effect","optional":false},{"text":"Grants Perfect Agony during Flask effect","optional":true},{"text":"Grants Perfect Agony during effect","optional":true}],"flavourText":"\"What cruelty it is, that to be judged a success,\nsuch great work must go uncredited.\" \n- Coralito, Brotherhood of Silence","chaosValue":1.00,"exaltedValue":0,"divineValue":0,"count":1,"detailsId":"coralitos-signature","tradeInfo":[],"listingCount":104}]}