{"lines":[{"id":23911,"name":"The Craving","icon":"https://web.poecdn.com/gen/image/WzI1LDE0LHsiZiI6IjJESXRlbXMvRGl2aW5hdGlvbi9JbnZlbnRvcnlJY29uIiwidyI6MSwiaCI6MSwic2NhbGUiOjF9XQ/f34bf8cbb5/InventoryIcon.png","baseType":"The Craving","stackSize":4,"artFilename":"TheCraving","itemClass":6,"sparkline":{"data":[],"totalChange":0},"lowConfidenceSparkline":{"data":[0,0,0,0,0,0,0],"totalChange":0},"implicitModifiers":[],"explicitModifiers":[{"text":"<uniqueitem>{Unending Hunger}","optional":false}],"flavourText":"What was once a passing thought tickling the back of the mind is now a desperate, driving desire.","chaosValue":27.00,"exaltedValue":0,"divineValue":0,"count":1,"detailsId":"the-craving","tradeInfo":[],"listingCount":3},{"id":100534,"name":"The Finishing Touch","icon":"https://web.poecdn.com/gen/image/WzI1LDE0LHsiZiI6IjJESXRlbXMvRGl2aW5hdGlvbi9JbnZlbnRvcnlJY29uIiwidyI6MSwiaCI6MSwic2NhbGUiOjF9XQ/f34bf8cbb5/InventoryIcon.png","baseType":"The Finishing Touch","stackSize":2,"artFilename":"TheFinishingTouch","itemClass":6,"sparkline":{"data":[],"totalChange":0},"lowConfidenceSparkline":{"data":[0,0,0,0,0,0,0],"totalChange":0},"implicitModifiers":[],"explicitModifiers":[{"text":"<currencyitem>{1x Fertile Catalyst}","optional":false}],"flavourText":"<size:29>{A little extra flair never hurts.}","chaosValue":13.00,"exaltedValue":0,"divineValue":0,"count":1,"detailsId":"the-finishing-touch","tradeInfo":[],"listingCount":2},{"id":4860,"name":"The Obscured","icon":"https://web.poecdn.com/gen/image/WzI1LDE0LHsiZiI6IjJESXRlbXMvRGl2aW5hdGlvbi9JbnZlbnRvcnlJY29uIiwidyI6MSwiaCI6MSwic2NhbGUiOjF9XQ/f34bf8cbb5/InventoryIcon.png","baseType":"The Obscured","stackSize":7,"artFilename":"TheObscured","itemClass":6,"sparkline":{"data":[],"totalChange":0},"lowConfidenceSparkline":{"data":[0,0,0,0,0,0,0],"totalChange":0},"implicitModifiers":[],"explicitModifiers":[{"text":"<normal>{Breachstone}","optional":false}],"flavourText":"Our world, dangerous as it is, is far safer than what lies just beyond our sight.","chaosValue":7.00,"exaltedValue":0,"divineValue":0,"count":1,"detailsId":"the-obscured","tradeInfo":[],"listingCount":41},{"id":161,"name":"Birth of the Three","icon":"https://web.poecdn.com/gen/image/WzI1LDE0LHsiZiI6IjJESXRlbXMvRGl2aW5hdGlvbi9JbnZlbnRvcnlJY29uIiwidyI6MSwiaCI6MSwic2NhbGUiOjF9XQ/f34bf8cbb5/InventoryIcon.png","baseType":"Birth of the Three","stackSize":3,"artFilename":"BirthOfTheThree","itemClass":6,"sparkline":{"data":[],"totalChange":0},"lowConfidenceSparkline":{"data":[0,0,0,0,0,0,0],"totalChange":0},"implicitModifiers":[],"explicitModifiers":[{"text":"<uniqueitem>{The Goddess Bound}","optional":false}],"flavourText":"A small token of Her affliction.","chaosValue":5.00,"exaltedValue":0,"divineValue":0,"count":1,"detailsId":"birth-of-the-three","tradeInfo":[],"listingCount":16},{"id":420,"name":"Destined to Crumble","icon":"https://web.poecdn.com/gen/image/WzI1LDE0LHsiZiI6IjJESXRlbXMvRGl2aW5hdGlvbi9JbnZlbnRvcnlJY29uIiwidyI6MSwiaCI6MSwic2NhbGUiOjF9XQ/f34bf8cbb5/InventoryIcon.png","baseType":"Destined to Crumble","stackSize":5,"artFilename":"DestinedtoCrumble","itemClass":6,"sparkline":{"data":[],"totalChange":0},"lowConfidenceSparkline":{"data":[0,0,0,0,0,0,0],"totalChange":0},"implicitModifiers":[],"explicitModifiers":[{"text":"<rareitem>{Body Armour}\n<default>{Item Level:} <normal>{100}","optional":false}],"flavourText":"<size:30>{\"Let us not forget the most important lesson the Vaal taught us:\nNothing is eternal.\"\n- Siosa Foaga, Imperial Scholar}","chaosValue":5.00,"exaltedValue":0,"divineValue":0,"count":1,"detailsId":"destined-to-crumble","tradeInfo":[],"listingCount":45},{"id":480,"name":"Emperor of Purity","icon":"https://web.poecdn.com/gen/image/WzI1LDE0LHsiZiI6IjJESXRlbXMvRGl2aW5hdGlvbi9JbnZlbnRvcnlJY29uIiwidyI6MSwiaCI6MSwic2NhbGUiOjF9XQ/f34bf8cbb5/InventoryIcon.png","baseType":"Emperor of Purity","stackSize":7,"artFilename":"EmperorOfPurity","itemClass":6,"sparkline":{"data":[],"totalChange":0},"lowConfidenceSparkline":{"data":[0,0,0,0,0,0,0],"totalChange":0},"implicitModifiers":[],"explicitModifiers":[{"text":"<whiteitem>{Six-Link Holy Chainmail}\n<default>{Item Level:} <normal>{60}","optional":false}],"flavourText":"True to his title,\nVoll, newly crowned,\nhad many of the\nEternal Empire's signature\nextravagances destroyed.","chaosValue":5.00,"exaltedValue":0,"divineValue":0,"count":1,"detailsId":"emperor-of-purity","tradeInfo":[],"listingCount":37},{"id":645,"name":"Humility","icon":"https://web.poecdn.com/gen/image/WzI1LDE0LHsiZiI6IjJESXRlbXMvRGl2aW5hdGlvbi9JbnZlbnRvcnlJY29uIiwidyI6MSwiaCI6MSwic2NhbGUiOjF9XQ/f34bf8cbb5/InventoryIcon.png","baseType":"Humility","stackSize":9,"artFilename":"Humility","itemClass":6,"sparkline":{"data":[],"totalChange":0},"lowConfidenceSparkline":{"data":[0,0,0,0,0,0,0],"totalChange":0},"implicitModifiers":[],"explicitModifiers":[{"text":"<uniqueitem>{Tabula Rasa}","optional":false}],"flavourText":"","chaosValue":5.00,"exaltedValue":0,"divineValue":0,"count":1,"detailsId":"humility","tradeInfo":[],"listingCount":137},{"id":1083,"name":"Scholar of the Seas","icon":"https://web.poecdn.com/gen/image/WzI1LDE0LHsiZiI6IjJESXRlbXMvRGl2aW5hdGlvbi9JbnZlbnRvcnlJY29uIiwidyI6MSwiaCI6MSwic2NhbGUiOjF9XQ/f34bf8cbb5/InventoryIcon.png","baseType":"Scholar of the Seas","stackSize":7,"artFilename":"ScholarOfTheSeas","itemClass":6,"sparkline":{"data":[],"totalChange":0},"lowConfidenceSparkline":{"data":[0,0,0,0,0,0,0],"totalChange":0},"implicitModifiers":[],"explicitModifiers":[{"text":"<uniqueitem>{Mao Kun}","optional":false}],"flavourText":"I've never come upon a ship I could not command. I have however met sailors that were not willing to be led.","chaosValue":5.00,"exaltedValue":0,"divineValue":0,"count":1,"detailsId":"scholar-of-the-seas","tradeInfo":[],"listingCount":52},{"id":1439,"name":"The Body","icon":"https://web.poecdn.com/gen/image/WzI1LDE0LHsiZiI6IjJESXRlbXMvRGl2aW5hdGlvbi9JbnZlbnRvcnlJY29uIiwidyI6MSwiaCI6MSwic2NhbGUiOjF9XQ/f34bf8cbb5/InventoryIcon.png","baseType":"The Body","stackSize":4,"artFilename":"TheBody","itemClass":6,"sparkline":{"data":[],"totalChange":0},"lowConfidenceSparkline":{"data":[0,0,0,0,0,0,0],"totalChange":0},"implicitModifiers":[],"explicitModifiers":[{"text":"<uniqueitem>{Body Armour}","optional":false}],"flavourText":"They say it is the head that leads, but all must flow through the body at some point.","chaosValue":5.00,"exaltedValue":0,"divineValue":0,"count":1,"detailsId":"the-body","tradeInfo":[],"listingCount":50},{"id":1486,"name":"The Endurance","icon":"https://web.poecdn.com/gen/image/WzI1LDE0LHsiZiI6IjJESXRlbXMvRGl2aW5hdGlvbi9JbnZlbnRvcnlJY29uIiwidyI6MSwiaCI6MSwic2NhbGUiOjF9XQ/f34bf8cbb5/InventoryIcon.png","baseType":"The Endurance","stackSize":4,"artFilename":"TheEndurance","itemClass":6,"sparkline":{"data":[],"totalChange":0},"lowConfidenceSparkline":{"data":[0,0,0,0,0,0,0],"totalChange":0},"implicitModifiers":[],"explicitModifiers":[{"text":"<magicitem>{Vivid Crimson Jewel}","optional":false}],"flavourText":"<size:28>{Crimson rubies, drops of vigour,\nflowing through my veins,\nflesh like coal, try to crush me,\ndiamond is what remains.}","chaosValue":5.00,"exaltedValue":0,"divineValue":0,"count":1,"detailsId":"the-endurance","tradeInfo":[],"listingCount":46},{"id":1499,"name":"The Flora's Gift","icon":"https://web.poecdn.com/gen/image/WzI1LDE0LHsiZiI6IjJESXRlbXMvRGl2aW5hdGlvbi9JbnZlbnRvcnlJY29uIiwidyI6MSwiaCI6MSwic2NhbGUiOjF9XQ/f34bf8cbb5/InventoryIcon.png","baseType":"The Flora's Gift","stackSize":5,"artFilename":"TheFlorasGift","itemClass":6,"sparkline":{"data":[],"totalChange":0},"lowConfidenceSparkline":{"data":[0,0,0,0,0,0,0],"totalChange":0},"implicitModifiers":[],"explicitModifiers":[{"text":"<whiteitem>{Five-Link Staff}\n<default>{Item Level:} <normal>{66}","optional":false}],"flavourText":"Sturdy and strong,\ngrown from the stream.\nThe Flora that live here,\nA combatant's dream.","chaosValue":5.00,"exaltedValue":0,"divineValue":0,"count":1,"detailsId":"the-floras-gift","tradeInfo":[],"listingCount":71},{"id":1530,"name":"The Incantation","icon":"https://web.poecdn.com/gen/image/WzI1LDE0LHsiZiI6IjJESXRlbXMvRGl2aW5hdGlvbi9JbnZlbnRvcnlJY29uIiwidyI6MSwiaCI6MSwic2NhbGUiOjF9XQ/f34bf8cbb5/InventoryIcon.png","baseType":"The Incantation","stackSize":4,"artFilename":"TheIncantation","itemClass":6,"sparkline":{"data":[],"totalChange":0},"lowConfidenceSparkline":{"data":[0,0,0,0,0,0,0],"totalChange":0},"implicitModifiers":[],"explicitModifiers":[{"text":"<uniqueitem>{The Whispering Ice}","optional":false}],"flavourText":"When there is no other choice, even the meekest whisper can bring about the greatest storm.","chaosValue":5.00,"exaltedValue":0,"divineValue":0,"count":1,"detailsId":"the-incantation","tradeInfo":[],"listingCount":29},{"id":1544,"name":"The Lich","icon":"https://web.poecdn.com/gen/image/WzI1LDE0LHsiZiI6IjJESXRlbXMvRGl2aW5hdGlvbi9JbnZlbnRvcnlJY29uIiwidyI6MSwiaCI6MSwic2NhbGUiOjF9XQ/f34bf8cbb5/InventoryIcon.png","baseType":"The Lich","stackSize":12,"artFilename":"TheLich","itemClass":6,"sparkline":{"data":[],"totalChange":0},"lowConfidenceSparkline":{"data":[0,0,0,0,0,0,0],"totalChange":0},"implicitModifiers":[],"explicitModifiers":[{"text":"<uniqueitem>{Midnight Bargain}\n<corrupted>{Corrupted}","optional":false}],"flavourText":"When the dead raise and master their own, the land is truly lost.","chaosValue":5.00,"exaltedValue":0,"divineValue":0,"count":1,"detailsId":"the-lich","tradeInfo":[],"listingCount":48},{"id":1545,"name":"The Lion","icon":"https://web.poecdn.com/gen/image/WzI1LDE0LHsiZiI6IjJESXRlbXMvRGl2aW5hdGlvbi9JbnZlbnRvcnlJY29uIiwidyI6MSwiaCI6MSwic2NhbGUiOjF9XQ/f34bf8cbb5/InventoryIcon.png","baseType":"The Lion","stackSize":5,"artFilename":"TheLion","itemClass":6,"sparkline":{"data":[],"totalChange":0},"lowConfidenceSparkline":{"data":[0,0,0,0,0,0,0],"totalChange":0},"implicitModifiers":[],"explicitModifiers":[{"text":"<uniqueitem>{Lioneye Item}","optional":false}],"flavourText":"<size:31>{The Eternals lauded his valour. The Karui relished his defeat. Yet the final thoughts of Marceus Lioneye were naught but lament for his pride.}","chaosValue":5.00,"exaltedValue":0,"divineValue":0,"count":1,"detailsId":"the-lion","tradeInfo":[],"listingCount":38},{"id":1565,"name":"The Penitent","icon":"https://web.poecdn.com/gen/image/WzI1LDE0LHsiZiI6IjJESXRlbXMvRGl2aW5hdGlvbi9JbnZlbnRvcnlJY29uIiwidyI6MSwiaCI6MSwic2NhbGUiOjF9XQ/f34bf8cbb5/InventoryIcon.png","baseType":"The Penitent","stackSize":5,"artFilename":"ThePenitent","itemClass":6,"sparkline":{"data":[],"totalChange":0},"lowConfidenceSparkline":{"data":[0,0,0,0,0,0,0],"totalChange":0},"implicitModifiers":[],"explicitModifiers":[{"text":"<uniqueitem>{Unset Ring}","optional":false}],"flavourText":"<size:28>{First, I gave my wealth, and we went hungry. Next, I gave my land, and we were homeless. Then, I gave my family, and I was alone. Last, I gave my eyes, and all I could dream was mine.}","chaosValue":5.00,"exaltedValue":0,"divineValue":0,"count":1,"detailsId":"the-penitent","tradeInfo":[],"listingCount":15},{"id":1589,"name":"The Risk","icon":"https://web.poecdn.com/gen/image/WzI1LDE0LHsiZiI6IjJESXRlbXMvRGl2aW5hdGlvbi9JbnZlbnRvcnlJY29uIiwidyI6MSwiaCI6MSwic2NhbGUiOjF9XQ/f34bf8cbb5/InventoryIcon.png","baseType":"The Risk","stackSize":3,"artFilename":"TheRisk","itemClass":6,"sparkline":{"data":[],"totalChange":0},"lowConfidenceSparkline":{"data":[0,0,0,0,0,0,0],"totalChange":0},"implicitModifiers":[],"explicitModifiers":[{"text":"<uniqueitem>{Ventor's Gamble}","optional":false}],"flavourText":"\"There is no right or wrong choice, no best or worst. There are only choices and their consequences.\"","chaosValue":5.00,"exaltedValue":0,"divineValue":0,"count":1,"detailsId":"the-risk","tradeInfo":[],"listingCount":24},{"id":1593,"name":"The Scholar","icon":"https://web.poecdn.com/gen/image/WzI1LDE0LHsiZiI6IjJESXRlbXMvRGl2aW5hdGlvbi9JbnZlbnRvcnlJY29uIiwidyI6MSwiaCI6MSwic2NhbGUiOjF9XQ/f34bf8cbb5/InventoryIcon.png","baseType":"The Scholar","stackSize":3,"artFilename":"TheScholar","itemClass":6,"sparkline":{"data":[],"totalChange":0},"lowConfidenceSparkline":{"data":[0,0,0,0,0,0,0],"totalChange":0},"implicitModifiers":[],"explicitModifiers":[{"text":"<currencyitem>{40x Scroll of Wisdom}","optional":false}],"flavourText":"It is with the smallest of words that we find the largest of truths.","chaosValue":5.00,"exaltedValue":0,"divineValue":0,"count":1,"detailsId":"the-scholar","tradeInfo":[],"listingCount":96},{"id":1624,"name":"The Surgeon","icon":"https://web.poecdn.com/gen/image/WzI1LDE0LHsiZiI6IjJESXRlbXMvRGl2aW5hdGlvbi9JbnZlbnRvcnlJY29uIiwidyI6MSwiaCI6MSwic2NhbGUiOjF9XQ/f34bf8cbb5/InventoryIcon.png","baseType":"The Surgeon","stackSize":4,"artFilename":"TheSurgeon","itemClass":6,"sparkline":{"data":[],"totalChange":0},"lowConfidenceSparkline":{"data":[0,0,0,0,0,0,0],"totalChange":0},"implicitModifiers":[],"explicitModifiers":[{"text":"<magicitem>{Surgeon's Flask}","optional":false}],"flavourText":"\"He might be lacking in vision, but his virtuosity is undeniable.\"\n- Malachai, on Maligaro","chaosValue":5.00,"exaltedValue":0,"divineValue":0,"count":1,"detailsId":"the-surgeon","tradeInfo":[],"listingCount":44},{"id":1678,"name":"The Wrath","icon":"https://web.poecdn.com/gen/image/WzI1LDE0LHsiZiI6IjJESXRlbXMvRGl2aW5hdGlvbi9JbnZlbnRvcnlJY29uIiwidyI6MSwiaCI6MSwic2NhbGUiOjF9XQ/f34bf8cbb5/InventoryIcon.png","baseType":"The Wrath","stackSize":8,"artFilename":"TheWrath","itemClass":6,"sparkline":{"data":[],"totalChange":0},"lowConfidenceSparkline":{"data":[0,0,0,0,0,0,0],"totalChange":0},"implicitModifiers":[],"explicitModifiers":[{"text":"<currencyitem>{10x Chaos Orb}","optional":false}],"flavourText":"<size:31>{\"Daughter of catastrophe, mother of pain. Amongst the filth of Wraeclast, she wanders, and her wrath follows.\" - Quintoon the Returned}","chaosValue":5.00,"exaltedValue":0,"divineValue":0,"count":1,"detailsId":"the-wrath","tradeInfo":[],"listingCount":41},{"id":1694,"name":"Thunderous Skies","icon":"https://web.poecdn.com/gen/image/WzI1LDE0LHsiZiI6IjJESXRlbXMvRGl2aW5hdGlvbi9JbnZlbnRvcnlJY29uIiwidyI6MSwiaCI6MSwic2NhbGUiOjF9XQ/f34bf8cbb5/InventoryIcon.png","baseType":"Thunderous Skies","stackSize":5,"artFilename":"ThunderousSkies","itemClass":6,"sparkline":{"data":[],"totalChange":0},"lowConfidenceSparkline":{"data":[0,0,0,0,0,0,0],"totalChange":0},"implicitModifiers":[],"explicitModifiers":[{"text":"<uniqueitem>{Storm Cloud}","optional":false}],"flavourText":"<size:30>{Many that have wielded the power of lightning have said that death by electrocution looks like the victim is more alive than ever before.}","chaosValue":5.00,"exaltedValue":0,"divineValue":0,"count":1,"detailsId":"thunderous-skies","tradeInfo":[],"listingCount":42},{"id":1709,"name":"Tranquillity","icon":"https://web.poecdn.com/gen/image/WzI1LDE0LHsiZiI6IjJESXRlbXMvRGl2aW5hdGlvbi9JbnZlbnRvcnlJY29uIiwidyI6MSwiaCI6MSwic2NhbGUiOjF9XQ/f34bf8cbb5/InventoryIcon.png","baseType":"Tranquillity","stackSize":7,"artFilename":"Tranquillity","itemClass":6,"sparkline":{"data":[],"totalChange":0},"lowConfidenceSparkline":{"data":[0,0,0,0,0,0,0],"totalChange":0},"implicitModifiers":[],"explicitModifiers":[{"text":"<uniqueitem>{Voltaxic Rift}","optional":false}],"flavourText":"Beware the sudden calm, for it is a sure sign of a storm on the horizon.","chaosValue":5.00,"exaltedValue":0,"divineValue":0,"count":1,"detailsId":"tranquillity","tradeInfo":[],"listingCount":18},{"id":1803,"name":"Volatile Power","icon":"https://web.poecdn.com/gen/image/WzI1LDE0LHsiZiI6IjJESXRlbXMvRGl2aW5hdGlvbi9JbnZlbnRvcnlJY29uIiwidyI6MSwiaCI6MSwic2NhbGUiOjF9XQ/f34bf8cbb5/InventoryIcon.png","baseType":"Volatile Power","stackSize":9,"artFilename":"VolatilePower","itemClass":6,"sparkline":{"data":[],"totalChange":0},"lowConfidenceSparkline":{"data":[0,0,0,0,0,0,0],"totalChange":0},"implicitModifiers":[],"explicitModifiers":[{"text":"<gemitem>{Vaal Gem}\n<default>{Quality:} <augmented>{+20%}\n<corrupted>{Corrupted}","optional":false},{"text":"<gemitem>{Superior Vaal Gem}\n<default>{Quality:} <augmented>{+20%}\n<corrupted>{Corrupted}","optional":true}],"flavourText":"Unlimited power is apt to corrupt the minds of those who possess it.","chaosValue":5.00,"exaltedValue":0,"divineValue":0,"count":1,"detailsId":"volatile-power","tradeInfo":[],"listingCount":57},{"id":2034,"name":"Mitts","icon":"https://web.poecdn.com/gen/image/WzI1LDE0LHsiZiI6IjJESXRlbXMvRGl2aW5hdGlvbi9JbnZlbnRvcnlJY29uIiwidyI6MSwiaCI6MSwic2NhbGUiOjF9XQ/f34bf8cbb5/InventoryIcon.png","baseType":"Mitts","stackSize":5,"artFilename":"Mitts","itemClass":6,"sparkline":{"data":[],"totalChange":0},"lowConfidenceSparkline":{"data":[0,0,0,0,0,0,0],"totalChange":0},"implicitModifiers":[],"explicitModifiers":[{"text":"<uniqueitem>{Gloves}","optional":false}],"flavourText":"Those whose hands are their livelihood know the importance of keeping them safe and warm.","chaosValue":5.00,"exaltedValue":0,"divineValue":0,"count":1,"detailsId":"mitts","tradeInfo":[],"listingCount":31},{"id":2288,"name":"The Blazing Fire","icon":"https://web.poecdn.com/gen/image/WzI1LDE0LHsiZiI6IjJESXRlbXMvRGl2aW5hdGlvbi9JbnZlbnRvcnlJY29uIiwidyI6MSwiaCI6MSwic2NhbGUiOjF9XQ/f34bf8cbb5/InventoryIcon.png","baseType":"The Blazing Fire","stackSize":6,"artFilename":"TheBlazingFire","itemClass":6,"sparkline":{"data":[],"totalChange":0},"lowConfidenceSparkline":{"data":[0,0,0,0,0,0,0],"totalChange":0},"implicitModifiers":[],"explicitModifiers":[{"text":"<uniqueitem>{Chin Sol}","optional":false}],"flavourText":"Lethal, untouchable, keen, aflame. Just what I was looking for.","chaosValue":5.00,"exaltedValue":0,"divineValue":0,"count":1,"detailsId":"the-blazing-fire","tradeInfo":[],"listingCount":28},{"id":2291,"name":"The Ruthless Ceinture","icon":"https://web.poecdn.com/gen/image/WzI1LDE0LHsiZiI6IjJESXRlbXMvRGl2aW5hdGlvbi9JbnZlbnRvcnlJY29uIiwidyI6MSwiaCI6MSwic2NhbGUiOjF9XQ/f34bf8cbb5/InventoryIcon.png","baseType":"The Ruthless Ceinture","stackSize":7,"artFilename":"TheRuthlessCeinture","itemClass":6,"sparkline":{"data":[],"totalChange":0},"lowConfidenceSparkline":{"data":[0,0,0,0,0,0,0],"totalChange":0},"implicitModifiers":[],"explicitModifiers":[{"text":"<uniqueitem>{Meginord's Girdle}\n<corrupted>{Corrupted}","optional":false}],"flavourText":"In combat, a warrior must first be resourceful,\nand second, decisive.","chaosValue":5.00,"exaltedValue":0,"divineValue":0,"count":1,"detailsId":"the-ruthless-ceinture","tradeInfo":[],"listingCount":12},{"id":2595,"name":"Rebirth","icon":"https://web.poecdn.com/gen/image/WzI1LDE0LHsiZiI6IjJESXRlbXMvRGl2aW5hdGlvbi9JbnZlbnRvcnlJY29uIiwidyI6MSwiaCI6MSwic2NhbGUiOjF9XQ/f34bf8cbb5/InventoryIcon.png","baseType":"Rebirth","stackSize":27,"artFilename":"BirthOfTheThree","itemClass":6,"sparkline":{"data":[],"totalChange":0},"lowConfidenceSparkline":{"data":[0,0,0,0,0,0,0],"totalChange":0},"implicitModifiers":[],"explicitModifiers":[{"text":"<uniqueitem>{Charan's Sword}","optional":false}],"flavourText":"He shattered Her smile\nScattered the fragments like ash\nAll she did was laugh","chaosValue":5.00,"exaltedValue":0,"divineValue":0,"count":1,"detailsId":"rebirth-divcard","tradeInfo":[],"listingCount":37},{"id":6929,"name":"The Fathomless Depths","icon":"https://web.poecdn.com/gen/image/WzI1LDE0LHsiZiI6IjJESXRlbXMvRGl2aW5hdGlvbi9JbnZlbnRvcnlJY29uIiwidyI6MSwiaCI6MSwic2NhbGUiOjF9XQ/f34bf8cbb5/InventoryIcon.png","baseType":"The Fathomless Depths","stackSize":8,"artFilename":"TheFathomlessDepths","itemClass":6,"sparkline":{"data":[],"totalChange":0},"lowConfidenceSparkline":{"data":[0,0,0,0,0,0,0],"totalChange":0},"implicitModifiers":[],"explicitModifiers":[{"text":"<uniqueitem>{Lightpoacher}","optional":false}],"flavourText":"Fall into endless night; a voyage into an ocean of oblivion.","chaosValue":5.00,"exaltedValue":0,"divineValue":0,"count":1,"detailsId":"the-fathomless-depths","tradeInfo":[],"listingCount":9},{"id":7386,"name":"The Twilight Moon","icon":"https://web.poecdn.com/gen/image/WzI1LDE0LHsiZiI6IjJESXRlbXMvRGl2aW5hdGlvbi9JbnZlbnRvcnlJY29uIiwidyI6MSwiaCI6MSwic2NhbGUiOjF9XQ/f34bf8cbb5/InventoryIcon.png","baseType":"The Twilight Moon","stackSize":6,"artFilename":"TheTwilightMoon","itemClass":6,"sparkline":{"data":[],"totalChange":0},"lowConfidenceSparkline":{"data":[0,0,0,0,0,0,0],"totalChange":0},"implicitModifiers":[],"explicitModifiers":[{"text":"<uniqueitem>{The Twilight Temple}","optional":false}],"flavourText":"The day is dying, the night is born, the air grows cool, the sky is torn.","chaosValue":5.00,"exaltedValue":0,"divineValue":0,"count":1,"detailsId":"the-twilight-moon","tradeInfo":[],"listingCount":10},{"id":18957,"name":"A Dab of Ink","icon":"https://web.poecdn.com/gen/image/WzI1LDE0LHsiZiI6IjJESXRlbXMvRGl2aW5hdGlvbi9JbnZlbnRvcnlJY29uIiwidyI6MSwiaCI6MSwic2NhbGUiOjF9XQ/f34bf8cbb5/InventoryIcon.png","baseType":"A Dab of Ink","stackSize":9,"artFilename":"ADabOfInk","itemClass":6,"sparkline":{"data":[],"totalChange":0},"lowConfidenceSparkline":{"data":[0,0,0,0,0,0,0],"totalChange":0},"implicitModifiers":[],"explicitModifiers":[{"text":"<uniqueitem>{The Poet's Pen}","optional":false}],"flavourText":"The Poet's blood is the Empire's ink.","chaosValue":5.00,"exaltedValue":0,"divineValue":0,"count":1,"detailsId":"a-dab-of-ink","tradeInfo":[],"listingCount":13},{"id":20762,"name":"Dark Temptation","icon":"https://web.poecdn.com/gen/image/WzI1LDE0LHsiZiI6IjJESXRlbXMvRGl2aW5hdGlvbi9JbnZlbnRvcnlJY29uIiwidyI6MSwiaCI6MSwic2NhbGUiOjF9XQ/f34bf8cbb5/InventoryIcon.png","baseType":"Dark Temptation","stackSize":5,"artFilename":"DarkTemptation","itemClass":6,"sparkline":{"data":[],"totalChange":0},"lowConfidenceSparkline":{"data":[0,0,0,0,0,0,0],"totalChange":0},"implicitModifiers":[],"explicitModifiers":[{"text":"<uniqueitem>{Obliteration}","optional":false}],"flavourText":"\"Only a fool looks to the occult for power and expects to be spared from its wrath.\" \n- Voll, Emperor of Purity","chaosValue":5.00,"exaltedValue":0,"divineValue":0,"count":1,"detailsId":"dark-temptation","tradeInfo":[],"listingCount":17},{"id":22436,"name":"The Mountain","icon":"https://web.poecdn.com/gen/image/WzI1LDE0LHsiZiI6IjJESXRlbXMvRGl2aW5hdGlvbi9JbnZlbnRvcnlJY29uIiwidyI6MSwiaCI6MSwic2NhbGUiOjF9XQ/f34bf8cbb5/InventoryIcon.png","baseType":"The Mountain","stackSize":6,"artFilename":"TheMountain","itemClass":6,"sparkline":{"data":[],"totalChange":0},"lowConfidenceSparkline":{"data":[0,0,0,0,0,0,0],"totalChange":0},"implicitModifiers":[],"explicitModifiers":[{"text":"<magicitem>{Jewel of Potency}","optional":false}],"flavourText":"<size:28>{Charmed by beautiful stones \nConsumed with the \npursuit of perfection \nEver deeper into the waiting dark}","chaosValue":5.00,"exaltedValue":0,"divineValue":0,"count":1,"detailsId":"the-mountain","tradeInfo":[],"listingCount":11},{"id":44109,"name":"Triskaidekaphobia","icon":"https://web.poecdn.com/gen/image/WzI1LDE0LHsiZiI6IjJESXRlbXMvRGl2aW5hdGlvbi9JbnZlbnRvcnlJY29uIiwidyI6MSwiaCI6MSwic2NhbGUiOjF9XQ/f34bf8cbb5/InventoryIcon.png","baseType":"Triskaidekaphobia","stackSize":13,"artFilename":"Triskaidekaphobia","itemClass":6,"sparkline":{"data":[],"totalChange":0},"lowConfidenceSparkline":{"data":[0,0,0,0,0,0,0],"totalChange":0},"implicitModifiers":[],"explicitModifiers":[{"text":"<size:26>{<rareitem>{Map}}\n<size:26>{<default>{Map Tier:} <normal>{13}\n<default>{Quality:} <augmented>{+13%}\n<default>{Delirium:} <normal>{100%}\n<default>{Modifiers:} <normal>{8}\n<corrupted>{Corrupted}}","optional":false}],"flavourText":"The Mists of Madness prey on those who harbour the deepest of fears.","chaosValue":5.00,"exaltedValue":0,"divineValue":0,"count":1,"detailsId":"triskaidekaphobia","tradeInfo":[],"listingCount":5},{"id":60046,"name":"Prejudice","icon":"https://web.poecdn.com/gen/image/WzI1LDE0LHsiZiI6IjJESXRlbXMvRGl2aW5hdGlvbi9JbnZlbnRvcnlJY29uIiwidyI6MSwiaCI6MSwic2NhbGUiOjF9XQ/f34bf8cbb5/InventoryIcon.png","baseType":"Prejudice","stackSize":7,"artFilename":"Prejudice","itemClass":6,"sparkline":{"data":[],"totalChange":0},"lowConfidenceSparkline":{"data":[0,0,0,0,0,0,0],"totalChange":0},"implicitModifiers":[],"explicitModifiers":[{"text":"<uniqueitem>{Item}\n<default>{Influenced Item}","optional":false}],"flavourText":"One who is blinded by their past may only see a sliver of the present.","chaosValue":5.00,"exaltedValue":0,"divineValue":0,"count":1,"detailsId":"prejudice","tradeInfo":[],"listingCount":4},{"id":1640,"name":"The Twins","icon":"https://web.poecdn.com/gen/image/WzI1LDE0LHsiZiI6IjJESXRlbXMvRGl2aW5hdGlvbi9JbnZlbnRvcnlJY29uIiwidyI6MSwiaCI6MSwic2NhbGUiOjF9XQ/f34bf8cbb5/InventoryIcon.png","baseType":"The Twins","stackSize":8,"artFilename":"TheTwins","itemClass":6,"sparkline":{"data":[],"totalChange":0},"lowConfidenceSparkline":{"data":[0,0,0,0,0,0,0],"totalChange":0},"implicitModifiers":[],"explicitModifiers":[{"text":"<magicitem>{Gemini Claw of Celebration}\n<default>{Item Level:} <normal>{83}","optional":false}],"flavourText":"Two sides of a coin;\nHeads for a friend,\ntails a foe;\nGemini toss up","chaosValue":4.00,"exaltedValue":0,"divineValue":0,"count":1,"detailsId":"the-twins","tradeInfo":[],"listingCount":25},{"id":482,"name":"Emperor's Luck","icon":"https://web.poecdn.com/gen/image/WzI1LDE0LHsiZiI6IjJESXRlbXMvRGl2aW5hdGlvbi9JbnZlbnRvcnlJY29uIiwidyI6MSwiaCI6MSwic2NhbGUiOjF9XQ/f34bf8cbb5/InventoryIcon.png","baseType":"Emperor's Luck","stackSize":5,"artFilename":"EmperorsLuck","itemClass":6,"sparkline":{"data":[],"totalChange":0},"lowConfidenceSparkline":{"data":[0,0,0,0,0,0,0],"totalChange":0},"implicitModifiers":[],"explicitModifiers":[{"text":"<currencyitem>{5x Currency}","optional":false}],"flavourText":"The house always wins.","chaosValue":1.40,"exaltedValue":0,"divineValue":0,"count":2,"detailsId":"emperors-luck","tradeInfo":[],"listingCount":88},{"id":618,"name":"Her Mask","icon":"https://web.poecdn.com/gen/image/WzI1LDE0LHsiZiI6IjJESXRlbXMvRGl2aW5hdGlvbi9JbnZlbnRvcnlJY29uIiwidyI6MSwiaCI6MSwic2NhbGUiOjF9XQ/f34bf8cbb5/InventoryIcon.png","baseType":"Her Mask","stackSize":4,"artFilename":"HerMask","itemClass":6,"sparkline":{"data":[],"totalChange":0},"lowConfidenceSparkline":{"data":[0,0,0,0,0,0,0],"totalChange":0},"implicitModifiers":[],"explicitModifiers":[{"text":"<whiteitem>{Sacrifice Fragment}","optional":false}],"flavourText":"To her beauty you submit,\nlest your neck the great Queen slit.","chaosValue":1.40,"exaltedValue":0,"divineValue":0,"count":2,"detailsId":"her-mask","tradeInfo":[],"listingCount":76},{"id":686,"name":"Jack in the Box","icon":"https://web.poecdn.com/gen/image/WzI1LDE0LHsiZiI6IjJESXRlbXMvRGl2aW5hdGlvbi9JbnZlbnRvcnlJY29uIiwidyI6MSwiaCI6MSwic2NhbGUiOjF9XQ/f34bf8cbb5/InventoryIcon.png","baseType":"Jack in the Box","stackSize":4,"artFilename":"JackInTheBox","itemClass":6,"sparkline":{"data":[],"totalChange":0},"lowConfidenceSparkline":{"data":[0,0,0,0,0,0,0],"totalChange":0},"implicitModifiers":[],"explicitModifiers":[{"text":"<uniqueitem>{Item}","optional":false}],"flavourText":"Turn the crank, \nclose your eyes, \nand pray to the gods \nfor a pleasant surprise.","chaosValue":1.40,"exaltedValue":0,"divineValue":0,"count":2,"detailsId":"jack-in-the-box","tradeInfo":[],"listingCount":74},{"id":735,"name":"Lantador's Lost Love","icon":"https://web.poecdn.com/gen/image/WzI1LDE0LHsiZiI6IjJESXRlbXMvRGl2aW5hdGlvbi9JbnZlbnRvcnlJY29uIiwidyI6MSwiaCI6MSwic2NhbGUiOjF9XQ/f34bf8cbb5/InventoryIcon.png","baseType":"Lantador's Lost Love","stackSize":7,"artFilename":"LantadorsLostLove","itemClass":6,"sparkline":{"data":[],"totalChange":0},"lowConfidenceSparkline":{"data":[0,0,0,0,0,0,0],"totalChange":0},"implicitModifiers":[],"explicitModifiers":[{"text":"<rareitem>{Two-Stone Ring}","optional":false}],"flavourText":"<smaller>{They fought the storm together as one, \nUntil the longest of days was done. \nTheir love grew stronger\nwith every breath, \nUntil it was broken apart in death.}","chaosValue":1.40,"exaltedValue":0,"divineValue":0,"count":2,"detailsId":"lantadors-lost-love","tradeInfo":[],"listingCount":93},{"id":769,"name":"Loyalty","icon":"https://web.poecdn.com/gen/image/WzI1LDE0LHsiZiI6IjJESXRlbXMvRGl2aW5hdGlvbi9JbnZlbnRvcnlJY29uIiwidyI6MSwiaCI6MSwic2NhbGUiOjF9XQ/f34bf8cbb5/InventoryIcon.png","baseType":"Loyalty","stackSize":5,"artFilename":"Loyalty","itemClass":6,"sparkline":{"data":[],"totalChange":0},"lowConfidenceSparkline":{"data":[0,0,0,0,0,-72.00,-72],"totalChange":-72},"implicitModifiers":[],"explicitModifiers":[{"text":"<currencyitem>{3x Orb of Fusing}","optional":false}],"flavourText":"Bound by fate,\ninseparable by choice.","chaosValue":1.40,"exaltedValue":0,"divineValue":0,"count":2,"detailsId":"loyalty","tradeInfo":[],"listingCount":55},{"id":1006,"name":"Rain of Chaos","icon":"https://web.poecdn.com/gen/image/WzI1LDE0LHsiZiI6IjJESXRlbXMvRGl2aW5hdGlvbi9JbnZlbnRvcnlJY29uIiwidyI6MSwiaCI6MSwic2NhbGUiOjF9XQ/f34bf8cbb5/InventoryIcon.png","baseType":"Rain of Chaos","stackSize":8,"artFilename":"RainOfChaos","itemClass":6,"sparkline":{"data":[],"totalChange":0},"lowConfidenceSparkline":{"data":[0,0,0,0,0,0,0],"totalChange":0},"implicitModifiers":[],"explicitModifiers":[{"text":"<currencyitem>{Chaos Orb}","optional":false}],"flavourText":"<size:27>{Fire filled the sky that night \nChaos reigned \nWhere the shards fell \nAll was destroyed \n-Jozen Kasigi, retelling an urban legend of the Cataclysm}","chaosValue":1.40,"exaltedValue":0,"divineValue":0,"count":2,"detailsId":"rain-of-chaos","tradeInfo":[],"listingCount":91},{"id":1450,"name":"The Carrion Crow","icon":"https://web.poecdn.com/gen/image/WzI1LDE0LHsiZiI6IjJESXRlbXMvRGl2aW5hdGlvbi9JbnZlbnRvcnlJY29uIiwidyI6MSwiaCI6MSwic2NhbGUiOjF9XQ/f34bf8cbb5/InventoryIcon.png","baseType":"The Carrion Crow","stackSize":4,"artFilename":"TheCarrionCrow","itemClass":6,"sparkline":{"data":[],"totalChange":0},"lowConfidenceSparkline":{"data":[0,0,0,0,0,0,-72],"totalChange":-72},"implicitModifiers":[],"explicitModifiers":[{"text":"<magicitem>{Life Armour}","optional":false}],"flavourText":"From death, life. \nFrom life, death. \nThe wheel turns, \nand the corbies wheel overhead.","chaosValue":1.40,"exaltedValue":0,"divineValue":0,"count":2,"detailsId":"the-carrion-crow","tradeInfo":[],"listingCount":122},{"id":1453,"name":"The Catalyst","icon":"https://web.poecdn.com/gen/image/WzI1LDE0LHsiZiI6IjJESXRlbXMvRGl2aW5hdGlvbi9JbnZlbnRvcnlJY29uIiwidyI6MSwiaCI6MSwic2NhbGUiOjF9XQ/f34bf8cbb5/InventoryIcon.png","baseType":"The Catalyst","stackSize":3,"artFilename":"TheCatalyst","itemClass":6,"sparkline":{"data":[],"totalChange":0},"lowConfidenceSparkline":{"data":[0,0,0,0,0,-72.00,-72],"totalChange":-72},"implicitModifiers":[],"explicitModifiers":[{"text":"<currencyitem>{Vaal Orb}","optional":false}],"flavourText":"Simple actions can lead the world to an early grave.","chaosValue":1.40,"exaltedValue":0,"divineValue":0,"count":2,"detailsId":"the-catalyst","tradeInfo":[],"listingCount":71},{"id":1550,"name":"The Lunaris Priestess","icon":"https://web.poecdn.com/gen/image/WzI1LDE0LHsiZiI6IjJESXRlbXMvRGl2aW5hdGlvbi9JbnZlbnRvcnlJY29uIiwidyI6MSwiaCI6MSwic2NhbGUiOjF9XQ/f34bf8cbb5/InventoryIcon.png","baseType":"The Lunaris Priestess","stackSize":5,"artFilename":"TheLunarisPriestess","itemClass":6,"sparkline":{"data":[],"totalChange":0},"lowConfidenceSparkline":{"data":[0,0,0,0,0,0,0],"totalChange":0},"implicitModifiers":[],"explicitModifiers":[{"text":"<uniqueitem>{Sire of Shards}","optional":false}],"flavourText":"Embrace the Light,\nAwait the Morrow,\nNo more Spite,\nAnd no more Sorrow.","chaosValue":1.40,"exaltedValue":0,"divineValue":0,"count":2,"detailsId":"the-lunaris-priestess","tradeInfo":[],"listingCount":43},{"id":1553,"name":"The Metalsmith's Gift","icon":"https://web.poecdn.com/gen/image/WzI1LDE0LHsiZiI6IjJESXRlbXMvRGl2aW5hdGlvbi9JbnZlbnRvcnlJY29uIiwidyI6MSwiaCI6MSwic2NhbGUiOjF9XQ/f34bf8cbb5/InventoryIcon.png","baseType":"The Metalsmith's Gift","stackSize":6,"artFilename":"TheMetalsmithsGift","itemClass":6,"sparkline":{"data":[],"totalChange":0},"lowConfidenceSparkline":{"data":[0,0,0,0,0,0,0],"totalChange":0},"implicitModifiers":[],"explicitModifiers":[{"text":"<whiteitem>{Prismatic Ring}","optional":false}],"flavourText":"<size:31>{A month's work, a year's wages, a foolish shortcut through a Rhoa's nest, and a grieving bride-to-be, who never received her betrothed's great gift.}","chaosValue":1.40,"exaltedValue":0,"divineValue":0,"count":2,"detailsId":"the-metalsmiths-gift","tradeInfo":[],"listingCount":72},{"id":1636,"name":"The Tower","icon":"https://web.poecdn.com/gen/image/WzI1LDE0LHsiZiI6IjJESXRlbXMvRGl2aW5hdGlvbi9JbnZlbnRvcnlJY29uIiwidyI6MSwiaCI6MSwic2NhbGUiOjF9XQ/f34bf8cbb5/InventoryIcon.png","baseType":"The Tower","stackSize":6,"artFilename":"TheTower","itemClass":6,"sparkline":{"data":[],"totalChange":0},"lowConfidenceSparkline":{"data":[0,0,0,0,0,0,0],"totalChange":0},"implicitModifiers":[],"explicitModifiers":[{"text":"<uniqueitem>{Staff}","optional":false}],"flavourText":"A tower built of the strongest stone is not eternal; a towering intellect is not enlightened.","chaosValue":1.40,"exaltedValue":0,"divineValue":0,"count":2,"detailsId":"the-tower","tradeInfo":[],"listingCount":30},{"id":21498,"name":"Vanity","icon":"https://web.poecdn.com/gen/image/WzI1LDE0LHsiZiI6IjJESXRlbXMvRGl2aW5hdGlvbi9JbnZlbnRvcnlJY29uIiwidyI6MSwiaCI6MSwic2NhbGUiOjF9XQ/f34bf8cbb5/InventoryIcon.png","baseType":"Vanity","stackSize":9,"artFilename":"Vanity","itemClass":6,"sparkline":{"data":[],"totalChange":0},"lowConfidenceSparkline":{"data":[0,0,0,0,0,0,0],"totalChange":0},"implicitModifiers":[],"explicitModifiers":[{"text":"<uniqueitem>{Tabula Rasa}\n<corrupted>{Corrupted}","optional":false}],"flavourText":"","chaosValue":1.40,"exaltedValue":0,"divineValue":0,"count":2,"detailsId":"vanity","tradeInfo":[],"listingCount":42},{"id":44110,"name":"The Journalist","icon":"https://web.poecdn.com/gen/image/WzI1LDE0LHsiZiI6IjJESXRlbXMvRGl2aW5hdGlvbi9JbnZlbnRvcnlJY29uIiwidyI6MSwiaCI6MSwic2NhbGUiOjF9XQ/f34bf8cbb5/InventoryIcon.png","baseType":"The Journalist","stackSize":10,"artFilename":"TheJournalist","itemClass":6,"sparkline":{"data":[],"totalChange":0},"lowConfidenceSparkline":{"data":[0,0,0,0,0,0,0],"totalChange":0},"implicitModifiers":[],"explicitModifiers":[{"text":"<rareitem>{Helmet}\n<default>{Double-Veiled Item}","optional":false}],"flavourText":"A good spy doesn't forget she's gone undercover.","chaosValue":1.40,"exaltedValue":0,"divineValue":0,"count":2,"detailsId":"the-journalist","tradeInfo":[],"listingCount":7},{"id":428,"name":"Doedre's Madness","icon":"https://web.poecdn.com/gen/image/WzI1LDE0LHsiZiI6IjJESXRlbXMvRGl2aW5hdGlvbi9JbnZlbnRvcnlJY29uIiwidyI6MSwiaCI6MSwic2NhbGUiOjF9XQ/f34bf8cbb5/InventoryIcon.png","baseType":"Doedre's Madness","stackSize":9,"artFilename":"DoedresMadness","itemClass":6,"sparkline":{"data":[],"totalChange":0},"lowConfidenceSparkline":{"data":[0,0,0,0,0,0,0],"totalChange":0},"implicitModifiers":[],"explicitModifiers":[{"text":"<uniqueitem>{Doedre Item}","optional":false}],"flavourText":"\"Hold your tongue before I claim it.\" - Doedre Darktongue","chaosValue":1.00,"exaltedValue":0,"divineValue":0,"count":1,"detailsId":"doedres-madness","tradeInfo":[],"listingCount":63},{"id":572,"name":"Glimmer of Hope","icon":"https://web.poecdn.com/gen/image/WzI1LDE0LHsiZiI6IjJESXRlbXMvRGl2aW5hdGlvbi9JbnZlbnRvcnlJY29uIiwidyI6MSwiaCI6MSwic2NhbGUiOjF9XQ/f34bf8cbb5/InventoryIcon.png","baseType":"Glimmer of Hope","stackSize":8,"artFilename":"GlimmerOfHope","itemClass":6,"sparkline":{"data":[],"totalChange":0},"lowConfidenceSparkline":{"data":[null,null,null,null,0,0,0],"totalChange":0},"implicitModifiers":[],"explicitModifiers":[{"text":"<uniqueitem>{Gold Ring}","optional":false}],"flavourText":"When you dwell in total darkness, even the faintest light may guide you out.","chaosValue":1.00,"exaltedValue":0,"divineValue":0,"count":1,"detailsId":"glimmer-of-hope","tradeInfo":[],"listingCount":11},{"id":1458,"name":"The Chains that Bind","icon":"https://web.poecdn.com/gen/image/WzI1LDE0LHsiZiI6IjJESXRlbXMvRGl2aW5hdGlvbi9JbnZlbnRvcnlJY29uIiwidyI6MSwiaCI6MSwic2NhbGUiOjF9XQ/f34bf8cbb5/InventoryIcon.png","baseType":"The Chains that Bind","stackSize":11,"artFilename":"TheChainsThatBind","itemClass":6,"sparkline":{"data":[],"totalChange":0},"lowConfidenceSparkline":{"data":[0,0,0,0,0,0,0],"totalChange":0},"implicitModifiers":[],"explicitModifiers":[{"text":"<whiteitem>{Six-Link Body Armour}","optional":false}],"flavourText":"Scarier than any criminal is an innocent man in chains, for when he breaks free, his revenge will be justified.","chaosValue":1.00,"exaltedValue":0,"divineValue":0,"count":1,"detailsId":"the-chains-that-bind","tradeInfo":[],"listingCount":57},{"id":1508,"name":"The Gemcutter","icon":"https://web.poecdn.com/gen/image/WzI1LDE0LHsiZiI6IjJESXRlbXMvRGl2aW5hdGlvbi9JbnZlbnRvcnlJY29uIiwidyI6MSwiaCI6MSwic2NhbGUiOjF9XQ/f34bf8cbb5/InventoryIcon.png","baseType":"The Gemcutter","stackSize":3,"artFilename":"TheGemcutter","itemClass":6,"sparkline":{"data":[],"totalChange":0},"lowConfidenceSparkline":{"data":[0,0,0,0,0,0,-50],"totalChange":-50},"implicitModifiers":[],"explicitModifiers":[{"text":"<currencyitem>{Gemcutter's Prism}","optional":false}],"flavourText":"In the hands of a master craftsman, a worthless pebble can adorn the crown of a king.","chaosValue":1.00,"exaltedValue":0,"divineValue":0,"count":1,"detailsId":"the-gemcutter","tradeInfo":[],"listingCount":95},{"id":1523,"name":"The Hermit","icon":"https://web.poecdn.com/gen/image/WzI1LDE0LHsiZiI6IjJESXRlbXMvRGl2aW5hdGlvbi9JbnZlbnRvcnlJY29uIiwidyI6MSwiaCI6MSwic2NhbGUiOjF9XQ/f34bf8cbb5/InventoryIcon.png","baseType":"The Hermit","stackSize":9,"artFilename":"TheHermit","itemClass":6,"sparkline":{"data":[],"totalChange":0},"lowConfidenceSparkline":{"data":[null,null,null,null,null,null,0],"totalChange":0},"implicitModifiers":[],"explicitModifiers":[{"text":"<uniqueitem>{Lifesprig}","optional":false}],"flavourText":"The hermit's only friend is the greenery he can find.","chaosValue":1.00,"exaltedValue":0,"divineValue":0,"count":1,"detailsId":"the-hermit","tradeInfo":[],"listingCount":74},{"id":1621,"name":"The Summoner","icon":"https://web.poecdn.com/gen/image/WzI1LDE0LHsiZiI6IjJESXRlbXMvRGl2aW5hdGlvbi9JbnZlbnRvcnlJY29uIiwidyI6MSwiaCI6MSwic2NhbGUiOjF9XQ/f34bf8cbb5/InventoryIcon.png","baseType":"The Summoner","stackSize":6,"artFilename":"TheSummoner","itemClass":6,"sparkline":{"data":[],"totalChange":0},"lowConfidenceSparkline":{"data":[0,0,0,0,0,0,0],"totalChange":0},"implicitModifiers":[],"explicitModifiers":[{"text":"<gemitem>{Minion Gem}\n<default>{Quality:} <augmented>{+20%}","optional":false},{"text":"<gemitem>{Superior Minion Gem}\n<default>{Quality:} <augmented>{+20%}","optional":true}],"flavourText":"To own a piece of the Nightmare, you must first belong to the Nightmare.","chaosValue":1.00,"exaltedValue":0,"divineValue":0,"count":1,"detailsId":"the-summoner","tradeInfo":[],"listingCount":63},{"id":1660,"name":"The Warden","icon":"https://web.poecdn.com/gen/image/WzI1LDE0LHsiZiI6IjJESXRlbXMvRGl2aW5hdGlvbi9JbnZlbnRvcnlJY29uIiwidyI6MSwiaCI6MSwic2NhbGUiOjF9XQ/f34bf8cbb5/InventoryIcon.png","baseType":"The Warden","stackSize":4,"artFilename":"TheWarden","itemClass":6,"sparkline":{"data":[],"totalChange":0},"lowConfidenceSparkline":{"data":[0,0,0,0,0,0,0],"totalChange":0},"implicitModifiers":[],"explicitModifiers":[{"text":"<rareitem>{Amulet}\n<corrupted>{Corrupted}","optional":false}],"flavourText":"<size:31>{Brutus' first innovation as Lord Incarcerator was a weighted chain around every neck so that his prisoners would forever bow to him.}","chaosValue":1.00,"exaltedValue":0,"divineValue":0,"count":1,"detailsId":"the-warden","tradeInfo":[],"listingCount":61},{"id":1691,"name":"Three Faces in the Dark","icon":"https://web.poecdn.com/gen/image/WzI1LDE0LHsiZiI6IjJESXRlbXMvRGl2aW5hdGlvbi9JbnZlbnRvcnlJY29uIiwidyI6MSwiaCI6MSwic2NhbGUiOjF9XQ/f34bf8cbb5/InventoryIcon.png","baseType":"Three Faces in the Dark","stackSize":7,"artFilename":"ThreeFacesInTheDark","itemClass":6,"sparkline":{"data":[],"totalChange":0},"lowConfidenceSparkline":{"data":[0,0,0,0,0,0,0],"totalChange":0},"implicitModifiers":[],"explicitModifiers":[{"text":"<currencyitem>{3x Chaos Orb}","optional":false}],"flavourText":"For every threat you spy in the shadows, there are two others you don't.","chaosValue":1.00,"exaltedValue":0,"divineValue":0,"count":1,"detailsId":"three-faces-in-the-dark","tradeInfo":[],"listingCount":76},{"id":1696,"name":"Time-Lost Relic","icon":"https://web.poecdn.com/gen/image/WzI1LDE0LHsiZiI6IjJESXRlbXMvRGl2aW5hdGlvbi9JbnZlbnRvcnlJY29uIiwidyI6MSwiaCI6MSwic2NhbGUiOjF9XQ/f34bf8cbb5/InventoryIcon.png","baseType":"Time-Lost Relic","stackSize":10,"artFilename":"TimeLostRelic","itemClass":6,"sparkline":{"data":[],"totalChange":0},"lowConfidenceSparkline":{"data":[null,null,null,null,0,0,0],"totalChange":0},"implicitModifiers":[],"explicitModifiers":[{"text":"<uniqueitem>{League-Specific Item}","optional":false}],"flavourText":"Time cannot wash away that which cannot be forgotten.","chaosValue":1.00,"exaltedValue":0,"divineValue":0,"count":1,"detailsId":"time-lost-relic","tradeInfo":[],"listingCount":10},{"id":2317,"name":"The Realm","icon":"https://web.poecdn.com/gen/image/WzI1LDE0LHsiZiI6IjJESXRlbXMvRGl2aW5hdGlvbi9JbnZlbnRvcnlJY29uIiwidyI6MSwiaCI6MSwic2NhbGUiOjF9XQ/f34bf8cbb5/InventoryIcon.png","baseType":"The Realm","stackSize":5,"artFilename":"TheRealm","itemClass":6,"sparkline":{"data":[],"totalChange":0},"lowConfidenceSparkline":{"data":[0,0,0,0,0,0,0],"totalChange":0},"implicitModifiers":[],"explicitModifiers":[{"text":"<gemitem>{Portal}\n<default>{Quality:} <augmented>{+1-20%}","optional":false},{"text":"<gemitem>{Superior Portal}","optional":true}],"flavourText":"If you wish to rush into strange places, be prepared to face strange things.","chaosValue":1.00,"exaltedValue":0,"divineValue":0,"count":1,"detailsId":"the-realm","tradeInfo":[],"listingCount":28},{"id":18952,"name":"The Master Artisan","icon":"https://web.poecdn.com/gen/image/WzI1LDE0LHsiZiI6IjJESXRlbXMvRGl2aW5hdGlvbi9JbnZlbnRvcnlJY29uIiwidyI6MSwiaCI6MSwic2NhbGUiOjF9XQ/f34bf8cbb5/InventoryIcon.png","baseType":"The Master Artisan","stackSize":5,"artFilename":"TheMasterArtisan","itemClass":6,"sparkline":{"data":[],"totalChange":0},"lowConfidenceSparkline":{"data":[null,null,null,null,0,0,0],"totalChange":0},"implicitModifiers":[],"explicitModifiers":[{"text":"<currencyitem>{20x Quality Currency}","optional":false}],"flavourText":"Perfection is the standard, excellence will be handled on a case by case basis.","chaosValue":1.00,"exaltedValue":0,"divineValue":0,"count":1,"detailsId":"the-master-artisan","tradeInfo":[],"listingCount":45}]}