{"lines":[{"id":217,"name":"Callinellus Malleus","icon":"https://web.poecdn.com/gen/image/WzI1LDE0LHsiZiI6IjJESXRlbXMvV2VhcG9ucy9PbmVIYW5kV2VhcG9ucy9PbmVIYW5kTWFjZXMvQ2FsbGluZWxsdXNNYWxsZXVzIiwidyI6MiwiaCI6Mywic2NhbGUiOjF9XQ/54da9946c9/CallinellusMalleus.png","levelRequired":66,"baseType":"Auric Mace","itemClass":3,"sparkline":{"data":[],"totalChange":0},"lowConfidenceSparkline":{"data":[0,0,0,0,0,0,0],"totalChange":0},"implicitModifiers":[{"text":"15% reduced Enemy Stun Threshold","optional":true},{"text":"(40-45)% increased Stun Duration on Enemies","optional":true},{"text":"Item sells for much more to vendors","optional":true}],"explicitModifiers":[{"text":"(150-200)% increased Physical Damage","optional":false},{"text":"Adds (5-10) to (15-23) Physical Damage","optional":false},{"text":"(15-25)% reduced Enemy Stun Threshold with this Weapon","optional":false},{"text":"Cannot Knock Enemies Back","optional":false},{"text":"All Attack Damage Chills when you Stun","optional":false}],"flavourText":"To neither ebb nor flow,\nbut weather the rising tide,\noutlast, unshifting and unshifted,\nuntil the waters recede and we stand together.","itemType":"One Handed Mace","chaosValue":50.00,"exaltedValue":0,"divineValue":0,"count":1,"detailsId":"callinellus-malleus-auric-mace","tradeInfo":[],"listingCount":96},{"id":1034,"name":"Redbeak","icon":"https://web.poecdn.com/gen/image/WzI1LDE0LHsiZiI6IjJESXRlbXMvV2VhcG9ucy9PbmVIYW5kV2VhcG9ucy9PbmVIYW5kU3dvcmRzL09uZUhhbmRTd29yZDFVbmlxdWUiLCJ3IjoxLCJoIjozLCJzY2FsZSI6MX1d/a3010a69f5/OneHandSword1Unique.png","baseType":"Rusted Sword","itemClass":3,"sparkline":{"data":[],"totalChange":0},"lowConfidenceSparkline":{"data":[0,0,90,90,90,900,900],"totalChange":900},"implicitModifiers":[{"text":"(18-40)% increased Global Accuracy Rating","optional":false}],"explicitModifiers":[{"text":"100% increased Damage when on Low Life","optional":false},{"text":"50% increased Physical Damage","optional":false},{"text":"Adds 2 to 6 Physical Damage","optional":false},{"text":"10% increased Attack Speed","optional":false},{"text":"+(20-30) to maximum Life","optional":false},{"text":"Gain 2 Life per Enemy Hit by Attacks","optional":true},{"text":"+2 Life gained for each Enemy hit by Attacks","optional":true},{"text":"Gramts 2 Life per Enemy Hit","optional":true},{"text":"Grants 2 Life per Enemy Hit","optional":false}],"flavourText":"As battle calms, blood turns to rust.","itemType":"One Handed Sword","chaosValue":50.00,"exaltedValue":0,"divineValue":0,"count":1,"detailsId":"redbeak-rusted-sword","tradeInfo":[],"listingCount":542},{"id":1045,"name":"Relentless Fury","icon":"https://web.poecdn.com/gen/image/WzI1LDE0LHsiZiI6IjJESXRlbXMvV2VhcG9ucy9PbmVIYW5kV2VhcG9ucy9PbmVIYW5kQXhlcy9SZWxlbnRsZXNzRnVyeSIsInciOjIsImgiOjMsInNjYWxlIjoxfV0/8013c33f55/RelentlessFury.png","levelRequired":29,"baseType":"Decorative Axe","itemClass":3,"sparkline":{"data":[],"totalChange":0},"lowConfidenceSparkline":{"data":[null,null,null,null,0,0,0],"totalChange":0},"implicitModifiers":[],"explicitModifiers":[{"text":"(60-80)% increased Physical Damage","optional":false},{"text":"Adds (3-5) to (7-10) Physical Damage","optional":false},{"text":"(0.6-2)% of Physical Attack Damage Leeched as Life","optional":false},{"text":"Culling Strike","optional":false},{"text":"You gain Onslaught for 3 seconds on Culling Strike","optional":false},{"text":"100% chance to Avoid being Chilled during Onslaught","optional":false},{"text":"Cannot be Chilled during Onslaught","optional":true}],"flavourText":"Relentless fury\nSunder my every foe\nFuel my boiling blood","itemType":"One Handed Axe","chaosValue":50.00,"exaltedValue":0,"divineValue":0,"count":1,"detailsId":"relentless-fury-decorative-axe","tradeInfo":[],"listingCount":313},{"id":1061,"name":"Rigwald's Savagery","icon":"https://web.poecdn.com/gen/image/WzI1LDE0LHsiZiI6IjJESXRlbXMvV2VhcG9ucy9PbmVIYW5kV2VhcG9ucy9PbmVIYW5kQXhlcy9SaWd3YXJsQXhlIiwidyI6MiwiaCI6Mywic2NhbGUiOjF9XQ/e2ee95737e/RigwarlAxe.png","levelRequired":67,"baseType":"Royal Axe","itemClass":3,"sparkline":{"data":[],"totalChange":0},"lowConfidenceSparkline":{"data":[0,0,0,0,0,0,0],"totalChange":0},"implicitModifiers":[{"text":"Item sells for much more to vendors","optional":true}],"explicitModifiers":[{"text":"Adds (50-70) to (135-165) Physical Damage","optional":false},{"text":"40% increased Physical Weapon Damage while Dual Wielding","optional":true},{"text":"(40-46)% increased Physical Attack Damage while Dual Wielding","optional":false},{"text":"(10-15)% increased Attack Speed","optional":false},{"text":"35% increased Attack Speed with Swords","optional":true},{"text":"+25 to Maximum Rage while wielding a Sword","optional":true},{"text":"25% chance to cause Bleeding on Hit","optional":true}],"flavourText":"Tear the flesh from the bone. \nTurn the bone to dust.\nScatter the dust to the wind.","itemType":"One Handed Axe","chaosValue":50.00,"exaltedValue":0,"divineValue":0,"count":1,"detailsId":"rigwalds-savagery-royal-axe","tradeInfo":[],"listingCount":16},{"id":1065,"name":"Rive","icon":"https://web.poecdn.com/gen/image/WzI1LDE0LHsiZiI6IjJESXRlbXMvV2VhcG9ucy9PbmVIYW5kV2VhcG9ucy9DbGF3cy9CbGVlZENsYXciLCJ3IjoyLCJoIjoyLCJzY2FsZSI6MX1d/085844fb05/BleedClaw.png","levelRequired":70,"baseType":"Terror Claw","itemClass":3,"sparkline":{"data":[],"totalChange":0},"lowConfidenceSparkline":{"data":[0,0,0,0,0,0,0],"totalChange":0},"implicitModifiers":[{"text":"2% of Physical Attack Damage Leeched as Life","optional":false},{"text":"Item sells for much more to vendors","optional":true}],"explicitModifiers":[{"text":"(60-80)% increased Physical Damage","optional":false},{"text":"Adds (25-35) to (50-65) Physical Damage","optional":false},{"text":"25% chance to cause Bleeding on Hit","optional":false},{"text":"2% increased Physical Damage Over Time per 10 Dexterity","optional":false},{"text":"1% increased Bleeding Duration per 12 Intelligence","optional":false},{"text":"30% Chance to cause Bleeding Enemies to Flee on hit","optional":false}],"flavourText":"Terror doesn't make you jump.\nTerror makes you run.","itemType":"Claw","chaosValue":50.00,"exaltedValue":0,"divineValue":0,"count":1,"detailsId":"rive-terror-claw","tradeInfo":[],"listingCount":46},{"id":1469,"name":"The Dancing Dervish","icon":"https://web.poecdn.com/gen/image/WzI1LDE0LHsiZiI6IjJESXRlbXMvV2VhcG9ucy9Ud29IYW5kV2VhcG9ucy9Ud29IYW5kU3dvcmRzL1JoeXNibGFkZSIsInciOjIsImgiOjQsInNjYWxlIjoxfV0/3ed974e708/Rhysblade.png","levelRequired":59,"baseType":"Reaver Sword","itemClass":3,"sparkline":{"data":[],"totalChange":0},"lowConfidenceSparkline":{"data":[null,null,null,null,0,0,0],"totalChange":0},"implicitModifiers":[{"text":"(18-60)% increased Global Accuracy Rating","optional":false},{"text":"Item sells for much more to vendors","optional":true}],"explicitModifiers":[{"text":"(130-190)% increased Physical Damage","optional":false},{"text":"(25-30)% increased Attack Speed","optional":false},{"text":"5% increased Movement Speed","optional":false},{"text":"Triggers Level 15 Manifest Dancing Dervishes on Rampage","optional":false},{"text":"Triggers Level 15 Manifest Dancing Dervish on Rampage","optional":true},{"text":"Manifested Dancing Dervishes disables both weapon slots","optional":false},{"text":"Manifested Dancing Dervish disables both weapon slots","optional":true},{"text":"Manifested Dancing Dervishes die when Rampage ends","optional":false},{"text":"Manifested Dancing Dervish dies when Rampage ends","optional":true},{"text":"Melee Hits count as Rampage Kills\nRampage","optional":false},{"text":"Rampage","optional":true}],"flavourText":"Take your partners by the hand,\nKeep your steps in time.\nSwing together, spin apart,\nAnd dance with death sublime.","itemType":"Two Handed Sword","chaosValue":50.00,"exaltedValue":0,"divineValue":0,"count":1,"detailsId":"the-dancing-dervish-reaver-sword","tradeInfo":[],"listingCount":132},{"id":2197,"name":"The Wasp Nest","icon":"https://web.poecdn.com/gen/image/WzI1LDE0LHsiZiI6IjJESXRlbXMvV2VhcG9ucy9PbmVIYW5kV2VhcG9ucy9DbGF3cy9MZXZpYXRoYW5pdm9yeSIsInciOjIsImgiOjIsInNjYWxlIjoxfV0/8d31776c34/Leviathanivory.png","levelRequired":60,"baseType":"Throat Stabber","itemClass":3,"sparkline":{"data":[],"totalChange":0},"lowConfidenceSparkline":{"data":[0,0,0,0,0,0,0],"totalChange":0},"implicitModifiers":[{"text":"Gain 40 Life per Enemy Hit by Attacks","optional":true},{"text":"+40 Life gained for each Enemy hit by Attacks","optional":true},{"text":"Gramts 40 Life per Enemy Hit","optional":true},{"text":"Grants 40 Life per Enemy Hit","optional":false},{"text":"Item sells for much more to vendors","optional":true}],"explicitModifiers":[{"text":"(150-170)% increased Physical Damage","optional":false},{"text":"(20-25)% increased Attack Speed","optional":false},{"text":"(20-25)% increased Critical Strike Chance","optional":false},{"text":"+(180-350) to Accuracy Rating","optional":false},{"text":"20% chance to Poison on Hit","optional":false},{"text":"Attacks with this Weapon deal 80-120 added Chaos Damage against\nEnemies affected by at least 5 Poisons","optional":true},{"text":"Attacks with this Weapon deal 80 to 120 added Chaos Damage against\nEnemies affected by at least 5 Poisons","optional":false}],"flavourText":"To discover how cruel nature can be,\nyou need only shake the wrong branch.","itemType":"Claw","chaosValue":50.00,"exaltedValue":0,"divineValue":0,"count":1,"detailsId":"the-wasp-nest-throat-stabber","tradeInfo":[],"listingCount":136},{"id":2255,"name":"White Wind","icon":"https://web.poecdn.com/gen/image/WzI1LDE0LHsiZiI6IjJESXRlbXMvV2VhcG9ucy9PbmVIYW5kV2VhcG9ucy9EYWdnZXJzL1doaXRlV2luZCIsInciOjEsImgiOjMsInNjYWxlIjoxfV0/48866b1c7f/WhiteWind.png","levelRequired":66,"baseType":"Imperial Skean","itemClass":3,"sparkline":{"data":[],"totalChange":0},"lowConfidenceSparkline":{"data":[0,0,0,0,0,0,0],"totalChange":0},"implicitModifiers":[{"text":"30% increased Global Critical Strike Chance","optional":false},{"text":"Item sells for much more to vendors","optional":true}],"explicitModifiers":[{"text":"Adds (160-190) to (280-320) Cold Damage","optional":false},{"text":"(10-15)% increased Attack Speed","optional":false},{"text":"+(300-1500) to Evasion Rating","optional":false},{"text":"(15-25)% chance to Dodge Attack Hits while your Off Hand is empty","optional":true},{"text":"(100-200)% increased Cold Damage while your Off Hand is empty","optional":false},{"text":"+(15-40)% chance to Suppress Spell Damage while your Off Hand is empty","optional":false}],"flavourText":"The Maraketh fear very little, \nbut they dare not whisper the name\nof the demon that flies on Winter's gales.","itemType":"Dagger","chaosValue":50.00,"exaltedValue":0,"divineValue":0,"count":1,"detailsId":"white-wind-imperial-skean","tradeInfo":[],"listingCount":114},{"id":2316,"name":"Ahn's Might","icon":"https://web.poecdn.com/gen/image/WzI1LDE0LHsiZiI6IjJESXRlbXMvV2VhcG9ucy9PbmVIYW5kV2VhcG9ucy9PbmVIYW5kU3dvcmRzL0FobnNNaWdodCIsInciOjIsImgiOjMsInNjYWxlIjoxfV0/ee9d3b45a4/AhnsMight.png","levelRequired":68,"baseType":"Midnight Blade","itemClass":3,"sparkline":{"data":[],"totalChange":0},"lowConfidenceSparkline":{"data":[0,0,0,0,0,0,0],"totalChange":0},"implicitModifiers":[{"text":"40% increased Global Accuracy Rating","optional":false},{"text":"Item sells for much more to vendors","optional":true}],"explicitModifiers":[{"text":"+100 Strength Requirement","optional":false},{"text":"Adds (80-115) to (150-205) Physical Damage","optional":false},{"text":"(15-25)% increased Critical Strike Chance","optional":false},{"text":"-1 to Maximum Frenzy Charges","optional":false},{"text":"10% increased Area of Effect","optional":false},{"text":"+50% Global Critical Strike Multiplier while you have no Frenzy Charges","optional":false},{"text":"+(400-500) to Accuracy Rating while at Maximum Frenzy Charges","optional":false}],"flavourText":"\"Impossibly heavy, yet the ancient edge is as keen as any modern blade's.\nA reminder that, in the end, when we lie in the bellies of worms,\nit is what we make that makes us.\"\n- Icius Perandus, Antiquities Collection, Item 47","itemType":"One Handed Sword","chaosValue":50.00,"exaltedValue":0,"divineValue":0,"count":1,"detailsId":"ahns-might-midnight-blade","tradeInfo":[],"listingCount":68},{"id":2504,"name":"Beltimber Blade","icon":"https://web.poecdn.com/gen/image/WzI1LDE0LHsiZiI6IjJESXRlbXMvV2VhcG9ucy9PbmVIYW5kV2VhcG9ucy9EYWdnZXJzL1ZlcmRhbnRHdWFyZGlhblN3b3JkMiIsInciOjIsImgiOjMsInNjYWxlIjoxfV0/3f09536952/VerdantGuardianSword2.png","levelRequired":66,"baseType":"Eternal Sword","itemClass":3,"sparkline":{"data":[],"totalChange":0},"lowConfidenceSparkline":{"data":[0,0,0,0,0,0,0],"totalChange":0},"implicitModifiers":[{"text":"+475 to Accuracy Rating","optional":false},{"text":"Item sells for much more to vendors","optional":true}],"explicitModifiers":[{"text":"(170-215)% increased Physical Damage","optional":false},{"text":"(15-20)% increased Attack Speed","optional":false},{"text":"80% increased Evasion Rating while moving","optional":false},{"text":"Skills fire 2 additional Projectiles if you've used a Movement Skill Recently","optional":false},{"text":"Far Shot","optional":false}],"flavourText":"By wind and wing they are carried,\nTheir fates not theirs to control,\nYet the fates of others dragged in their wake.","itemType":"One Handed Sword","chaosValue":40.00,"exaltedValue":0,"divineValue":0,"count":1,"detailsId":"beltimber-blade-eternal-sword","tradeInfo":[],"listingCount":18},{"id":752,"name":"Limbsplit","icon":"https://web.poecdn.com/gen/image/WzI1LDE0LHsiZiI6IjJESXRlbXMvV2VhcG9ucy9Ud29IYW5kV2VhcG9ucy9Ud29IYW5kQXhlcy9Ud29IYW5kQXhlX3NwYXJlIiwidyI6MiwiaCI6NCwic2NhbGUiOjF9XQ/6cc29798f1/TwoHandAxe_spare.png","levelRequired":13,"baseType":"Woodsplitter","itemClass":3,"sparkline":{"data":[],"totalChange":0},"lowConfidenceSparkline":{"data":[null,null,null,null,null,null,0],"totalChange":0},"implicitModifiers":[],"explicitModifiers":[{"text":"+1 to Level of Socketed Strength Gems","optional":false},{"text":"Trigger Level 1 Gore Shockwave on Melee Hit if you have at least 150 Strength","optional":true},{"text":"+(15-30) to Strength","optional":false},{"text":"(80-100)% increased Physical Damage","optional":false},{"text":"Adds 5 to 10 Physical Damage","optional":false},{"text":"Culling Strike","optional":false}],"flavourText":"Swinging through the air, it sings\nof sundered, severed, missing things.","itemType":"Two Handed Axe","chaosValue":10.00,"exaltedValue":0,"divineValue":0,"count":1,"detailsId":"limbsplit-woodsplitter","tradeInfo":[],"listingCount":406},{"id":2256,"name":"Cane of Unravelling","icon":"https://web.poecdn.com/gen/image/WzI1LDE0LHsiZiI6IjJESXRlbXMvV2VhcG9ucy9Ud29IYW5kV2VhcG9ucy9TdGF2ZXMvQ2FuZU9mVW5yYXZlbGxpbmciLCJ3IjoyLCJoIjo0LCJzY2FsZSI6MX1d/99b4e7e44e/CaneOfUnravelling.png","levelRequired":60,"baseType":"Ezomyte Staff","itemClass":3,"sparkline":{"data":[],"totalChange":0},"lowConfidenceSparkline":{"data":[null,null,null,0,0,0,0],"totalChange":0},"implicitModifiers":[{"text":"+(18-20)% Chance to Block Attack Damage while wielding a Staff","optional":false}],"explicitModifiers":[{"text":"+(40-55)% to Chaos Damage over Time Multiplier","optional":true},{"text":"(20-80)% increased Chaos Damage","optional":false},{"text":"2% increased Cast Speed per Power Charge","optional":false},{"text":"+2 to Level of all Chaos Spell Skill Gems","optional":false},{"text":"Gain a Power Charge after Spending a total of 200 Mana","optional":false},{"text":"Regenerate 2 Mana per Second per Power Charge","optional":false}],"flavourText":"\"Creation is the act of making the intangible tangible.\nTo work backwards, to make the tangible intangible,\nis to step into the mind of a god.\"\n- Doryani, Queen's Thaumaturgist","itemType":"Staff","chaosValue":10.00,"exaltedValue":0,"divineValue":0,"count":1,"detailsId":"cane-of-unravelling-ezomyte-staff","tradeInfo":[],"listingCount":99},{"id":103533,"name":"Obliteration","icon":"https://web.poecdn.com/gen/image/WzI1LDE0LHsiZiI6IjJESXRlbXMvV2VhcG9ucy9PbmVIYW5kV2VhcG9ucy9XYW5kcy9NYWxlZGljdCIsInciOjEsImgiOjMsInNjYWxlIjoxfV0/2ddc131782/Maledict.png","levelRequired":59,"baseType":"Imbued Wand","itemClass":3,"sparkline":{"data":[],"totalChange":0},"lowConfidenceSparkline":{"data":[0,0,0,0,0,0,0],"totalChange":0},"implicitModifiers":[{"text":"(33-46)% increased Spell Damage","optional":false}],"explicitModifiers":[{"text":"Adds 37 to 122 Physical Damage","optional":true},{"text":"29% increased Critical Strike Chance","optional":true},{"text":"Gain (30-40)% of Physical Damage as Extra Chaos Damage","optional":false},{"text":"Enemies you Kill have a (20-22)% chance to Explode, dealing a quarter of their maximum Life as Chaos Damage","optional":false}],"flavourText":"We forge order from the world around us\nWielding anarchy and destruction as our tools of genesis.","itemType":"Wand","chaosValue":8.40,"exaltedValue":0,"divineValue":0,"count":3,"detailsId":"obliteration-imbued-wand","tradeInfo":[],"listingCount":10},{"id":54308,"name":"Goblinedge","icon":"https://web.poecdn.com/gen/image/WzI1LDE0LHsiZiI6IjJESXRlbXMvV2VhcG9ucy9PbmVIYW5kV2VhcG9ucy9EYWdnZXJzL0dvYmxpbkVkZ2UiLCJ3IjoxLCJoIjozLCJzY2FsZSI6MX1d/61d1382d07/GoblinEdge.png","levelRequired":60,"baseType":"Ambusher","itemClass":3,"sparkline":{"data":[],"totalChange":0},"lowConfidenceSparkline":{"data":[0,0,0,0,0,0,0],"totalChange":0},"implicitModifiers":[{"text":"30% increased Global Critical Strike Chance","optional":false},{"text":"Item sells for much more to vendors","optional":true}],"explicitModifiers":[{"text":"(200-250)% increased Physical Damage","optional":false},{"text":"(20-25)% increased Attack Speed if you haven't gained a Frenzy Charge Recently","optional":false},{"text":"(60-80)% increased Critical Strike Chance if you haven't gained a Power Charge Recently","optional":false},{"text":"+3 seconds to Duration of Frenzy and Power Charges on Culling Strike","optional":false},{"text":"Gain (120-150) Life on Culling Strike","optional":false},{"text":"Gain (10-20) Mana on Culling Strike","optional":false}],"flavourText":"\"That bronze girl sure knows how to cut someone down to size!\"\n- Bertrand the Plush","itemType":"Dagger","chaosValue":7.70,"exaltedValue":0,"divineValue":0,"count":2,"detailsId":"goblinedge-ambusher","tradeInfo":[],"listingCount":24},{"id":1368,"name":"Storm Cloud","icon":"https://web.poecdn.com/gen/image/WzI1LDE0LHsiZiI6IjJESXRlbXMvV2VhcG9ucy9Ud29IYW5kV2VhcG9ucy9Cb3dzL1N0b3JtY2xvdWQiLCJ3IjoyLCJoIjo0LCJzY2FsZSI6MX1d/003957da0c/Stormcloud.png","levelRequired":9,"baseType":"Long Bow","itemClass":3,"sparkline":{"data":[],"totalChange":0},"lowConfidenceSparkline":{"data":[0,215,215,215,215,215,215],"totalChange":215},"implicitModifiers":[],"explicitModifiers":[{"text":"No Physical Damage","optional":false},{"text":"Adds 1 to (75-85) Lightning Damage","optional":false},{"text":"(36-50)% increased Attack Speed","optional":false}],"flavourText":"Centuries of development in steel armoursmithing\nturned the armies of the Eternal Empire\ninto very effective lightning rods.","itemType":"Bow","chaosValue":6.30,"exaltedValue":0,"divineValue":0,"count":2,"detailsId":"storm-cloud-long-bow","tradeInfo":[],"listingCount":516},{"id":1309,"name":"Silverbranch","icon":"https://web.poecdn.com/gen/image/WzI1LDE0LHsiZiI6IjJESXRlbXMvV2VhcG9ucy9Ud29IYW5kV2VhcG9ucy9Cb3dzL0JvdzFVbmlxdWUiLCJ3IjoyLCJoIjozLCJzY2FsZSI6MX1d/73d6f96075/Bow1Unique.png","baseType":"Crude Bow","itemClass":3,"sparkline":{"data":[],"totalChange":0},"lowConfidenceSparkline":{"data":[0,102.5,102.5,30,30,30,45],"totalChange":45},"implicitModifiers":[],"explicitModifiers":[{"text":"+(1-2) to Level of Socketed Bow Gems","optional":false},{"text":"(50-100)% increased Physical Damage","optional":false},{"text":"10% increased Attack Speed","optional":false},{"text":"+10 Mana gained on Kill","optional":true},{"text":"Gain 10 Mana per Enemy Killed","optional":false},{"text":"+30 to Accuracy Rating","optional":false}],"flavourText":"\"The wild takes care of its own.\"\n- Hyrri of the Karui","itemType":"Bow","chaosValue":5.80,"exaltedValue":0,"divineValue":0,"count":4,"detailsId":"silverbranch-crude-bow","tradeInfo":[],"listingCount":573},{"id":178,"name":"Bloodplay","icon":"https://web.poecdn.com/gen/image/WzI1LDE0LHsiZiI6IjJESXRlbXMvV2VhcG9ucy9PbmVIYW5kV2VhcG9ucy9EYWdnZXJzL0Jsb29kUGxheSIsInciOjEsImgiOjMsInNjYWxlIjoxfV0/3c8258f393/BloodPlay.png","levelRequired":15,"baseType":"Stiletto","itemClass":3,"sparkline":{"data":[],"totalChange":0},"lowConfidenceSparkline":{"data":[0,0,-45,-45,-45,-45,-45],"totalChange":-45},"implicitModifiers":[{"text":"30% increased Global Critical Strike Chance","optional":false}],"explicitModifiers":[{"text":"+20 to Dexterity","optional":false},{"text":"(20-40)% increased Physical Damage","optional":false},{"text":"Adds (3-6) to (9-13) Physical Damage","optional":false},{"text":"10% increased Attack Speed","optional":false},{"text":"(10-30)% chance to cause Bleeding on Hit","optional":false},{"text":"Extra gore","optional":false}],"flavourText":"\"I'm a painter, and crimson is my chosen hue.\"\n- Coralito, Brotherhood of Silence","itemType":"Dagger","chaosValue":5.50,"exaltedValue":0,"divineValue":0,"count":2,"detailsId":"bloodplay-stiletto","tradeInfo":[],"listingCount":385},{"id":103407,"name":"Storm Prison","icon":"https://web.poecdn.com/gen/image/WzI1LDE0LHsiZiI6IjJESXRlbXMvV2VhcG9ucy9PbmVIYW5kV2VhcG9ucy9XYW5kcy9TdG9ybVByaXNvbiIsInciOjEsImgiOjMsInNjYWxlIjoxfV0/0fc4811c94/StormPrison.png","levelRequired":24,"baseType":"Spiraled Wand","itemClass":3,"sparkline":{"data":[],"totalChange":0},"lowConfidenceSparkline":{"data":[0,0,0,-45,-45,-45,-45],"totalChange":-45},"implicitModifiers":[{"text":"Adds (1-2) to (9-11) Lightning Damage to Spells and Attacks","optional":false}],"explicitModifiers":[{"text":"(40-60)% increased Physical Damage","optional":false},{"text":"Adds 1 to (35-45) Lightning Damage","optional":false},{"text":"(15-25)% increased Mana Regeneration Rate","optional":false},{"text":"+1 to Maximum Power Charges","optional":false},{"text":"(25-35)% chance to gain a Power Charge on Kill","optional":false}],"flavourText":"You can never truly tame the tempest.\nYou can barely even leash it.","itemType":"Wand","chaosValue":5.50,"exaltedValue":0,"divineValue":0,"count":2,"detailsId":"storm-prison-spiraled-wand","tradeInfo":[],"listingCount":14},{"id":103493,"name":"Eclipse Solaris","icon":"https://web.poecdn.com/gen/image/WzI1LDE0LHsiZiI6IjJESXRlbXMvV2VhcG9ucy9PbmVIYW5kV2VhcG9ucy9XYW5kcy9XYW5kVW5pcXVlMSIsInciOjEsImgiOjMsInNjYWxlIjoxfV0/e1734b812d/WandUnique1.png","levelRequired":40,"baseType":"Engraved Wand","itemClass":3,"sparkline":{"data":[],"totalChange":0},"lowConfidenceSparkline":{"data":[0,0,-15,-15,-15,-15,-15],"totalChange":-15},"implicitModifiers":[{"text":"(22-26)% increased Spell Damage","optional":false}],"explicitModifiers":[{"text":"Adds (30-45) to (60-80) Fire Damage","optional":false},{"text":"(6-10)% increased Attack Speed","optional":false},{"text":"+(27-33)% to Global Critical Strike Multiplier","optional":false},{"text":"20% increased Light Radius","optional":false},{"text":"Nearby Enemies are Blinded","optional":false},{"text":"(120-140)% increased Critical Strike Chance against Blinded Enemies","optional":false}],"flavourText":"Every decade, Lunaris devours Solaris\nEach time, Solaris emerges from Lunaris, born anew.","itemType":"Wand","chaosValue":5.10,"exaltedValue":0,"divineValue":0,"count":2,"detailsId":"eclipse-solaris-engraved-wand","tradeInfo":[],"listingCount":12},{"id":133,"name":"Aurumvorax","icon":"https://web.poecdn.com/gen/image/WzI1LDE0LHsiZiI6IjJESXRlbXMvV2VhcG9ucy9PbmVIYW5kV2VhcG9ucy9SYXBpZXJzL0F1cnVtdm9yYXgiLCJ3IjoxLCJoIjo0LCJzY2FsZSI6MX1d/64b63c7413/Aurumvorax.png","levelRequired":17,"baseType":"Basket Rapier","itemClass":3,"sparkline":{"data":[],"totalChange":0},"lowConfidenceSparkline":{"data":[0,0,0,0,0,0,0],"totalChange":0},"implicitModifiers":[{"text":"+(20-30)% to Global Critical Strike Multiplier","optional":false}],"explicitModifiers":[{"text":"(120-150)% increased Physical Damage","optional":false},{"text":"20% reduced Rarity of Items found","optional":false},{"text":"+(40-60)% to all Elemental Resistances","optional":false},{"text":"+3 Life gained for each Enemy hit by Attacks","optional":true},{"text":"Gain 3 Life per Enemy Hit by Attacks","optional":true},{"text":"Grants 3 Life per Enemy Hit","optional":false},{"text":"Gramts 3 Life per Enemy Hit","optional":true}],"flavourText":"Many a collector of rarities discovered to his dismay\nthat the intelligent spirit in this sword\ndoes not like to share its master's attention","itemType":"One Handed Sword","chaosValue":5.00,"exaltedValue":0,"divineValue":0,"count":1,"detailsId":"aurumvorax-basket-rapier","tradeInfo":[],"listingCount":432},{"id":723,"name":"Kondo's Pride","icon":"https://web.poecdn.com/gen/image/WzI1LDE0LHsiZiI6IjJESXRlbXMvV2VhcG9ucy9Ud29IYW5kV2VhcG9ucy9Ud29IYW5kU3dvcmRzL0tvbmRvc1ByaWRlIiwidyI6MiwiaCI6NCwic2NhbGUiOjF9XQ/59f41a868c/KondosPride.png","levelRequired":61,"baseType":"Ezomyte Blade","itemClass":3,"sparkline":{"data":[],"totalChange":0},"lowConfidenceSparkline":{"data":[null,null,null,0,0,0,0],"totalChange":0},"implicitModifiers":[{"text":"(18-40)% increased Global Accuracy Rating","optional":true},{"text":"+435 to Accuracy Rating","optional":true},{"text":"+25% to Global Critical Strike Multiplier","optional":true}],"explicitModifiers":[{"text":"(220-320)% increased Physical Damage","optional":false},{"text":"0.6% of Physical Attack Damage Leeched as Life","optional":false},{"text":"50% increased Melee Damage against Bleeding Enemies","optional":false},{"text":"Cannot Leech Life from Critical Strikes","optional":false},{"text":"30% chance to Blind Enemies on Critical Strike","optional":false},{"text":"50% chance to cause Bleeding on Critical Strike","optional":false}],"flavourText":"Faintly gleaming in the moonlit night,\nKondo's Pride was primed to fight.\nDriven by an inner fire,\nbloodlust, spite and ill desire.\nHe swiftly moved to strike them all,\nwreaking havoc like a steel squall.","itemType":"Two Handed Sword","chaosValue":5.00,"exaltedValue":0,"divineValue":0,"count":2,"detailsId":"kondos-pride-ezomyte-blade","tradeInfo":[],"listingCount":113},{"id":899,"name":"Oro's Sacrifice","icon":"https://web.poecdn.com/gen/image/WzI1LDE0LHsiZiI6IjJESXRlbXMvV2VhcG9ucy9Ud29IYW5kV2VhcG9ucy9Ud29IYW5kU3dvcmRzL09yb3NTYWNyaWZpY2UiLCJ3IjoyLCJoIjo0LCJzY2FsZSI6MX1d/82b813f27d/OrosSacrifice.png","levelRequired":67,"baseType":"Infernal Sword","itemClass":3,"sparkline":{"data":[],"totalChange":0},"lowConfidenceSparkline":{"data":[null,0,0,0,0,0,0],"totalChange":0},"implicitModifiers":[{"text":"30% increased Global Accuracy Rating","optional":true},{"text":"30% increased Elemental Damage with Attack Skills","optional":true}],"explicitModifiers":[{"text":"No Physical Damage","optional":false},{"text":"Adds (425-475) to (550-600) Fire Damage","optional":false},{"text":"(10-15)% increased Attack Speed","optional":false},{"text":"20% chance to Ignite","optional":false},{"text":"(10-20)% increased Physical Damage taken","optional":false},{"text":"(10-20)% increased Fire Damage taken","optional":false},{"text":"Culling Strike against Burning Enemies","optional":false},{"text":"Gain a Frenzy Charge if an Attack Ignites an Enemy","optional":false}],"flavourText":"Give yourself to the flames and your name\nwill burn in the minds of men forever.","itemType":"Two Handed Sword","chaosValue":5.00,"exaltedValue":0,"divineValue":0,"count":1,"detailsId":"oros-sacrifice-infernal-sword","tradeInfo":[],"listingCount":131},{"id":1001,"name":"Quill Rain","icon":"https://web.poecdn.com/gen/image/WzI1LDE0LHsiZiI6IjJESXRlbXMvV2VhcG9ucy9Ud29IYW5kV2VhcG9ucy9Cb3dzL0JvdzJ1bmlxdWUiLCJ3IjoyLCJoIjozLCJzY2FsZSI6MX1d/5c5cad82e8/Bow2unique.png","levelRequired":5,"baseType":"Short Bow","itemClass":3,"sparkline":{"data":[],"totalChange":0},"lowConfidenceSparkline":{"data":[0,0,0,0,0,0,-13.79],"totalChange":-13.79},"implicitModifiers":[],"explicitModifiers":[{"text":"+(10-20) to Dexterity","optional":false},{"text":"(100-115)% increased Physical Damage","optional":true},{"text":"(100-115)% increased Attack Speed","optional":false},{"text":"+2 Mana gained for each Enemy hit by Attacks","optional":true},{"text":"Gain 2 Mana per Enemy Hit with Attacks","optional":true},{"text":"Grants 2 Mana per Enemy Hit","optional":true},{"text":"(50-110)% increased Projectile Speed","optional":false},{"text":"+(25-50) to Accuracy Rating","optional":false},{"text":"(30-50)% less Damage","optional":false}],"flavourText":"\"The rain of a thousand quills that whittle\npresent into past, life into death.\"\n- Rigwald of the Ezomytes","itemType":"Bow","chaosValue":5.00,"exaltedValue":0,"divineValue":0,"count":1,"detailsId":"quill-rain-short-bow","tradeInfo":[],"listingCount":404},{"id":1070,"name":"Roth's Reach","icon":"https://web.poecdn.com/gen/image/WzI1LDE0LHsiZiI6IjJESXRlbXMvV2VhcG9ucy9Ud29IYW5kV2VhcG9ucy9Cb3dzL1NhcmtoYW1zUmVhY2giLCJ3IjoyLCJoIjo0LCJzY2FsZSI6MX1d/89bf0cff0b/SarkhamsReach.png","levelRequired":18,"baseType":"Recurve Bow","itemClass":3,"sparkline":{"data":[],"totalChange":0},"lowConfidenceSparkline":{"data":[0,0,0,0,0,0,66.67],"totalChange":66.67},"implicitModifiers":[{"text":"+(15-25)% to Global Critical Strike Multiplier","optional":true}],"explicitModifiers":[{"text":"(60-80)% increased Physical Damage","optional":false},{"text":"(4-8)% increased Attack Speed","optional":true},{"text":"Skills Chain +(1-2) times","optional":false},{"text":"30% increased Projectile Speed","optional":false},{"text":"(20-80)% increased Elemental Damage with Attack Skills","optional":false}],"flavourText":"\"Exiled to the sea; what a joke. \nI'm more free than I've ever been.\"\n- Captain Weylam \"Rot-tooth\" Roth of the Black Crest","itemType":"Bow","chaosValue":5.00,"exaltedValue":0,"divineValue":0,"count":1,"detailsId":"roths-reach-recurve-bow","tradeInfo":[],"listingCount":394},{"id":1273,"name":"Shiversting","icon":"https://web.poecdn.com/gen/image/WzI1LDE0LHsiZiI6IjJESXRlbXMvV2VhcG9ucy9Ud29IYW5kV2VhcG9ucy9Ud29IYW5kU3dvcmRzL1R3b0hhbmRTd29yZDZVbmlxdWUiLCJ3IjoyLCJoIjo0LCJzY2FsZSI6MX1d/084a248453/TwoHandSword6Unique.png","levelRequired":14,"baseType":"Bastard Sword","itemClass":3,"sparkline":{"data":[],"totalChange":0},"lowConfidenceSparkline":{"data":[null,0,0,0,0,0,0],"totalChange":0},"implicitModifiers":[{"text":"(18-60)% increased Global Accuracy Rating","optional":false}],"explicitModifiers":[{"text":"(80-100)% increased Physical Damage","optional":false},{"text":"Adds 35 to 70 Cold Damage","optional":false},{"text":"0.6% of Physical Attack Damage Leeched as Mana","optional":false},{"text":"Cannot be Frozen","optional":false}],"flavourText":"Stoic visage, icy heart.\nLife of sorrow, lived apart.","itemType":"Two Handed Sword","chaosValue":5.00,"exaltedValue":0,"divineValue":0,"count":1,"detailsId":"shiversting-bastard-sword","tradeInfo":[],"listingCount":414},{"id":1461,"name":"The Consuming Dark","icon":"https://web.poecdn.com/gen/image/WzI1LDE0LHsiZiI6IjJESXRlbXMvV2VhcG9ucy9PbmVIYW5kV2VhcG9ucy9EYWdnZXJzL0NvbnN1bWluZ3RoZURhcmsiLCJ3IjoxLCJoIjozLCJzY2FsZSI6MX1d/71882cbd42/ConsumingtheDark.png","levelRequired":53,"baseType":"Fiend Dagger","itemClass":3,"sparkline":{"data":[],"totalChange":0},"lowConfidenceSparkline":{"data":[null,0,0,0,0,0,0],"totalChange":0},"implicitModifiers":[{"text":"40% increased Global Critical Strike Chance","optional":false},{"text":"Item sells for much more to vendors","optional":true}],"explicitModifiers":[{"text":"+(20-40) to Intelligence","optional":false},{"text":"(40-60)% increased Fire Damage","optional":false},{"text":"+1 to Level of all Fire Spell Skill Gems","optional":false},{"text":"(30-45)% of Fire Damage Converted to Chaos Damage","optional":false},{"text":"Your Chaos Damage has 60% chance to Poison Enemies","optional":true},{"text":"Your Chaos Damage Poisons Enemies","optional":true}],"flavourText":"The brightest flames cast the darkest shadows.","itemType":"Dagger","chaosValue":5.00,"exaltedValue":0,"divineValue":0,"count":1,"detailsId":"the-consuming-dark-fiend-dagger","tradeInfo":[],"listingCount":236},{"id":1705,"name":"Touch of Anguish","icon":"https://web.poecdn.com/gen/image/WzI1LDE0LHsiZiI6IjJESXRlbXMvV2VhcG9ucy9PbmVIYW5kV2VhcG9ucy9DbGF3cy9Ub3VjaE9mQW5ndWlzaCIsInciOjIsImgiOjIsInNjYWxlIjoxfV0/c3b67bc0c2/TouchOfAnguish.png","levelRequired":68,"baseType":"Imperial Claw","itemClass":3,"sparkline":{"data":[],"totalChange":0},"lowConfidenceSparkline":{"data":[null,null,null,0,0,0,0],"totalChange":0},"implicitModifiers":[{"text":"+(25-46) Life gained for each Enemy hit by Attacks","optional":true},{"text":"Gain (25-46) Life per Enemy Hit by Attacks","optional":true},{"text":"Grants (25-46) Life per Enemy Hit","optional":false},{"text":"Gramts (25-46) Life per Enemy Hit","optional":true}],"explicitModifiers":[{"text":"Adds (40-50) to (130-150) Physical Damage","optional":false},{"text":"30% increased Cold Damage","optional":false},{"text":"(30-40)% increased Critical Strike Chance","optional":false},{"text":"20% chance to gain a Frenzy Charge on Killing a Frozen Enemy","optional":false},{"text":"Skills Chain an additional time while at maximum Frenzy Charges","optional":false},{"text":"10% chance to Freeze","optional":false},{"text":"Critical Strikes do not inherently Freeze","optional":false}],"flavourText":"Grip the frozen steel, feel it numb you.\nWield the cold touch of death like \na splinter of your own shattered heart.","itemType":"Claw","chaosValue":5.00,"exaltedValue":0,"divineValue":0,"count":1,"detailsId":"touch-of-anguish-imperial-claw","tradeInfo":[],"listingCount":64},{"id":1746,"name":"Ungil's Gauche","icon":"https://web.poecdn.com/gen/image/WzI1LDE0LHsiZiI6IjJESXRlbXMvV2VhcG9ucy9PbmVIYW5kV2VhcG9ucy9EYWdnZXJzL0RhZ2dlcjN1bmlxdWUiLCJ3IjoxLCJoIjozLCJzY2FsZSI6MX1d/ec0e6a82fb/Dagger3unique.png","levelRequired":20,"baseType":"Boot Knife","itemClass":3,"sparkline":{"data":[],"totalChange":0},"lowConfidenceSparkline":{"data":[0,0,0,0,0,0,0],"totalChange":0},"implicitModifiers":[{"text":"30% increased Global Critical Strike Chance","optional":false}],"explicitModifiers":[{"text":"+(12-20)% Chance to Block Attack Damage while Dual Wielding","optional":false},{"text":"+(10-20) to Dexterity","optional":false},{"text":"(80-100)% increased Physical Damage","optional":false},{"text":"Adds 3 to 30 Lightning Damage","optional":false},{"text":"10% increased Attack Speed","optional":false},{"text":"50% increased Global Critical Strike Chance","optional":false}],"flavourText":"Unwieldy and garish became graceful\nand deadly in Ungil's nimble hands.","itemType":"Dagger","chaosValue":5.00,"exaltedValue":0,"divineValue":0,"count":2,"detailsId":"ungils-gauche-boot-knife","tradeInfo":[],"listingCount":357},{"id":2194,"name":"Taproot","icon":"https://web.poecdn.com/gen/image/WzI1LDE0LHsiZiI6IjJESXRlbXMvV2VhcG9ucy9PbmVIYW5kV2VhcG9ucy9EYWdnZXJzL01hcnJvd0dhc2hlciIsInciOjEsImgiOjMsInNjYWxlIjoxfV0/22be181636/MarrowGasher.png","levelRequired":60,"baseType":"Ambusher","itemClass":3,"sparkline":{"data":[],"totalChange":0},"lowConfidenceSparkline":{"data":[null,0,0,0,0,0,0],"totalChange":0},"implicitModifiers":[{"text":"30% increased Global Critical Strike Chance","optional":false},{"text":"Item sells for much more to vendors","optional":true}],"explicitModifiers":[{"text":"(180-200)% increased Physical Damage","optional":false},{"text":"(10-15)% increased Attack Speed","optional":false},{"text":"(15-20)% increased Poison Duration","optional":false},{"text":"0.5% of Attack Damage Leeched as Mana against Poisoned Enemies","optional":false},{"text":"0.5% of Attack Damage Leeched as Life against Maimed Enemies","optional":false},{"text":"(15-20)% chance to Maim on Hit","optional":false},{"text":"20% chance to Poison on Hit","optional":false}],"flavourText":"Some things must die so that others can live.","itemType":"Dagger","chaosValue":5.00,"exaltedValue":0,"divineValue":0,"count":1,"detailsId":"taproot-ambusher","tradeInfo":[],"listingCount":201},{"id":1082,"name":"Scaeva","icon":"https://web.poecdn.com/gen/image/WzI1LDE0LHsiZiI6IjJESXRlbXMvV2VhcG9ucy9PbmVIYW5kV2VhcG9ucy9PbmVIYW5kU3dvcmRzL1NjYWV2YSIsInciOjIsImgiOjMsInNjYWxlIjoxfV0/320c7247e3/Scaeva.png","levelRequired":60,"baseType":"Gladius","itemClass":3,"sparkline":{"data":[],"totalChange":0},"lowConfidenceSparkline":{"data":[0,0,0,0,0,0,0],"totalChange":0},"implicitModifiers":[{"text":"(18-40)% increased Global Accuracy Rating","optional":false},{"text":"Item sells for much more to vendors","optional":true}],"explicitModifiers":[{"text":"Adds (75-92) to (125-154) Physical Damage","optional":false},{"text":"(15-25)% increased Critical Strike Chance","optional":false},{"text":"0.3% of Physical Attack Damage Leeched as Life per Red Socket","optional":false},{"text":"+10% to Global Critical Strike Multiplier per Green Socket","optional":false},{"text":"0.3% of Physical Attack Damage Leeched as Mana per Blue Socket","optional":false},{"text":"8% increased Global Defences per White Socket","optional":false},{"text":"(60-80)% increased Global Critical Strike Chance when in Main Hand","optional":false},{"text":"+8% Chance to Block Attack Damage when in Off Hand","optional":false}],"flavourText":"Even from the back rows,\nthe whistling steel was mesmerising.\nThey watched the dance in the arena dust, silent as the dead.\nA spell only broken by the spilling of blood.","itemType":"One Handed Sword","chaosValue":4.00,"exaltedValue":0,"divineValue":0,"count":1,"detailsId":"scaeva-gladius","tradeInfo":[],"listingCount":130},{"id":26,"name":"Advancing Fortress","icon":"https://web.poecdn.com/gen/image/WzI1LDE0LHsiZiI6IjJESXRlbXMvV2VhcG9ucy9PbmVIYW5kV2VhcG9ucy9DbGF3cy9DbGF3c2hpZWxkMyIsInciOjIsImgiOjIsInNjYWxlIjoxfV0/a04190ca2b/Clawshield3.png","levelRequired":46,"baseType":"Gut Ripper","itemClass":3,"sparkline":{"data":[],"totalChange":0},"lowConfidenceSparkline":{"data":[0,0,0,0,0,0,0],"totalChange":0},"implicitModifiers":[{"text":"+(21-44) Life gained for each Enemy hit by Attacks","optional":true},{"text":"Gain (21-44) Life per Enemy Hit by Attacks","optional":true},{"text":"Grants (21-44) Life per Enemy Hit","optional":false},{"text":"Gramts (21-44) Life per Enemy Hit","optional":true},{"text":"Item sells for much more to vendors","optional":true}],"explicitModifiers":[{"text":"Socketed Gems are Supported by Level 12 Fortify","optional":false},{"text":"15% Chance to Block Attack Damage","optional":false},{"text":"(100-120)% increased Physical Damage","optional":false},{"text":"+110 to Evasion Rating","optional":false},{"text":"+35 to maximum Energy Shield","optional":false},{"text":"+(30-50) to maximum Life","optional":false},{"text":"Reflects (71-90) Physical Damage to Melee Attackers","optional":false}],"flavourText":"\"A man cowers behind his walls.\nA woman carries her fortress with her.\nIn heart, in mind, in hand.\"\n- Sekhema Deshret","itemType":"Claw","chaosValue":3.00,"exaltedValue":0,"divineValue":0,"count":1,"detailsId":"advancing-fortress-gut-ripper","tradeInfo":[],"listingCount":143},{"id":197,"name":"Brightbeak","icon":"https://web.poecdn.com/gen/image/WzI1LDE0LHsiZiI6IjJESXRlbXMvV2VhcG9ucy9PbmVIYW5kV2VhcG9ucy9PbmVIYW5kTWFjZXMvT25lSGFuZE1hY2U1VW5pcXVlIiwidyI6MiwiaCI6Mywic2NhbGUiOjF9XQ/d3f763cad7/OneHandMace5Unique.png","levelRequired":20,"baseType":"War Hammer","itemClass":3,"sparkline":{"data":[],"totalChange":0},"lowConfidenceSparkline":{"data":[0,0,0,0,0,0,0],"totalChange":0},"implicitModifiers":[{"text":"(20-30)% increased Stun Duration on Enemies","optional":true},{"text":"(10-12)% reduced Enemy Stun Threshold","optional":true}],"explicitModifiers":[{"text":"(50-75)% increased Physical Damage","optional":false},{"text":"(45-50)% increased Attack Speed","optional":false},{"text":"25% increased Critical Strike Chance","optional":false},{"text":"+(20-30)% to Fire Resistance","optional":false},{"text":"+(20-30)% to Lightning Resistance","optional":false}],"flavourText":"\"I know how to say 'faster' and 'attack'\nin Karui, Marak and Ezo.\"\n- Voll of Thebrus","itemType":"One Handed Mace","chaosValue":3.00,"exaltedValue":0,"divineValue":0,"count":1,"detailsId":"brightbeak-war-hammer","tradeInfo":[],"listingCount":290},{"id":272,"name":"Chober Chaber","icon":"https://web.poecdn.com/gen/image/WzI1LDE0LHsiZiI6IjJESXRlbXMvV2VhcG9ucy9Ud29IYW5kV2VhcG9ucy9Ud29IYW5kTWFjZXMvQ2hvYmVyQ2hhYmVyIiwidyI6MiwiaCI6NCwic2NhbGUiOjF9XQ/77d9d3e30a/ChoberChaber.png","levelRequired":40,"baseType":"Great Mallet","itemClass":3,"sparkline":{"data":[],"totalChange":0},"lowConfidenceSparkline":{"data":[0,0,0,0,0,0,0],"totalChange":0},"implicitModifiers":[{"text":"(20-30)% increased Stun Duration on Enemies","optional":false}],"explicitModifiers":[{"text":"+1 to Level of Socketed Melee Gems","optional":false},{"text":"+1 to Level of Socketed Minion Gems","optional":false},{"text":"20% reduced Strength Requirement","optional":false},{"text":"(100-220)% increased Physical Damage","optional":false},{"text":"25% increased maximum Mana","optional":false},{"text":"Minions have (20-40)% increased maximum Life","optional":false},{"text":"15% increased Skill Effect Duration","optional":false}],"flavourText":"The faithful may continue to serve, even after death.","itemType":"Two Handed Mace","chaosValue":3.00,"exaltedValue":0,"divineValue":0,"count":1,"detailsId":"chober-chaber-great-mallet","tradeInfo":[],"listingCount":165},{"id":431,"name":"Doomfletch","icon":"https://web.poecdn.com/gen/image/WzI1LDE0LHsiZiI6IjJESXRlbXMvV2VhcG9ucy9Ud29IYW5kV2VhcG9ucy9Cb3dzL0Rvb21GbGV0Y2giLCJ3IjoyLCJoIjo0LCJzY2FsZSI6MX1d/a284f1cdab/DoomFletch.png","levelRequired":28,"baseType":"Royal Bow","itemClass":3,"sparkline":{"data":[],"totalChange":0},"lowConfidenceSparkline":{"data":[null,null,null,null,0,0,0],"totalChange":0},"implicitModifiers":[{"text":"(6-24)% increased Elemental Damage with Attack Skills","optional":true}],"explicitModifiers":[{"text":"Adds (8-16) to (16-24) Physical Damage","optional":true},{"text":"(10-14)% increased Attack Speed","optional":false},{"text":"(30-40)% increased Critical Strike Chance","optional":true},{"text":"60% increased Mana Regeneration Rate","optional":false},{"text":"Gain 100% of Weapon Physical Damage as Extra Damage of each Element","optional":true},{"text":"Gain (100-110)% of Weapon Physical Damage as Extra Damage of a random Element","optional":true}],"flavourText":"\"Toasted or frozen\nOr twitching in the light\nI'm not fussy\nAnd neither is Death.\"\n- Koralus Doomfletch","itemType":"Bow","chaosValue":3.00,"exaltedValue":0,"divineValue":0,"count":1,"detailsId":"doomfletch-royal-bow","tradeInfo":[],"listingCount":351},{"id":444,"name":"Dreadarc","icon":"https://web.poecdn.com/gen/image/WzI1LDE0LHsiZiI6IjJESXRlbXMvV2VhcG9ucy9PbmVIYW5kV2VhcG9ucy9PbmVIYW5kQXhlcy9EcmVhZGFyYyIsInciOjIsImgiOjMsInNjYWxlIjoxfV0/fd1e188ee3/Dreadarc.png","levelRequired":16,"baseType":"Cleaver","itemClass":3,"sparkline":{"data":[],"totalChange":0},"lowConfidenceSparkline":{"data":[0,0,0,0,0,0,0],"totalChange":0},"implicitModifiers":[{"text":"Item sells for much more to vendors","optional":true}],"explicitModifiers":[{"text":"Adds (5-15) to (20-25) Physical Damage","optional":false},{"text":"Adds (5-15) to (20-25) Fire Damage","optional":false},{"text":"(7-10)% increased Attack Speed","optional":false},{"text":"+(15-25)% to Fire Resistance","optional":false},{"text":"5% increased Movement Speed","optional":false},{"text":"Curse Enemies with Level 10 Flammability on Hit","optional":true},{"text":"Curse Enemies with Flammability on Hit","optional":true},{"text":"Curse Enemies with Flammability on Hit, with 40% increased Effect","optional":true}],"flavourText":"The fastest way to a man's heart\nis through his sternum.","itemType":"One Handed Axe","chaosValue":3.00,"exaltedValue":0,"divineValue":0,"count":1,"detailsId":"dreadarc-cleaver","tradeInfo":[],"listingCount":306},{"id":740,"name":"Lavianga's Wisdom","icon":"https://web.poecdn.com/gen/image/WzI1LDE0LHsiZiI6IjJESXRlbXMvV2VhcG9ucy9PbmVIYW5kV2VhcG9ucy9PbmVIYW5kTWFjZXMvT25lSGFuZE1hY2UzYSIsInciOjIsImgiOjMsInNjYWxlIjoxfV0/3c0044c7be/OneHandMace3a.png","levelRequired":20,"baseType":"War Hammer","itemClass":3,"sparkline":{"data":[],"totalChange":0},"lowConfidenceSparkline":{"data":[null,null,null,null,null,null,0],"totalChange":0},"implicitModifiers":[{"text":"10% reduced Enemy Stun Threshold","optional":true},{"text":"(20-30)% increased Stun Duration on Enemies","optional":true}],"explicitModifiers":[{"text":"(130-200)% increased Physical Damage","optional":false},{"text":"+(10-70) to maximum Life","optional":false},{"text":"+(10-70) to maximum Mana","optional":false},{"text":"5% reduced Movement Speed","optional":false},{"text":"(10-25)% increased Area of Effect","optional":false},{"text":"(10-20)% increased Area Damage","optional":false}],"flavourText":"\"The painful memories are the easiest to recall.\"\n- Lavianga, Advisor to Kaom","itemType":"One Handed Mace","chaosValue":3.00,"exaltedValue":0,"divineValue":0,"count":1,"detailsId":"laviangas-wisdom-war-hammer","tradeInfo":[],"listingCount":139},{"id":814,"name":"Mightflay","icon":"https://web.poecdn.com/gen/image/WzI1LDE0LHsiZiI6IjJESXRlbXMvV2VhcG9ucy9PbmVIYW5kV2VhcG9ucy9EYWdnZXJzL0RhZ2dlcjJ1bmlxdWUiLCJ3IjoxLCJoIjozLCJzY2FsZSI6MX1d/831b56800f/Dagger2unique.png","levelRequired":30,"baseType":"Flaying Knife","itemClass":3,"sparkline":{"data":[],"totalChange":0},"lowConfidenceSparkline":{"data":[0,0,0,0,0,0,0],"totalChange":0},"implicitModifiers":[{"text":"30% increased Global Critical Strike Chance","optional":false},{"text":"Item sells for much more to vendors","optional":true}],"explicitModifiers":[{"text":"+25 to Strength","optional":false},{"text":"(80-100)% increased Physical Damage","optional":false},{"text":"Adds 12 to 24 Physical Damage","optional":false},{"text":"+10 Life gained for each Enemy hit by Attacks","optional":true},{"text":"Gain 10 Life per Enemy Hit by Attacks","optional":true},{"text":"Gramts 10 Life per Enemy Hit","optional":true},{"text":"Grants 10 Life per Enemy Hit","optional":false}],"flavourText":"A mighty beast, a lavish feast.","itemType":"Dagger","chaosValue":3.00,"exaltedValue":0,"divineValue":0,"count":1,"detailsId":"mightflay-flaying-knife","tradeInfo":[],"listingCount":178},{"id":831,"name":"Mortem Morsu","icon":"https://web.poecdn.com/gen/image/WzI1LDE0LHsiZiI6IjJESXRlbXMvV2VhcG9ucy9PbmVIYW5kV2VhcG9ucy9DbGF3cy9DbGF3OHVuaXF1ZSIsInciOjIsImgiOjIsInNjYWxlIjoxfV0/7294efb794/Claw8unique.png","levelRequired":34,"baseType":"Fright Claw","itemClass":3,"sparkline":{"data":[],"totalChange":0},"lowConfidenceSparkline":{"data":[0,0,0,0,0,0,0],"totalChange":0},"implicitModifiers":[{"text":"+20 Life gained for each Enemy hit by Attacks","optional":true},{"text":"(1.2-2)% of Physical Attack Damage Leeched as Life","optional":true},{"text":"Gain 20 Life per Enemy Hit by Attacks","optional":true},{"text":"Gramts 20 Life per Enemy Hit","optional":true},{"text":"Grants 20 Life per Enemy Hit","optional":true}],"explicitModifiers":[{"text":"(75-100)% increased Physical Damage","optional":false},{"text":"20% increased Attack Speed","optional":false},{"text":"25% increased Critical Strike Chance","optional":false},{"text":"+(25-40)% to Global Critical Strike Multiplier","optional":false},{"text":"(10-20)% of Physical Damage Converted to Chaos Damage","optional":false},{"text":"Poisonous Hit","optional":true},{"text":"25% reduced Enemy Stun Threshold with this Weapon","optional":false},{"text":"60% chance to Poison on Hit","optional":true}],"flavourText":"Fear blisters the heart and thins the blood.\nFear squeezes lungs and sets the guts to fester.\nFear is the wound left untended.","itemType":"Claw","chaosValue":3.00,"exaltedValue":0,"divineValue":0,"count":2,"detailsId":"mortem-morsu-fright-claw","tradeInfo":[],"listingCount":218},{"id":1879,"name":"Widowmaker","icon":"https://web.poecdn.com/gen/image/WzI1LDE0LHsiZiI6IjJESXRlbXMvV2VhcG9ucy9PbmVIYW5kV2VhcG9ucy9EYWdnZXJzL1dpZG93bWFrZXIiLCJ3IjoxLCJoIjozLCJzY2FsZSI6MX1d/c581a2aec4/Widowmaker.png","levelRequired":44,"baseType":"Boot Blade","itemClass":3,"sparkline":{"data":[],"totalChange":0},"lowConfidenceSparkline":{"data":[0,0,0,0,0,0,0],"totalChange":0},"implicitModifiers":[{"text":"30% increased Global Critical Strike Chance","optional":false},{"text":"Item sells for much more to vendors","optional":true}],"explicitModifiers":[{"text":"Adds (15-40) to (35-60) Physical Damage","optional":false},{"text":"(22-30)% increased Critical Strike Chance","optional":false},{"text":"+(30-40)% to Global Critical Strike Multiplier","optional":false},{"text":"100% increased Critical Strike Chance against Enemies on Full Life","optional":false},{"text":"1% of Attack Damage Leeched as Life on Critical Strike","optional":false}],"flavourText":"Love only death\nFor she shall never let you go.","itemType":"Dagger","chaosValue":3.00,"exaltedValue":0,"divineValue":0,"count":1,"detailsId":"widowmaker-boot-blade","tradeInfo":[],"listingCount":244},{"id":21588,"name":"Sign of the Sin Eater","icon":"https://web.poecdn.com/gen/image/WzI1LDE0LHsiZiI6IjJESXRlbXMvV2VhcG9ucy9PbmVIYW5kV2VhcG9ucy9TY2VwdGVycy9TY2VwdGVyT2ZTdWZmZXJpbmciLCJ3IjoyLCJoIjozLCJzY2FsZSI6MX1d/49a06d1a23/ScepterOfSuffering.png","levelRequired":58,"baseType":"Tyrant's Sekhem","itemClass":3,"sparkline":{"data":[],"totalChange":0},"lowConfidenceSparkline":{"data":[0,0,0,0,0,0,0],"totalChange":0},"implicitModifiers":[{"text":"26% increased Elemental Damage","optional":false}],"explicitModifiers":[{"text":"Grants Level 30 Smite Skill","optional":false},{"text":"+(10-30) to Strength and Intelligence","optional":false},{"text":"Enemies inflict Elemental Ailments on you instead of nearby Allies","optional":false}],"flavourText":"A secret few among the Templars grant absolution by bearing the guilt of others.","itemType":"One Handed Mace","chaosValue":3.00,"exaltedValue":0,"divineValue":0,"count":1,"detailsId":"sign-of-the-sin-eater-tyrants-sekhem","tradeInfo":[],"listingCount":22},{"id":743,"name":"Lifesprig","icon":"https://web.poecdn.com/gen/image/WzI1LDE0LHsiZiI6IjJESXRlbXMvV2VhcG9ucy9PbmVIYW5kV2VhcG9ucy9XYW5kcy9MaWZlU3ByaWciLCJ3IjoxLCJoIjozLCJzY2FsZSI6MX1d/8e97a1d808/LifeSprig.png","baseType":"Driftwood Wand","itemClass":3,"sparkline":{"data":[],"totalChange":0},"lowConfidenceSparkline":{"data":[0,0,-4.55,-4.55,-4.55,-4.55,-4.55],"totalChange":-4.55},"implicitModifiers":[{"text":"(8-12)% increased Spell Damage","optional":false}],"explicitModifiers":[{"text":"+1 to Level of Socketed Spell Gems","optional":false},{"text":"(20-28)% increased Spell Damage","optional":false},{"text":"(5-8)% increased Cast Speed","optional":false},{"text":"+(15-20) to maximum Life","optional":false},{"text":"+(15-20) to maximum Mana","optional":false},{"text":"Regenerate (6-8) Life over 1 second when you Cast a Spell","optional":false}],"flavourText":"From the smallest seeds\nTo the tallest redwoods,\nLife endures in Wraeclast.","itemType":"Wand","chaosValue":2.10,"exaltedValue":0,"divineValue":0,"count":2,"detailsId":"lifesprig-driftwood-wand","tradeInfo":[],"listingCount":731},{"id":12,"name":"Abberath's Horn","icon":"https://web.poecdn.com/gen/image/WzI1LDE0LHsiZiI6IjJESXRlbXMvV2VhcG9ucy9PbmVIYW5kV2VhcG9ucy9XYW5kcy9XeWNodmVyZ2UiLCJ3IjoxLCJoIjozLCJzY2FsZSI6MX1d/ea4dd8a801/Wychverge.png","levelRequired":6,"baseType":"Goat's Horn","itemClass":3,"sparkline":{"data":[],"totalChange":0},"lowConfidenceSparkline":{"data":[0,0,0,0,0,0,0],"totalChange":0},"implicitModifiers":[{"text":"(9-14)% increased Spell Damage","optional":true},{"text":"Adds (1-2) to (3-4) Fire Damage to Spells and Attacks","optional":true}],"explicitModifiers":[{"text":"(20-30)% increased Fire Damage","optional":false},{"text":"Adds (4-6) to (8-12) Fire Damage to Spells","optional":false},{"text":"(40-60)% increased Global Critical Strike Chance","optional":false},{"text":"Gain 10 Life per Ignited Enemy Killed","optional":false},{"text":"+10 Life gained on Killing Ignited Enemies","optional":true},{"text":"25% reduced Ignite Duration on Enemies","optional":false}],"flavourText":"The Goat King drank the smoke and ate the flames\nas his ruin spread across the land.","itemType":"Wand","chaosValue":2.00,"exaltedValue":0,"divineValue":0,"count":1,"detailsId":"abberaths-horn-goats-horn","tradeInfo":[],"listingCount":436},{"id":162,"name":"Bitterdream","icon":"https://web.poecdn.com/gen/image/WzI1LDE0LHsiZiI6IjJESXRlbXMvV2VhcG9ucy9PbmVIYW5kV2VhcG9ucy9TY2VwdGVycy9zY2VwdGVyOHVuaXF1ZTIiLCJ3IjoyLCJoIjozLCJzY2FsZSI6MX1d/085f7726de/scepter8unique2.png","levelRequired":32,"baseType":"Shadow Sceptre","itemClass":3,"sparkline":{"data":[],"totalChange":0},"lowConfidenceSparkline":{"data":[0,0,0,0,0,0,0],"totalChange":0},"implicitModifiers":[{"text":"(15-30)% increased Elemental Damage","optional":false},{"text":"Item sells for much more to vendors","optional":true}],"explicitModifiers":[{"text":"Socketed Gems are Supported by Level (1-15) Bonechill","optional":true},{"text":"Socketed Gems are Supported by Level (1-15) Hypothermia","optional":false},{"text":"Socketed Gems are Supported by Level (1-15) Ice Bite","optional":false},{"text":"Socketed Gems are Supported by Level 1 Mana Leech","optional":true},{"text":"Socketed Gems are Supported by Level (1-15) Cold Penetration","optional":false},{"text":"Socketed Gems are Supported by Level (10-15) Added Cold Damage","optional":false},{"text":"Socketed Gems are Supported by Level (1-15) Inspiration","optional":false}],"flavourText":"Fight not the cold\nForsake hope\nBe still.","itemType":"One Handed Mace","chaosValue":2.00,"exaltedValue":0,"divineValue":0,"count":1,"detailsId":"bitterdream-shadow-sceptre","tradeInfo":[],"listingCount":216},{"id":343,"name":"Cybil's Paw","icon":"https://web.poecdn.com/gen/image/WzI1LDE0LHsiZiI6IjJESXRlbXMvV2VhcG9ucy9PbmVIYW5kV2VhcG9ucy9DbGF3cy9DeWJpbHNDbGF3IiwidyI6MiwiaCI6Miwic2NhbGUiOjF9XQ/6da52a7519/CybilsClaw.png","levelRequired":37,"baseType":"Thresher Claw","itemClass":3,"sparkline":{"data":[],"totalChange":0},"lowConfidenceSparkline":{"data":[null,0,0,0,0,0,0],"totalChange":0},"implicitModifiers":[{"text":"+(15-25) Life gained for each Enemy hit by Attacks","optional":true},{"text":"Gain (15-25) Life per Enemy Hit by Attacks","optional":true},{"text":"Grants (15-25) Life per Enemy Hit","optional":false},{"text":"Gramts (15-25) Life per Enemy Hit","optional":true},{"text":"Item sells for much more to vendors","optional":true}],"explicitModifiers":[{"text":"(8-20)% increased Cast Speed","optional":false},{"text":"+(30-40) to maximum Mana","optional":false},{"text":"+(5-8) Life gained for each Enemy hit by your Spells","optional":true},{"text":"Gain (5-20) Life per Enemy Hit with Spells","optional":false},{"text":"(6-8)% increased Spell Damage per 5% Chance to Block Attack Damage","optional":false}],"flavourText":"Tread lightly, lest their vigil find you.\nSpeak softly, lest their reason fend you.\nCut gently, lest their spirit haunt you.","itemType":"Claw","chaosValue":2.00,"exaltedValue":0,"divineValue":0,"count":1,"detailsId":"cybils-paw-thresher-claw","tradeInfo":[],"listingCount":182},{"id":524,"name":"Fencoil","icon":"https://web.poecdn.com/gen/image/WzI1LDE0LHsiZiI6IjJESXRlbXMvV2VhcG9ucy9Ud29IYW5kV2VhcG9ucy9TdGF2ZXMvU3RhZmYxdW5pcXVlIiwidyI6MSwiaCI6NCwic2NhbGUiOjF9XQ/cff9022931/Staff1unique.png","baseType":"Gnarled Branch","itemClass":3,"sparkline":{"data":[],"totalChange":0},"lowConfidenceSparkline":{"data":[0,0,0,0,0,0,0],"totalChange":0},"implicitModifiers":[{"text":"+(12-18)% Chance to Block Attack Damage while wielding a Staff","optional":false}],"explicitModifiers":[{"text":"Socketed Gems are Supported by Level 8 Trap","optional":false},{"text":"(40-50)% increased Global Damage","optional":false},{"text":"(10-20)% increased maximum Life","optional":false},{"text":"(10-20)% increased maximum Mana","optional":false}],"flavourText":"You've no reason for fear when you're a root in a fen\n- Old Ezomyte saying.","itemType":"Staff","chaosValue":2.00,"exaltedValue":0,"divineValue":0,"count":1,"detailsId":"fencoil-gnarled-branch","tradeInfo":[],"listingCount":462},{"id":557,"name":"Geofri's Baptism","icon":"https://web.poecdn.com/gen/image/WzI1LDE0LHsiZiI6IjJESXRlbXMvV2VhcG9ucy9Ud29IYW5kV2VhcG9ucy9Ud29IYW5kTWFjZXMvVHdvSGFuZE1hY2U3VW5pcXVlIiwidyI6MiwiaCI6NCwic2NhbGUiOjF9XQ/378419527e/TwoHandMace7Unique.png","levelRequired":27,"baseType":"Brass Maul","itemClass":3,"sparkline":{"data":[],"totalChange":0},"lowConfidenceSparkline":{"data":[0,0,0,0,0,-13.04,-13.04],"totalChange":-13.04},"implicitModifiers":[{"text":"(20-30)% increased Stun Duration on Enemies","optional":false}],"explicitModifiers":[{"text":"200% increased Physical Damage","optional":false},{"text":"Adds 11 to 23 Cold Damage","optional":false},{"text":"(10-20)% increased Stun Duration on Enemies","optional":false},{"text":"Never deal Critical Strikes","optional":false}],"flavourText":"\"One quick tap is all the persuasion you'll need.\"\n- Archbishop Geofri of Phrecia Cathedral","itemType":"Two Handed Mace","chaosValue":2.00,"exaltedValue":0,"divineValue":0,"count":1,"detailsId":"geofris-baptism-brass-maul","tradeInfo":[],"listingCount":362},{"id":659,"name":"Ichimonji","icon":"https://web.poecdn.com/gen/image/WzI1LDE0LHsiZiI6IjJESXRlbXMvV2VhcG9ucy9PbmVIYW5kV2VhcG9ucy9PbmVIYW5kU3dvcmRzL0JsYWRlT2ZWYXN0cmkiLCJ3IjoxLCJoIjozLCJzY2FsZSI6MX1d/a01d200e74/BladeOfVastri.png","levelRequired":58,"baseType":"Corsair Sword","itemClass":3,"sparkline":{"data":[],"totalChange":0},"lowConfidenceSparkline":{"data":[0,0,0,0,0,0,0],"totalChange":0},"implicitModifiers":[{"text":"(18-40)% increased Global Accuracy Rating","optional":false},{"text":"Item sells for much more to vendors","optional":true}],"explicitModifiers":[{"text":"(60-95)% increased Physical Damage","optional":false},{"text":"Adds (5-10) to (13-20) Physical Damage","optional":false},{"text":"(10-25)% increased Attack Speed","optional":false},{"text":"10% increased Effect of Buffs on you","optional":false},{"text":"5% reduced Mana Reserved","optional":true},{"text":"5% reduced Reservation of Skills","optional":true},{"text":"10% increased Mana Reservation Efficiency of Skills","optional":false},{"text":"Allies' Aura Buffs do not affect you","optional":false},{"text":"Your Aura Buffs do not affect allies","optional":false}],"flavourText":"Master yourself before you seek to master others.","itemType":"One Handed Sword","chaosValue":2.00,"exaltedValue":0,"divineValue":0,"count":1,"detailsId":"ichimonji-corsair-sword","tradeInfo":[],"listingCount":85},{"id":276,"name":"Clayshaper","icon":"https://web.poecdn.com/gen/image/WzI1LDE0LHsiZiI6IjJESXRlbXMvV2VhcG9ucy9PbmVIYW5kV2VhcG9ucy9PbmVIYW5kTWFjZXMvQ2xheVNoYXBlciIsInciOjIsImgiOjMsInNjYWxlIjoxfV0/9224ab6497/ClayShaper.png","levelRequired":41,"baseType":"Rock Breaker","itemClass":3,"sparkline":{"data":[],"totalChange":0},"lowConfidenceSparkline":{"data":[0,-64.10,-64.10,-64.10,-69.23,-69.23,-69.23],"totalChange":-69.23},"implicitModifiers":[{"text":"(15-18)% reduced Enemy Stun Threshold","optional":true},{"text":"(40-45)% increased Stun Duration on Enemies","optional":true}],"explicitModifiers":[{"text":"Grants Level 12 Summon Stone Golem Skill","optional":false},{"text":"Adds (24-30) to (34-40) Physical Damage","optional":false},{"text":"(8-10)% increased Attack Speed","optional":false},{"text":"Minions have (20-30)% increased maximum Life","optional":true},{"text":"+1 to maximum number of Summoned Golems","optional":false},{"text":"+1 to maximum number of Golems","optional":true},{"text":"Golems have (96-120) to (132-160) Added Attack Physical Damage","optional":true},{"text":"Minions' Attacks deal (5-8) to (12-16) additional Physical Damage","optional":true},{"text":"Minions deal (5-8) to (12-16) Added Attack Physical Damage","optional":true},{"text":"Minions deal (5-8) to (12-16) additional Attack Physical Damage","optional":true}],"flavourText":"There is nothing, flesh, spirit, or stone\nFree from our hunger for dominion.","itemType":"One Handed Mace","chaosValue":1.20,"exaltedValue":0,"divineValue":0,"count":2,"detailsId":"clayshaper-rock-breaker","tradeInfo":[],"listingCount":188},{"id":1314,"name":"Sire of Shards","icon":"https://web.poecdn.com/gen/image/WzI1LDE0LHsiZiI6IjJESXRlbXMvV2VhcG9ucy9Ud29IYW5kV2VhcG9ucy9TdGF2ZXMvUmFkaWVuY2UiLCJ3IjoyLCJoIjo0LCJzY2FsZSI6MX1d/229388b736/Radience.png","levelRequired":49,"baseType":"Serpentine Staff","itemClass":3,"sparkline":{"data":[],"totalChange":0},"lowConfidenceSparkline":{"data":[0,0,0,0,0,0,0],"totalChange":0},"implicitModifiers":[{"text":"+(18-20)% Chance to Block Attack Damage while wielding a Staff","optional":false}],"explicitModifiers":[{"text":"Socketed Gems fire 4 additional Projectiles","optional":false},{"text":"Socketed Gems fire Projectiles in a circle","optional":false},{"text":"+(15-20) to all Attributes","optional":false},{"text":"+(5-7)% to all Elemental Resistances","optional":false},{"text":"(60-100)% increased Projectile Damage","optional":false},{"text":"20% increased Light Radius","optional":false}],"flavourText":"That which was broken may yet break.","itemType":"Staff","chaosValue":1.00,"exaltedValue":0,"divineValue":0,"count":1,"detailsId":"sire-of-shards-serpentine-staff","tradeInfo":[],"listingCount":183}]}