{"lines":[],"currencyDetails":[{"id":1,"icon":"https://web.poecdn.com/gen/image/WzI1LDE0LHsiZiI6IjJESXRlbXMvQ3VycmVuY3kvQ3VycmVuY3lSZXJvbGxSYXJlIiwidyI6MSwiaCI6MSwic2NhbGUiOjF9XQ/d119a0d734/CurrencyRerollRare.png","name":"Chaos Orb","tradeId":"chaos"},{"id":2,"icon":"https://web.poecdn.com/gen/image/WzI1LDE0LHsiZiI6IjJESXRlbXMvQ3VycmVuY3kvQ3VycmVuY3lBZGRNb2RUb1JhcmUiLCJ3IjoxLCJoIjoxLCJzY2FsZSI6MX1d/b102771c23/CurrencyAddModToRare.png","name":"Exalted Orb","tradeId":"exalted"},{"id":3,"icon":"https://web.poecdn.com/gen/image/WzI1LDE0LHsiZiI6IjJESXRlbXMvQ3VycmVuY3kvQ3VycmVuY3lNb2RWYWx1ZXMiLCJ3IjoxLCJoIjoxLCJzY2FsZSI6MX1d/e1a54ff97d/CurrencyModValues.png","name":"Divine Orb","tradeId":"divine"},{"id":4,"icon":"https://web.poecdn.com/gen/image/WzI1LDE0LHsiZiI6IjJESXRlbXMvQ3VycmVuY3kvQ3VycmVuY3lVcGdyYWRlVG9SYXJlIiwidyI6MSwiaCI6MSwic2NhbGUiOjF9XQ/f0dc27cd7c/CurrencyUpgradeToRare.png","name":"Orb of Alchemy","tradeId":"alch"},{"id":5,"icon":"https://web.poecdn.com/gen/image/WzI1LDE0LHsiZiI6IjJESXRlbXMvQ3VycmVuY3kvQ3VycmVuY3lSZXJvbGxTb2NrZXRMaW5rcyIsInciOjEsImgiOjEsInNjYWxlIjoxfV0/f38529edfc/CurrencyRerollSocketLinks.png","name":"Orb of Fusing","tradeId":"fusing"},{"id":6,"icon":"https://web.poecdn.com/gen/image/WzI1LDE0LHsiZiI6IjJESXRlbXMvQ3VycmVuY3kvQ3VycmVuY3lSZXJvbGxNYWdpYyIsInciOjEsImgiOjEsInNjYWxlIjoxfV0/28212545fd/CurrencyRerollMagic.png","name":"Orb of Alteration","tradeId":"alt"},{"id":7,"icon":"https://web.poecdn.com/gen/image/WzI1LDE0LHsiZiI6IjJESXRlbXMvQ3VycmVuY3kvQ3VycmVuY3lVcGdyYWRlTWFnaWNUb1JhcmUiLCJ3IjoxLCJoIjoxLCJzY2FsZSI6MX1d/898378b439/CurrencyUpgradeMagicToRare.png","name":"Regal Orb","tradeId":"regal"},{"id":8,"icon":"https://web.poecdn.com/gen/image/WzI1LDE0LHsiZiI6IjJESXRlbXMvQ3VycmVuY3kvQ3VycmVuY3lWYWFsIiwidyI6MSwiaCI6MSwic2NhbGUiOjF9XQ/304f775089/CurrencyVaal.png","name":"Vaal Orb","tradeId":"vaal"},{"id":9,"icon":"https://web.poecdn.com/gen/image/WzI1LDE0LHsiZiI6IjJESXRlbXMvQ3VycmVuY3kvQ3VycmVuY3lQYXNzaXZlU2tpbGxSZWZ1bmQiLCJ3IjoxLCJoIjoxLCJzY2FsZSI6MX1d/6b8ab3ff07/CurrencyPassiveSkillRefund.png","name":"Orb of Regret","tradeId":"regret"},{"id":10,"icon":"https://web.poecdn.com/gen/image/WzI1LDE0LHsiZiI6IjJESXRlbXMvQ3VycmVuY3kvQ3VycmVuY3lNYXBRdWFsaXR5IiwidyI6MSwiaCI6MSwic2NhbGUiOjF9XQ/c83c35bed5/CurrencyMapQuality.png","name":"Cartographer's Chisel","tradeId":"chisel"},{"id":11,"icon":"https://web.poecdn.com/gen/image/WzI1LDE0LHsiZiI6IjJESXRlbXMvQ3VycmVuY3kvQ3VycmVuY3lSZXJvbGxTb2NrZXROdW1iZXJzIiwidyI6MSwiaCI6MSwic2NhbGUiOjF9XQ/685633cb14/CurrencyRerollSocketNumbers.png","name":"Jeweller's Orb","tradeId":"jewellers"},{"id":12,"icon":"https://web.poecdn.com/gen/image/WzI1LDE0LHsiZiI6IjJESXRlbXMvQ3VycmVuY3kvQW5jZXN0b3JzL05hdmFsaUNvaW4iLCJ3IjoxLCJoIjoxLCJzY2FsZSI6MX1d/947d9b0b5b/NavaliCoin.png","name":"Silver Coin"},{"id":13,"icon":"https://web.poecdn.com/gen/image/WzI1LDE0LHsiZiI6IjJESXRlbXMvQ3VycmVuY3kvQ3VycmVuY3lDb2luIiwidyI6MSwiaCI6MSwic2NhbGUiOjF9XQ/32ca6f562d/CurrencyCoin.png","name":"Perandus Coin"},{"id":14,"icon":"https://web.poecdn.com/gen/image/WzI1LDE0LHsiZiI6IjJESXRlbXMvQ3VycmVuY3kvQ3VycmVuY3lDb252ZXJ0VG9Ob3JtYWwiLCJ3IjoxLCJoIjoxLCJzY2FsZSI6MX1d/6953e90545/CurrencyConvertToNormal.png","name":"Orb of Scouring","tradeId":"scour"},{"id":15,"icon":"https://web.poecdn.com/gen/image/WzI1LDE0LHsiZiI6IjJESXRlbXMvQ3VycmVuY3kvQ3VycmVuY3lHZW1RdWFsaXR5IiwidyI6MSwiaCI6MSwic2NhbGUiOjF9XQ/1be1273b91/CurrencyGemQuality.png","name":"Gemcutter's Prism","tradeId":"gcp"},{"id":16,"icon":"https://web.poecdn.com/gen/image/WzI1LDE0LHsiZiI6IjJESXRlbXMvQ3VycmVuY3kvQ3VycmVuY3lVcGdyYWRlUmFuZG9tbHkiLCJ3IjoxLCJoIjoxLCJzY2FsZSI6MX1d/eaeece27be/CurrencyUpgradeRandomly.png","name":"Orb of Chance","tradeId":"chance"},{"id":17,"icon":"https://web.poecdn.com/gen/image/WzI1LDE0LHsiZiI6IjJESXRlbXMvQ3VycmVuY3kvQ3VycmVuY3lSZXJvbGxTb2NrZXRDb2xvdXJzIiwidyI6MSwiaCI6MSwic2NhbGUiOjF9XQ/136314c10a/CurrencyRerollSocketColours.png","name":"Chromatic Orb","tradeId":"chrome"},{"id":18,"icon":"https://web.poecdn.com/gen/image/WzI1LDE0LHsiZiI6IjJESXRlbXMvQ3VycmVuY3kvQ3VycmVuY3lJbXBsaWNpdE1vZCIsInciOjEsImgiOjEsInNjYWxlIjoxfV0/c3cbf3e5ab/CurrencyImplicitMod.png","name":"Blessed Orb","tradeId":"blessed"},{"id":19,"icon":"https://web.poecdn.com/gen/image/WzI1LDE0LHsiZiI6IjJESXRlbXMvQ3VycmVuY3kvQ3VycmVuY3lGbGFza1F1YWxpdHkiLCJ3IjoxLCJoIjoxLCJzY2FsZSI6MX1d/8a36dffe11/CurrencyFlaskQuality.png","name":"Glassblower's Bauble","tradeId":"bauble"},{"id":20,"icon":"https://web.poecdn.com/gen/image/WzI1LDE0LHsiZiI6IjJESXRlbXMvQ3VycmVuY3kvQ3VycmVuY3lBZGRNb2RUb01hZ2ljIiwidyI6MSwiaCI6MSwic2NhbGUiOjF9XQ/1a6cb2ad17/CurrencyAddModToMagic.png","name":"Orb of Augmentation","tradeId":"aug"},{"id":21,"icon":"https://web.poecdn.com/gen/image/WzI1LDE0LHsiZiI6IjJESXRlbXMvQ3VycmVuY3kvQ3VycmVuY3lVcGdyYWRlVG9NYWdpYyIsInciOjEsImgiOjEsInNjYWxlIjoxfV0/130762c82d/CurrencyUpgradeToMagic.png","name":"Orb of Transmutation","tradeId":"transmute"},{"id":22,"icon":"https://web.poecdn.com/gen/image/WzI1LDE0LHsiZiI6IjJESXRlbXMvQ3VycmVuY3kvQ3VycmVuY3lEdXBsaWNhdGUiLCJ3IjoxLCJoIjoxLCJzY2FsZSI6MX1d/7111e35254/CurrencyDuplicate.png","name":"Mirror of Kalandra","tradeId":"mirror"},{"id":23,"icon":"https://web.poecdn.com/gen/image/WzI1LDE0LHsiZiI6IjJESXRlbXMvQ3VycmVuY3kvQ3VycmVuY3lJZGVudGlmaWNhdGlvbiIsInciOjEsImgiOjEsInNjYWxlIjoxfV0/3a1e615322/CurrencyIdentification.png","name":"Scroll of Wisdom","tradeId":"wisdom"},{"id":24,"icon":"https://web.poecdn.com/gen/image/WzI1LDE0LHsiZiI6IjJESXRlbXMvQ3VycmVuY3kvQ3VycmVuY3lQb3J0YWwiLCJ3IjoxLCJoIjoxLCJzY2FsZSI6MX1d/a55c72f398/CurrencyPortal.png","name":"Portal Scroll","tradeId":"portal"},{"id":25,"icon":"https://web.poecdn.com/gen/image/WzI1LDE0LHsiZiI6IjJESXRlbXMvQ3VycmVuY3kvQ3VycmVuY3lXZWFwb25RdWFsaXR5IiwidyI6MSwiaCI6MSwic2NhbGUiOjF9XQ/c874e03eb7/CurrencyWeaponQuality.png","name":"Blacksmith's Whetstone","tradeId":"whetstone"},{"id":26,"icon":"https://web.poecdn.com/gen/image/WzI1LDE0LHsiZiI6IjJESXRlbXMvQ3VycmVuY3kvQ3VycmVuY3lBcm1vdXJRdWFsaXR5IiwidyI6MSwiaCI6MSwic2NhbGUiOjF9XQ/0b964e9b9e/CurrencyArmourQuality.png","name":"Armourer's Scrap","tradeId":"scrap"},{"id":27,"icon":"https://web.poecdn.com/gen/image/WzI1LDE0LHsiZiI6IjJESXRlbXMvQ3VycmVuY3kvQ3VycmVuY3lJbXByaW50T3JiIiwidyI6MSwiaCI6MSwic2NhbGUiOjF9XQ/44fe6c2710/CurrencyImprintOrb.png","name":"Eternal Orb","tradeId":"eternal"},{"id":28,"icon":"https://web.poecdn.com/gen/image/WzI1LDE0LHsiZiI6IjJESXRlbXMvTWFwcy9WYWFsMDQiLCJ3IjoxLCJoIjoxLCJzY2FsZSI6MX1d/6c797c0f93/Vaal04.png","name":"Sacrifice at Dusk","tradeId":"dusk"},{"id":29,"icon":"https://web.poecdn.com/gen/image/WzI1LDE0LHsiZiI6IjJESXRlbXMvTWFwcy9WYWFsMDEiLCJ3IjoxLCJoIjoxLCJzY2FsZSI6MX1d/005d9c56bb/Vaal01.png","name":"Sacrifice at Midnight","tradeId":"mid"},{"id":30,"icon":"https://web.poecdn.com/gen/image/WzI1LDE0LHsiZiI6IjJESXRlbXMvTWFwcy9WYWFsMDIiLCJ3IjoxLCJoIjoxLCJzY2FsZSI6MX1d/2e0739455f/Vaal02.png","name":"Sacrifice at Dawn","tradeId":"dawn"},{"id":31,"icon":"https://web.poecdn.com/gen/image/WzI1LDE0LHsiZiI6IjJESXRlbXMvTWFwcy9WYWFsMDMiLCJ3IjoxLCJoIjoxLCJzY2FsZSI6MX1d/85d03a6bbf/Vaal03.png","name":"Sacrifice at Noon","tradeId":"noon"},{"id":32,"icon":"https://web.poecdn.com/gen/image/WzI1LDE0LHsiZiI6IjJESXRlbXMvTWFwcy9VYmVyVmFhbDA0IiwidyI6MSwiaCI6MSwic2NhbGUiOjF9XQ/aa109d2841/UberVaal04.png","name":"Mortal Grief","tradeId":"grie"},{"id":33,"icon":"https://web.poecdn.com/gen/image/WzI1LDE0LHsiZiI6IjJESXRlbXMvTWFwcy9VYmVyVmFhbDAxIiwidyI6MSwiaCI6MSwic2NhbGUiOjF9XQ/0e9822853c/UberVaal01.png","name":"Mortal Rage","tradeId":"rage"},{"id":34,"icon":"https://web.poecdn.com/gen/image/WzI1LDE0LHsiZiI6IjJESXRlbXMvTWFwcy9VYmVyVmFhbDAzIiwidyI6MSwiaCI6MSwic2NhbGUiOjF9XQ/e5a689eea8/UberVaal03.png","name":"Mortal Ignorance","tradeId":"ign"},{"id":35,"icon":"https://web.poecdn.com/gen/image/WzI1LDE0LHsiZiI6IjJESXRlbXMvTWFwcy9VYmVyVmFhbDAyIiwidyI6MSwiaCI6MSwic2NhbGUiOjF9XQ/c2c9f83dcd/UberVaal02.png","name":"Mortal Hope","tradeId":"hope"},{"id":36,"icon":"https://web.poecdn.com/gen/image/WzI1LDE0LHsiZiI6IjJESXRlbXMvTWFwcy9QYWxlQ291cnQwMSIsInciOjEsImgiOjEsInNjYWxlIjoxfV0/daba0781bf/PaleCourt01.png","name":"Eber's Key"},{"id":37,"icon":"https://web.poecdn.com/gen/image/WzI1LDE0LHsiZiI6IjJESXRlbXMvTWFwcy9QYWxlQ291cnQwMiIsInciOjEsImgiOjEsInNjYWxlIjoxfV0/1baf428ff3/PaleCourt02.png","name":"Yriel's Key"},{"id":38,"icon":"https://web.poecdn.com/gen/image/WzI1LDE0LHsiZiI6IjJESXRlbXMvTWFwcy9QYWxlQ291cnQwMyIsInciOjEsImgiOjEsInNjYWxlIjoxfV0/5b6b188262/PaleCourt03.png","name":"Inya's Key"},{"id":39,"icon":"https://web.poecdn.com/gen/image/WzI1LDE0LHsiZiI6IjJESXRlbXMvTWFwcy9QYWxlQ291cnQwNCIsInciOjEsImgiOjEsInNjYWxlIjoxfV0/0454f6d077/PaleCourt04.png","name":"Volkuur's Key"},{"id":40,"icon":"https://web.poecdn.com/gen/image/WzI1LDE0LHsiZiI6IjJESXRlbXMvTWFwcy9BdGxhc01hcHMvRnJhZ21lbnRIeWRyYSIsInciOjEsImgiOjEsInNjYWxlIjoxfV0/16cec8bced/FragmentHydra.png","name":"Fragment of the Hydra","tradeId":"hydra"},{"id":41,"icon":"https://web.poecdn.com/gen/image/WzI1LDE0LHsiZiI6IjJESXRlbXMvTWFwcy9BdGxhc01hcHMvRnJhZ21lbnRQaG9lbml4IiwidyI6MSwiaCI6MSwic2NhbGUiOjF9XQ/bf64bb03f8/FragmentPhoenix.png","name":"Fragment of the Phoenix","tradeId":"phoenix"},{"id":42,"icon":"https://web.poecdn.com/gen/image/WzI1LDE0LHsiZiI6IjJESXRlbXMvTWFwcy9BdGxhc01hcHMvRnJhZ21lbnRNaW5vdGF1ciIsInciOjEsImgiOjEsInNjYWxlIjoxfV0/a6307f6cc9/FragmentMinotaur.png","name":"Fragment of the Minotaur","tradeId":"minot"},{"id":43,"icon":"https://web.poecdn.com/gen/image/WzI1LDE0LHsiZiI6IjJESXRlbXMvTWFwcy9BdGxhc01hcHMvRnJhZ21lbnRDaGltZXJhIiwidyI6MSwiaCI6MSwic2NhbGUiOjF9XQ/df51d0bd7a/FragmentChimera.png","name":"Fragment of the Chimera","tradeId":"chimer"},{"id":44,"icon":"https://web.poecdn.com/gen/image/WzI1LDE0LHsiZiI6IjJESXRlbXMvTWFwcy9MYWJ5cmludGgiLCJ3IjoxLCJoIjoxLCJzY2FsZSI6MX1d/fb891dc265/Labyrinth.png","name":"Offering to the Goddess","tradeId":"offer"},{"id":45,"icon":"https://web.poecdn.com/gen/image/WzI1LDE0LHsiZiI6IjJESXRlbXMvRGl2aW5hdGlvbi9EZWNrIiwidyI6MSwiaCI6MSwic2NhbGUiOjF9XQ/962aa0e620/Deck.png","name":"Stacked Deck","tradeId":"stacked-deck"},{"id":46,"icon":"https://web.poecdn.com/gen/image/WzI1LDE0LHsiZiI6IjJESXRlbXMvQ3VycmVuY3kvQXRsYXNSYWRpdXNUaWVyMSIsInciOjEsImgiOjEsInNjYWxlIjoxfV0/0c00e7167c/AtlasRadiusTier1.png","name":"Simple Sextant"},{"id":47,"icon":"https://web.poecdn.com/gen/image/WzI1LDE0LHsiZiI6IjJESXRlbXMvQ3VycmVuY3kvQXRsYXNSYWRpdXNUaWVyMiIsInciOjEsImgiOjEsInNjYWxlIjoxfV0/cffbaa5a94/AtlasRadiusTier2.png","name":"Prime Sextant"},{"id":48,"icon":"https://web.poecdn.com/gen/image/WzI1LDE0LHsiZiI6IjJESXRlbXMvQ3VycmVuY3kvQXRsYXNSYWRpdXNUaWVyMyIsInciOjEsImgiOjEsInNjYWxlIjoxfV0/07377648d7/AtlasRadiusTier3.png","name":"Awakened Sextant","tradeId":"awakened-sextant"},{"id":49,"icon":"https://web.poecdn.com/gen/image/WzI1LDE0LHsiZiI6IjJESXRlbXMvQ3VycmVuY3kvU2VhbFdoaXRlIiwidyI6MSwiaCI6MSwic2NhbGUiOjF9XQ/b17568d971/SealWhite.png","name":"Apprentice Cartographer's Seal"},{"id":50,"icon":"https://web.poecdn.com/gen/image/WzI1LDE0LHsiZiI6IjJESXRlbXMvQ3VycmVuY3kvU2VhbFllbGxvdyIsInciOjEsImgiOjEsInNjYWxlIjoxfV0/853dd2f453/SealYellow.png","name":"Journeyman Cartographer's Seal"},{"id":51,"icon":"https://web.poecdn.com/gen/image/WzI1LDE0LHsiZiI6IjJESXRlbXMvQ3VycmVuY3kvU2VhbFJlZCIsInciOjEsImgiOjEsInNjYWxlIjoxfV0/19547bcaf5/SealRed.png","name":"Master Cartographer's Seal"},{"id":52,"name":"Sacrifice Set","tradeId":"sacrifice-set"},{"id":53,"name":"Mortal Set","tradeId":"mortal-set"},{"id":54,"name":"Pale Court Set"},{"id":55,"name":"Shaper Set"},{"id":56,"icon":"https://web.poecdn.com/gen/image/WzI1LDE0LHsiZiI6IjJESXRlbXMvQ3VycmVuY3kvQnJlYWNoL0JyZWFjaFNoYXJkRmlyZSIsInciOjEsImgiOjEsInNjYWxlIjoxfV0/c0deb5799d/BreachShardFire.png","name":"Splinter of Xoph"},{"id":57,"icon":"https://web.poecdn.com/gen/image/WzI1LDE0LHsiZiI6IjJESXRlbXMvQ3VycmVuY3kvQnJlYWNoL0JyZWFjaFNoYXJkQ29sZCIsInciOjEsImgiOjEsInNjYWxlIjoxfV0/ef894cc215/BreachShardCold.png","name":"Splinter of Tul"},{"id":58,"icon":"https://web.poecdn.com/gen/image/WzI1LDE0LHsiZiI6IjJESXRlbXMvQ3VycmVuY3kvQnJlYWNoL0JyZWFjaFNoYXJkTGlnaHRuaW5nIiwidyI6MSwiaCI6MSwic2NhbGUiOjF9XQ/de619878b0/BreachShardLightning.png","name":"Splinter of Esh"},{"id":59,"icon":"https://web.poecdn.com/gen/image/WzI1LDE0LHsiZiI6IjJESXRlbXMvQ3VycmVuY3kvQnJlYWNoL0JyZWFjaFNoYXJkUGh5c2ljYWwiLCJ3IjoxLCJoIjoxLCJzY2FsZSI6MX1d/310aff1de6/BreachShardPhysical.png","name":"Splinter of Uul-Netol"},{"id":60,"icon":"https://web.poecdn.com/gen/image/WzI1LDE0LHsiZiI6IjJESXRlbXMvQ3VycmVuY3kvQnJlYWNoL0JyZWFjaFNoYXJkQ2hhb3MiLCJ3IjoxLCJoIjoxLCJzY2FsZSI6MX1d/873da59e9c/BreachShardChaos.png","name":"Splinter of Chayula"},{"id":61,"icon":"https://web.poecdn.com/gen/image/WzI1LDE0LHsiZiI6IjJESXRlbXMvQ3VycmVuY3kvQnJlYWNoL0JyZWFjaFVwZ3JhZGVyRmlyZSIsInciOjEsImgiOjEsInNjYWxlIjoxfV0/f9d0f29f08/BreachUpgraderFire.png","name":"Blessing of Xoph","tradeId":"blessing-xoph"},{"id":62,"icon":"https://web.poecdn.com/gen/image/WzI1LDE0LHsiZiI6IjJESXRlbXMvQ3VycmVuY3kvQnJlYWNoL0JyZWFjaFVwZ3JhZGVyQ29sZCIsInciOjEsImgiOjEsInNjYWxlIjoxfV0/3f8a9bbe57/BreachUpgraderCold.png","name":"Blessing of Tul","tradeId":"blessing-tul"},{"id":63,"icon":"https://web.poecdn.com/gen/image/WzI1LDE0LHsiZiI6IjJESXRlbXMvQ3VycmVuY3kvQnJlYWNoL0JyZWFjaFVwZ3JhZGVyTGlnaHRuaW5nIiwidyI6MSwiaCI6MSwic2NhbGUiOjF9XQ/d12318c95b/BreachUpgraderLightning.png","name":"Blessing of Esh","tradeId":"blessing-esh"},{"id":64,"icon":"https://web.poecdn.com/gen/image/WzI1LDE0LHsiZiI6IjJESXRlbXMvQ3VycmVuY3kvQnJlYWNoL0JyZWFjaFVwZ3JhZGVyUGh5c2ljYWwiLCJ3IjoxLCJoIjoxLCJzY2FsZSI6MX1d/7eab2a8de8/BreachUpgraderPhysical.png","name":"Blessing of Uul-Netol","tradeId":"blessing-uul-netol"},{"id":65,"icon":"https://web.poecdn.com/gen/image/WzI1LDE0LHsiZiI6IjJESXRlbXMvQ3VycmVuY3kvQnJlYWNoL0JyZWFjaFVwZ3JhZGVyQ2hhb3MiLCJ3IjoxLCJoIjoxLCJzY2FsZSI6MX1d/5542f2ce9a/BreachUpgraderChaos.png","name":"Blessing of Chayula","tradeId":"blessing-chayula"},{"id":66,"icon":"https://web.poecdn.com/gen/image/WzI1LDE0LHsiZiI6IjJESXRlbXMvQ3VycmVuY3kvQnJlYWNoL0JyZWFjaEZyYWdtZW50c0ZpcmUiLCJ3IjoxLCJoIjoxLCJzY2FsZSI6MX1d/071c4ccc28/BreachFragmentsFire.png","name":"Xoph's Breachstone","tradeId":"xophs-breachstone"},{"id":67,"icon":"https://web.poecdn.com/gen/image/WzI1LDE0LHsiZiI6IjJESXRlbXMvQ3VycmVuY3kvQnJlYWNoL0JyZWFjaEZyYWdtZW50c0NvbGQiLCJ3IjoxLCJoIjoxLCJzY2FsZSI6MX1d/210fc3b508/BreachFragmentsCold.png","name":"Tul's Breachstone","tradeId":"tuls-breachstone"},{"id":68,"icon":"https://web.poecdn.com/gen/image/WzI1LDE0LHsiZiI6IjJESXRlbXMvQ3VycmVuY3kvQnJlYWNoL0JyZWFjaEZyYWdtZW50c0xpZ2h0bmluZyIsInciOjEsImgiOjEsInNjYWxlIjoxfV0/e66ff540ed/BreachFragmentsLightning.png","name":"Esh's Breachstone","tradeId":"eshs-breachstone"},{"id":69,"icon":"https://web.poecdn.com/gen/image/WzI1LDE0LHsiZiI6IjJESXRlbXMvQ3VycmVuY3kvQnJlYWNoL0JyZWFjaEZyYWdtZW50c1BoeXNpY2FsIiwidyI6MSwiaCI6MSwic2NhbGUiOjF9XQ/2ab646ae46/BreachFragmentsPhysical.png","name":"Uul-Netol's Breachstone","tradeId":"uul-breachstone"},{"id":70,"icon":"https://web.poecdn.com/gen/image/WzI1LDE0LHsiZiI6IjJESXRlbXMvQ3VycmVuY3kvQnJlYWNoL0JyZWFjaEZyYWdtZW50c0NoYW9zIiwidyI6MSwiaCI6MSwic2NhbGUiOjF9XQ/04b5c032f4/BreachFragmentsChaos.png","name":"Chayula's Breachstone","tradeId":"chayulas-breachstone"},{"id":71,"icon":"https://web.poecdn.com/gen/image/WzI1LDE0LHsiZiI6IjJESXRlbXMvTWFwcy9WYXVsdE1hcCIsInciOjEsImgiOjEsInNjYWxlIjoxfV0/035e4327dd/VaultMap.png","name":"Ancient Reliquary Key","tradeId":"ancient-reliquary-key"},{"id":72,"icon":"https://web.poecdn.com/gen/image/WzI1LDE0LHsiZiI6IjJESXRlbXMvTWFwcy9TaW5GbGFza0VtcHR5IiwidyI6MSwiaCI6MSwic2NhbGUiOjF9XQ/65ed329fe5/SinFlaskEmpty.png","name":"Divine Vessel","tradeId":"divine-vessel"},{"id":73,"icon":"https://web.poecdn.com/gen/image/WzI1LDE0LHsiZiI6IjJESXRlbXMvQ3VycmVuY3kvQW5udWxsT3JiIiwidyI6MSwiaCI6MSwic2NhbGUiOjF9XQ/88cfdbe1e5/AnnullOrb.png","name":"Orb of Annulment","tradeId":"annul"},{"id":74,"icon":"https://web.poecdn.com/gen/image/WzI1LDE0LHsiZiI6IjJESXRlbXMvQ3VycmVuY3kvQmluZGluZ09yYiIsInciOjEsImgiOjEsInNjYWxlIjoxfV0/66ef64410c/BindingOrb.png","name":"Orb of Binding","tradeId":"orb-of-binding"},{"id":75,"icon":"https://web.poecdn.com/gen/image/WzI1LDE0LHsiZiI6IjJESXRlbXMvQ3VycmVuY3kvSG9yaXpvbk9yYiIsInciOjEsImgiOjEsInNjYWxlIjoxfV0/a48e326c68/HorizonOrb.png","name":"Orb of Horizons","tradeId":"orb-of-horizons"},{"id":76,"icon":"https://web.poecdn.com/gen/image/WzI1LDE0LHsiZiI6IjJESXRlbXMvQ3VycmVuY3kvSGFyYmluZ2VyT3JiIiwidyI6MSwiaCI6MSwic2NhbGUiOjF9XQ/3e31090ea7/HarbingerOrb.png","name":"Harbinger's Orb","tradeId":"harbingers-orb"},{"id":77,"icon":"https://web.poecdn.com/gen/image/WzI1LDE0LHsiZiI6IjJESXRlbXMvQ3VycmVuY3kvRW5naW5lZXJzT3JiIiwidyI6MSwiaCI6MSwic2NhbGUiOjF9XQ/56b41a5ee5/EngineersOrb.png","name":"Engineer's Orb","tradeId":"engineers"},{"id":78,"icon":"https://web.poecdn.com/gen/image/WzI1LDE0LHsiZiI6IjJESXRlbXMvQ3VycmVuY3kvQW5jaWVudE9yYiIsInciOjEsImgiOjEsInNjYWxlIjoxfV0/08feb97abf/AncientOrb.png","name":"Ancient Orb","tradeId":"ancient-orb"},{"id":79,"icon":"https://web.poecdn.com/gen/image/WzI1LDE0LHsiZiI6IjJESXRlbXMvQ3VycmVuY3kvQW5udWxsU2hhcmQiLCJ3IjoxLCJoIjoxLCJzY2FsZSI6MX1d/f7a8a838a6/AnnullShard.png","name":"Annulment Shard"},{"id":80,"icon":"https://web.poecdn.com/gen/image/WzI1LDE0LHsiZiI6IjJESXRlbXMvQ3VycmVuY3kvRXhhbHRlZFNoYXJkIiwidyI6MSwiaCI6MSwic2NhbGUiOjF9XQ/a919870741/ExaltedShard.png","name":"Exalted Shard"},{"id":81,"icon":"https://web.poecdn.com/gen/image/WzI1LDE0LHsiZiI6IjJESXRlbXMvQ3VycmVuY3kvTWlycm9yU2hhcmQiLCJ3IjoxLCJoIjoxLCJzY2FsZSI6MX1d/6604b7aa32/MirrorShard.png","name":"Mirror Shard"},{"id":82,"icon":"https://web.poecdn.com/gen/image/WzI1LDE0LHsiZiI6IjJESXRlbXMvTWFwcy9WYXVsdE1hcDMiLCJ3IjoxLCJoIjoxLCJzY2FsZSI6MX1d/618fdfad67/VaultMap3.png","name":"Timeworn Reliquary Key","tradeId":"timeworn-reliquary-key"},{"id":83,"icon":"https://web.poecdn.com/gen/image/WzI1LDE0LHsiZiI6IjJESXRlbXMvQ3VycmVuY3kvQnJlYWNoL1hvcGhzQ2hhcmdlZEJyZWFjaHN0b25lIiwidyI6MSwiaCI6MSwic2NhbGUiOjF9XQ/f7a05e5bb1/XophsChargedBreachstone.png","name":"Xoph's Charged Breachstone"},{"id":84,"icon":"https://web.poecdn.com/gen/image/WzI1LDE0LHsiZiI6IjJESXRlbXMvQ3VycmVuY3kvQnJlYWNoL0JyZWFjaEZyYWdtZW50c0NvbGQiLCJ3IjoxLCJoIjoxLCJzY2FsZSI6MX1d/210fc3b508/BreachFragmentsCold.png","name":"Tul's Charged Breachstone"},{"id":85,"icon":"https://web.poecdn.com/gen/image/WzI1LDE0LHsiZiI6IjJESXRlbXMvQ3VycmVuY3kvQnJlYWNoL0VzaHNDaGFyZ2VkQnJlYWNoc3RvbmUiLCJ3IjoxLCJoIjoxLCJzY2FsZSI6MX1d/19eeb5a053/EshsChargedBreachstone.png","name":"Esh's Charged Breachstone"},{"id":86,"icon":"https://web.poecdn.com/gen/image/WzI1LDE0LHsiZiI6IjJESXRlbXMvQ3VycmVuY3kvQnJlYWNoL1V1bE5ldG9sc0NoYXJnZWRCcmVhY2hzdG9uZSIsInciOjEsImgiOjEsInNjYWxlIjoxfV0/15e85c9e85/UulNetolsChargedBreachstone.png","name":"Uul-Netol's Charged Breachstone"},{"id":87,"icon":"https://web.poecdn.com/gen/image/WzI1LDE0LHsiZiI6IjJESXRlbXMvQ3VycmVuY3kvQnJlYWNoL0NoYXl1bGFzQ2hhcmdlZEJyZWFjaHN0b25lIiwidyI6MSwiaCI6MSwic2NhbGUiOjF9XQ/df8ac77370/ChayulasChargedBreachstone.png","name":"Chayula's Charged Breachstone"},{"id":88,"icon":"https://web.poecdn.com/gen/image/WzI1LDE0LHsiZiI6IjJESXRlbXMvQ3VycmVuY3kvQnJlYWNoL1hvcGhzRW5yaWNoZWRCcmVhY2hzdG9uZSIsInciOjEsImgiOjEsInNjYWxlIjoxfV0/cc980d1aa4/XophsEnrichedBreachstone.png","name":"Xoph's Enriched Breachstone"},{"id":89,"icon":"https://web.poecdn.com/gen/image/WzI1LDE0LHsiZiI6IjJESXRlbXMvQ3VycmVuY3kvQnJlYWNoL1R1bHNFbnJpY2hlZEJyZWFjaHN0b25lIiwidyI6MSwiaCI6MSwic2NhbGUiOjF9XQ/e3f127ab77/TulsEnrichedBreachstone.png","name":"Tul's Enriched Breachstone"},{"id":90,"icon":"https://web.poecdn.com/gen/image/WzI1LDE0LHsiZiI6IjJESXRlbXMvQ3VycmVuY3kvQnJlYWNoL0VzaHNFbnJpY2hlZEJyZWFjaHN0b25lIiwidyI6MSwiaCI6MSwic2NhbGUiOjF9XQ/fbc839157e/EshsEnrichedBreachstone.png","name":"Esh's Enriched Breachstone"},{"id":91,"icon":"https://web.poecdn.com/gen/image/WzI1LDE0LHsiZiI6IjJESXRlbXMvQ3VycmVuY3kvQnJlYWNoL1V1bE5ldG9sc0VucmljaGVkQnJlYWNoc3RvbmUiLCJ3IjoxLCJoIjoxLCJzY2FsZSI6MX1d/7aca605592/UulNetolsEnrichedBreachstone.png","name":"Uul-Netol's Enriched Breachstone"},{"id":92,"icon":"https://web.poecdn.com/gen/image/WzI1LDE0LHsiZiI6IjJESXRlbXMvQ3VycmVuY3kvQnJlYWNoL0NoYXl1bGFzRW5yaWNoZWRCcmVhY2hzdG9uZSIsInciOjEsImgiOjEsInNjYWxlIjoxfV0/84053be861/ChayulasEnrichedBreachstone.png","name":"Chayula's Enriched Breachstone"},{"id":93,"icon":"https://web.poecdn.com/gen/image/WzI1LDE0LHsiZiI6IjJESXRlbXMvQ3VycmVuY3kvQnJlYWNoL1hvcGhzUHVyZUJyZWFjaHN0b25lIiwidyI6MSwiaCI6MSwic2NhbGUiOjF9XQ/901eb67c3b/XophsPureBreachstone.png","name":"Xoph's Pure Breachstone"},{"id":94,"icon":"https://web.poecdn.com/gen/image/WzI1LDE0LHsiZiI6IjJESXRlbXMvQ3VycmVuY3kvQnJlYWNoL1R1bHNQdXJlQnJlYWNoc3RvbmUiLCJ3IjoxLCJoIjoxLCJzY2FsZSI6MX1d/3a2c181736/TulsPureBreachstone.png","name":"Tul's Pure Breachstone"},{"id":95,"icon":"https://web.poecdn.com/gen/image/WzI1LDE0LHsiZiI6IjJESXRlbXMvQ3VycmVuY3kvQnJlYWNoL0VzaHNQdXJlQnJlYWNoc3RvbmUiLCJ3IjoxLCJoIjoxLCJzY2FsZSI6MX1d/67717e35a3/EshsPureBreachstone.png","name":"Esh's Pure Breachstone"},{"id":96,"icon":"https://web.poecdn.com/gen/image/WzI1LDE0LHsiZiI6IjJESXRlbXMvQ3VycmVuY3kvQnJlYWNoL1V1bE5ldG9sc1B1cmVCcmVhY2hzdG9uZSIsInciOjEsImgiOjEsInNjYWxlIjoxfV0/e90400edd6/UulNetolsPureBreachstone.png","name":"Uul-Netol's Pure Breachstone"},{"id":97,"icon":"https://web.poecdn.com/gen/image/WzI1LDE0LHsiZiI6IjJESXRlbXMvQ3VycmVuY3kvQnJlYWNoL0NoYXl1bGFzUHVyZUJyZWFjaHN0b25lIiwidyI6MSwiaCI6MSwic2NhbGUiOjF9XQ/990514c659/ChayulasPureBreachstone.png","name":"Chayula's Pure Breachstone"},{"id":98,"icon":"https://web.poecdn.com/gen/image/WzI1LDE0LHsiZiI6IjJESXRlbXMvTWFwcy9LYXJ1aUZyYWdtZW50IiwidyI6MSwiaCI6MSwic2NhbGUiOjF9XQ/f05377f6c7/KaruiFragment.png","name":"Timeless Karui Emblem","tradeId":"timeless-karui-emblem"},{"id":99,"icon":"https://web.poecdn.com/gen/image/WzI1LDE0LHsiZiI6IjJESXRlbXMvTWFwcy9NYXJha2V0aEZyYWdtZW50IiwidyI6MSwiaCI6MSwic2NhbGUiOjF9XQ/7c42d58a5e/MarakethFragment.png","name":"Timeless Maraketh Emblem","tradeId":"timeless-maraketh-emblem"},{"id":100,"icon":"https://web.poecdn.com/gen/image/WzI1LDE0LHsiZiI6IjJESXRlbXMvTWFwcy9FdGVybmFsRW1waXJlRnJhZ21lbnQiLCJ3IjoxLCJoIjoxLCJzY2FsZSI6MX1d/c1776eeb6b/EternalEmpireFragment.png","name":"Timeless Eternal Emblem","tradeId":"timeless-eternal-emblem"},{"id":101,"icon":"https://web.poecdn.com/gen/image/WzI1LDE0LHsiZiI6IjJESXRlbXMvTWFwcy9UZW1wbGFyRnJhZ21lbnQiLCJ3IjoxLCJoIjoxLCJzY2FsZSI6MX1d/e31c7a2a1e/TemplarFragment.png","name":"Timeless Templar Emblem","tradeId":"timeless-templar-emblem"},{"id":102,"icon":"https://web.poecdn.com/gen/image/WzI1LDE0LHsiZiI6IjJESXRlbXMvTWFwcy9WYWFsRnJhZ21lbnQiLCJ3IjoxLCJoIjoxLCJzY2FsZSI6MX1d/7b02499e4e/VaalFragment.png","name":"Timeless Vaal Emblem","tradeId":"timeless-vaal-emblem"},{"id":103,"icon":"https://web.poecdn.com/gen/image/WzI1LDE0LHsiZiI6IjJESXRlbXMvTWFwcy9LYXJ1aVNoYXJkIiwidyI6MSwiaCI6MSwic2NhbGUiOjF9XQ/e9c55ce439/KaruiShard.png","name":"Timeless Karui Splinter"},{"id":104,"icon":"https://web.poecdn.com/gen/image/WzI1LDE0LHsiZiI6IjJESXRlbXMvTWFwcy9NYXJha2V0aFNoYXJkIiwidyI6MSwiaCI6MSwic2NhbGUiOjF9XQ/06ccc00c64/MarakethShard.png","name":"Timeless Maraketh Splinter"},{"id":105,"icon":"https://web.poecdn.com/gen/image/WzI1LDE0LHsiZiI6IjJESXRlbXMvTWFwcy9FdGVybmFsRW1waXJlU2hhcmQiLCJ3IjoxLCJoIjoxLCJzY2FsZSI6MX1d/ee92812083/EternalEmpireShard.png","name":"Timeless Eternal Empire Splinter"},{"id":106,"icon":"https://web.poecdn.com/gen/image/WzI1LDE0LHsiZiI6IjJESXRlbXMvTWFwcy9UZW1wbGFyU2hhcmQiLCJ3IjoxLCJoIjoxLCJzY2FsZSI6MX1d/1c070c1aa4/TemplarShard.png","name":"Timeless Templar Splinter"},{"id":107,"icon":"https://web.poecdn.com/gen/image/WzI1LDE0LHsiZiI6IjJESXRlbXMvTWFwcy9WYWFsU2hhcmQiLCJ3IjoxLCJoIjoxLCJzY2FsZSI6MX1d/02b4b4473c/VaalShard.png","name":"Timeless Vaal Splinter"},{"id":108,"icon":"https://web.poecdn.com/gen/image/WzI1LDE0LHsiZiI6IjJESXRlbXMvTWFwcy9BdGxhc01hcEd1YXJkaWFuRmlyZSIsInciOjEsImgiOjEsInNjYWxlIjoxfV0/6327dee00e/AtlasMapGuardianFire.png","name":"Fragment of Enslavement","tradeId":"fragment-of-enslavement"},{"id":109,"icon":"https://web.poecdn.com/gen/image/WzI1LDE0LHsiZiI6IjJESXRlbXMvTWFwcy9BdGxhc01hcEd1YXJkaWFuTGlnaHRuaW5nIiwidyI6MSwiaCI6MSwic2NhbGUiOjF9XQ/22a9d1257c/AtlasMapGuardianLightning.png","name":"Fragment of Eradication","tradeId":"fragment-of-eradication"},{"id":110,"icon":"https://web.poecdn.com/gen/image/WzI1LDE0LHsiZiI6IjJESXRlbXMvTWFwcy9BdGxhc01hcEd1YXJkaWFuSG9seSIsInciOjEsImgiOjEsInNjYWxlIjoxfV0/ade615a113/AtlasMapGuardianHoly.png","name":"Fragment of Constriction","tradeId":"fragment-of-constriction"},{"id":111,"icon":"https://web.poecdn.com/gen/image/WzI1LDE0LHsiZiI6IjJESXRlbXMvTWFwcy9BdGxhc01hcEd1YXJkaWFuQ2hhb3MiLCJ3IjoxLCJoIjoxLCJzY2FsZSI6MX1d/767832e457/AtlasMapGuardianChaos.png","name":"Fragment of Purification","tradeId":"fragment-of-purification"},{"id":112,"icon":"https://web.poecdn.com/gen/image/WzI1LDE0LHsiZiI6IjJESXRlbXMvTWFwcy9VYmVyRWxkZXIwMyIsInciOjEsImgiOjEsInNjYWxlIjoxfV0/dd71531c9f/UberElder03.png","name":"Fragment of Shape","tradeId":"fragment-of-shape"},{"id":113,"icon":"https://web.poecdn.com/gen/image/WzI1LDE0LHsiZiI6IjJESXRlbXMvTWFwcy9VYmVyRWxkZXIwNCIsInciOjEsImgiOjEsInNjYWxlIjoxfV0/4a2bab8955/UberElder04.png","name":"Fragment of Knowledge","tradeId":"fragment-of-knowledge"},{"id":114,"icon":"https://web.poecdn.com/gen/image/WzI1LDE0LHsiZiI6IjJESXRlbXMvTWFwcy9VYmVyRWxkZXIwMSIsInciOjEsImgiOjEsInNjYWxlIjoxfV0/061cd63c5e/UberElder01.png","name":"Fragment of Terror","tradeId":"fragment-of-terror"},{"id":115,"icon":"https://web.poecdn.com/gen/image/WzI1LDE0LHsiZiI6IjJESXRlbXMvTWFwcy9VYmVyRWxkZXIwMiIsInciOjEsImgiOjEsInNjYWxlIjoxfV0/ced2590995/UberElder02.png","name":"Fragment of Emptiness","tradeId":"fragment-of-emptiness"},{"id":116,"icon":"https://web.poecdn.com/gen/image/WzI1LDE0LHsiZiI6IjJESXRlbXMvQ3VycmVuY3kvVHJhbnNmZXJPcmIiLCJ3IjoxLCJoIjoxLCJzY2FsZSI6MX1d/6db384ea6e/TransferOrb.png","name":"Awakener's Orb"},{"id":117,"icon":"https://web.poecdn.com/gen/image/WzI1LDE0LHsiZiI6IjJESXRlbXMvQ3VycmVuY3kvSW5mbHVlbmNlIEV4YWx0cy9DcnVzYWRlck9yYiIsInciOjEsImgiOjEsInNjYWxlIjoxfV0/0449a66634/CrusaderOrb.png","name":"Crusader's Exalted Orb"},{"id":118,"icon":"https://web.poecdn.com/gen/image/WzI1LDE0LHsiZiI6IjJESXRlbXMvQ3VycmVuY3kvSW5mbHVlbmNlIEV4YWx0cy9FeXJpZU9yYiIsInciOjEsImgiOjEsInNjYWxlIjoxfV0/6157e9ce59/EyrieOrb.png","name":"Redeemer's Exalted Orb"},{"id":119,"icon":"https://web.poecdn.com/gen/image/WzI1LDE0LHsiZiI6IjJESXRlbXMvQ3VycmVuY3kvSW5mbHVlbmNlIEV4YWx0cy9CYXNpbGlza09yYiIsInciOjEsImgiOjEsInNjYWxlIjoxfV0/c17ac5e60c/BasiliskOrb.png","name":"Hunter's Exalted Orb"},{"id":120,"icon":"https://web.poecdn.com/gen/image/WzI1LDE0LHsiZiI6IjJESXRlbXMvQ3VycmVuY3kvSW5mbHVlbmNlIEV4YWx0cy9Db25xdWVyb3JPcmIiLCJ3IjoxLCJoIjoxLCJzY2FsZSI6MX1d/14d882831a/ConquerorOrb.png","name":"Warlord's Exalted Orb"},{"id":121,"icon":"https://web.poecdn.com/gen/image/WzI1LDE0LHsiZiI6IjJESXRlbXMvQ3VycmVuY3kvQ2F0YWx5c3RzL1R1cmJ1bGVudENhdGFseXN0IiwidyI6MSwiaCI6MSwic2NhbGUiOjF9XQ/fc41fe8950/TurbulentCatalyst.png","name":"Turbulent Catalyst","tradeId":"turbulent-catalyst"},{"id":122,"icon":"https://web.poecdn.com/gen/image/WzI1LDE0LHsiZiI6IjJESXRlbXMvQ3VycmVuY3kvQ2F0YWx5c3RzL0ltYnVlZENhdGFseXN0IiwidyI6MSwiaCI6MSwic2NhbGUiOjF9XQ/9053293cf6/ImbuedCatalyst.png","name":"Imbued Catalyst","tradeId":"imbued-catalyst"},{"id":123,"icon":"https://web.poecdn.com/gen/image/WzI1LDE0LHsiZiI6IjJESXRlbXMvQ3VycmVuY3kvQ2F0YWx5c3RzL0FicmFzaXZlQ2F0YWx5c3QiLCJ3IjoxLCJoIjoxLCJzY2FsZSI6MX1d/c4e7f7f379/AbrasiveCatalyst.png","name":"Abrasive Catalyst","tradeId":"abrasive-catalyst"},{"id":124,"icon":"https://web.poecdn.com/gen/image/WzI1LDE0LHsiZiI6IjJESXRlbXMvQ3VycmVuY3kvQ2F0YWx5c3RzL1RlbXBlcmluZ0NhdGFseXN0IiwidyI6MSwiaCI6MSwic2NhbGUiOjF9XQ/7b6277022e/TemperingCatalyst.png","name":"Tempering Catalyst","tradeId":"tempering-catalyst"},{"id":125,"icon":"https://web.poecdn.com/gen/image/WzI1LDE0LHsiZiI6IjJESXRlbXMvQ3VycmVuY3kvQ2F0YWx5c3RzL0ZlcnRpbGVDYXRhbHlzdCIsInciOjEsImgiOjEsInNjYWxlIjoxfV0/4b4ca5d929/FertileCatalyst.png","name":"Fertile Catalyst","tradeId":"fertile-catalyst"},{"id":126,"icon":"https://web.poecdn.com/gen/image/WzI1LDE0LHsiZiI6IjJESXRlbXMvQ3VycmVuY3kvQ2F0YWx5c3RzL1ByaXNtYXRpY0NhdGFseXN0IiwidyI6MSwiaCI6MSwic2NhbGUiOjF9XQ/5e51d41a0e/PrismaticCatalyst.png","name":"Prismatic Catalyst","tradeId":"prismatic-catalyst"},{"id":127,"icon":"https://web.poecdn.com/gen/image/WzI1LDE0LHsiZiI6IjJESXRlbXMvQ3VycmVuY3kvQ2F0YWx5c3RzL0ludHJpbnNpY0NhdGFseXN0IiwidyI6MSwiaCI6MSwic2NhbGUiOjF9XQ/107ffb799e/IntrinsicCatalyst.png","name":"Intrinsic Catalyst","tradeId":"intrinsic-catalyst"},{"id":128,"icon":"https://web.poecdn.com/gen/image/WzI1LDE0LHsiZiI6IjJESXRlbXMvTWFwcy9EZWxpcml1bUZyYWdtZW50IiwidyI6MSwiaCI6MSwic2NhbGUiOjF9XQ/92fba984ee/DeliriumFragment.png","name":"Simulacrum","tradeId":"simulacrum"},{"id":129,"icon":"https://web.poecdn.com/gen/image/WzI1LDE0LHsiZiI6IjJESXRlbXMvTWFwcy9EZWxpcml1bVNwbGludGVyIiwidyI6MSwiaCI6MSwic2NhbGUiOjF9XQ/ae73b9445e/DeliriumSplinter.png","name":"Simulacrum Splinter"},{"id":130,"icon":"https://web.poecdn.com/gen/image/WzI1LDE0LHsiZiI6IjJESXRlbXMvTWFwcy9MYWJ5cmludGhIYXJ2ZXN0IiwidyI6MSwiaCI6MSwic2NhbGUiOjF9XQ/b1cfaffbce/LabyrinthHarvest.png","name":"Tribute to the Goddess","tradeId":"offer-tribute"},{"id":131,"icon":"https://web.poecdn.com/gen/image/WzI1LDE0LHsiZiI6IjJESXRlbXMvTWFwcy9MYWJ5cmludGhIYXJ2ZXN0SW5mdXNlZDIiLCJ3IjoxLCJoIjoxLCJzY2FsZSI6MX1d/3e8b597bd1/LabyrinthHarvestInfused2.png","name":"Dedication to the Goddess","tradeId":"offer-dedication"},{"id":132,"icon":"https://web.poecdn.com/gen/image/WzI1LDE0LHsiZiI6IjJESXRlbXMvTWFwcy9MYWJ5cmludGhIYXJ2ZXN0SW5mdXNlZDEiLCJ3IjoxLCJoIjoxLCJzY2FsZSI6MX1d/95aadb1d9f/LabyrinthHarvestInfused1.png","name":"Gift to the Goddess","tradeId":"offer-gift"},{"id":133,"icon":"https://web.poecdn.com/gen/image/WzI1LDE0LHsiZiI6IjJESXRlbXMvQ3VycmVuY3kvQWx0ZXJuYXRlU2tpbGxHZW1DdXJyZW5jeSIsInciOjEsImgiOjEsInNjYWxlIjoxfV0/723fd6fbdd/AlternateSkillGemCurrency.png","name":"Prime Regrading Lens"},{"id":134,"icon":"https://web.poecdn.com/gen/image/WzI1LDE0LHsiZiI6IjJESXRlbXMvQ3VycmVuY3kvQWx0ZXJuYXRlU3VwcG9ydEdlbUN1cnJlbmN5IiwidyI6MSwiaCI6MSwic2NhbGUiOjF9XQ/a4910912e4/AlternateSupportGemCurrency.png","name":"Secondary Regrading Lens"},{"id":135,"icon":"https://web.poecdn.com/gen/image/WzI1LDE0LHsiZiI6IjJESXRlbXMvQ3VycmVuY3kvRGl2aW5lRW5jaGFudEJvZHlBcm1vdXJDdXJyZW5jeSIsInciOjEsImgiOjEsInNjYWxlIjoxfV0/41418e201d/DivineEnchantBodyArmourCurrency.png","name":"Tempering Orb","tradeId":"tempering-orb"},{"id":136,"icon":"https://web.poecdn.com/gen/image/WzI1LDE0LHsiZiI6IjJESXRlbXMvQ3VycmVuY3kvRGl2aW5lRW5jaGFudFdlYXBvbkN1cnJlbmN5IiwidyI6MSwiaCI6MSwic2NhbGUiOjF9XQ/c5f4a79b45/DivineEnchantWeaponCurrency.png","name":"Tailoring Orb","tradeId":"tailoring-orb"},{"id":137,"icon":"https://web.poecdn.com/gen/image/WzI1LDE0LHsiZiI6IjJESXRlbXMvQ3VycmVuY3kvSGVpc3QvSGVpc3RDb2luQ3VycmVuY3kiLCJ3IjoxLCJoIjoxLCJzY2FsZSI6MX1d/987a8953f9/HeistCoinCurrency.png","name":"Rogue's Marker","tradeId":"rogues-marker"},{"id":138,"icon":"https://web.poecdn.com/gen/image/WzI1LDE0LHsiZiI6IjJESXRlbXMvQ3VycmVuY3kvTWF2ZW5PcmIiLCJ3IjoxLCJoIjoxLCJzY2FsZSI6MX1d/8396ed7d8d/MavenOrb.png","name":"Maven's Orb"},{"id":139,"icon":"https://web.poecdn.com/gen/image/WzI1LDE0LHsiZiI6IjJESXRlbXMvQ3VycmVuY3kvUml0dWFsL0VmZmlneSIsInciOjEsImgiOjEsInNjYWxlIjoxfV0/445939b722/Effigy.png","name":"Ritual Vessel","tradeId":"ritual-vessel"},{"id":140,"icon":"https://web.poecdn.com/gen/image/WzI1LDE0LHsiZiI6IjJESXRlbXMvQ3VycmVuY3kvQXRsYXNSYWRpdXNUaWVyNCIsInciOjEsImgiOjEsInNjYWxlIjoxfV0/5aa797a16b/AtlasRadiusTier4.png","name":"Elevated Sextant","tradeId":"elevated-sextant"},{"id":141,"icon":"https://web.poecdn.com/gen/image/WzI1LDE0LHsiZiI6IjJESXRlbXMvQ3VycmVuY3kvUmVncmV0T3JiIiwidyI6MSwiaCI6MSwic2NhbGUiOjF9XQ/a2ebb4b5a3/RegretOrb.png","name":"Orb of Unmaking","tradeId":"orb-of-unmaking"},{"id":142,"icon":"https://web.poecdn.com/gen/image/WzI1LDE0LHsiZiI6IjJESXRlbXMvQ3VycmVuY3kvQXRsYXMvTWF2ZW5LZXlGcmFnbWVudCIsInciOjEsImgiOjEsInNjYWxlIjoxfV0/1782453393/MavenKeyFragment.png","name":"Crescent Splinter"},{"id":143,"icon":"https://web.poecdn.com/gen/image/WzI1LDE0LHsiZiI6IjJESXRlbXMvQ3VycmVuY3kvQXRsYXMvTWF2ZW5LZXkiLCJ3IjoxLCJoIjoxLCJzY2FsZSI6MX1d/ad4c12144c/MavenKey.png","name":"The Maven's Writ","tradeId":"the-mavens-writ"},{"id":144,"icon":"https://web.poecdn.com/gen/image/WzI1LDE0LHsiZiI6IjJESXRlbXMvTWFwcy9WYXVsdE1hcDQiLCJ3IjoxLCJoIjoxLCJzY2FsZSI6MX1d/0288439591/VaultMap4.png","name":"Vaal Reliquary Key","tradeId":"vaal-reliquary-key"},{"id":145,"icon":"https://web.poecdn.com/gen/image/WzI1LDE0LHsiZiI6IjJESXRlbXMvQ3VycmVuY3kvVmVpbGVkQ2hhb3NPcmIiLCJ3IjoxLCJoIjoxLCJzY2FsZSI6MX1d/fe00a81cbc/VeiledChaosOrb.png","name":"Veiled Chaos Orb","tradeId":"veiled-chaos-orb"},{"id":146,"icon":"https://web.poecdn.com/gen/image/WzI1LDE0LHsiZiI6IjJESXRlbXMvQ3VycmVuY3kvQ2F0YWx5c3RzL0NoYW9zUGh5c2ljYWxDYXRhbHlzdCIsInciOjEsImgiOjEsInNjYWxlIjoxfV0/bbdf8917e4/ChaosPhysicalCatalyst.png","name":"Noxious Catalyst","tradeId":"noxious-catalyst"},{"id":147,"icon":"https://web.poecdn.com/gen/image/WzI1LDE0LHsiZiI6IjJESXRlbXMvQ3VycmVuY3kvQ2F0YWx5c3RzL1NwZWVkTW9kaWZpZXJDYXRhbHlzdCIsInciOjEsImgiOjEsInNjYWxlIjoxfV0/592075333a/SpeedModifierCatalyst.png","name":"Accelerating Catalyst","tradeId":"accelerating-catalyst"},{"id":148,"icon":"https://web.poecdn.com/gen/image/WzI1LDE0LHsiZiI6IjJESXRlbXMvQ3VycmVuY3kvQ2F0YWx5c3RzL0NyaXRpY2FsTW9kaWZpZXJDYXRhbHlzdCIsInciOjEsImgiOjEsInNjYWxlIjoxfV0/18e5522c0e/CriticalModifierCatalyst.png","name":"Unstable Catalyst","tradeId":"unstable-catalyst"},{"id":149,"icon":"https://web.poecdn.com/gen/image/WzI1LDE0LHsiZiI6IjJESXRlbXMvQ3VycmVuY3kvQnJlYWNoL1hvcGhzRmxhd2xlc3NCcmVhY2hzdG9uZSIsInciOjEsImgiOjEsInNjYWxlIjoxfV0/ed1fa03ff6/XophsFlawlessBreachstone.png","name":"Xoph's Flawless Breachstone","tradeId":"xophs-flawless-breachstone"},{"id":150,"icon":"https://web.poecdn.com/gen/image/WzI1LDE0LHsiZiI6IjJESXRlbXMvQ3VycmVuY3kvQnJlYWNoL1R1bHNGbGF3bGVzc0JyZWFjaHN0b25lIiwidyI6MSwiaCI6MSwic2NhbGUiOjF9XQ/3a646b7375/TulsFlawlessBreachstone.png","name":"Tul's Flawless Breachstone","tradeId":"tuls-flawless-breachstone"},{"id":151,"icon":"https://web.poecdn.com/gen/image/WzI1LDE0LHsiZiI6IjJESXRlbXMvQ3VycmVuY3kvQnJlYWNoL0VzaHNGbGF3bGVzc0JyZWFjaHN0b25lIiwidyI6MSwiaCI6MSwic2NhbGUiOjF9XQ/b2fe284562/EshsFlawlessBreachstone.png","name":"Esh's Flawless Breachstone","tradeId":"eshs-flawless-breachstone"},{"id":152,"icon":"https://web.poecdn.com/gen/image/WzI1LDE0LHsiZiI6IjJESXRlbXMvQ3VycmVuY3kvQnJlYWNoL1V1bE5ldG9sc0ZsYXdsZXNzQnJlYWNoc3RvbmUiLCJ3IjoxLCJoIjoxLCJzY2FsZSI6MX1d/22915fdf3f/UulNetolsFlawlessBreachstone.png","name":"Uul-Netol's Flawless Breachstone","tradeId":"uul-flawless-breachstone"},{"id":153,"icon":"https://web.poecdn.com/gen/image/WzI1LDE0LHsiZiI6IjJESXRlbXMvQ3VycmVuY3kvQnJlYWNoL0NoYXl1bGFzRmxhd2xlc3NCcmVhY2hzdG9uZSIsInciOjEsImgiOjEsInNjYWxlIjoxfV0/0d6f8da0ec/ChayulasFlawlessBreachstone.png","name":"Chayula's Flawless Breachstone","tradeId":"chayulas-flawless-breachstone"},{"id":154,"icon":"https://web.poecdn.com/gen/image/WzI1LDE0LHsiZiI6IjJESXRlbXMvTWFwcy9UaW1lbGVzc0NvbmZsaWN0RXRlcm5hbCIsInciOjEsImgiOjEsInNjYWxlIjoxfV0/6a6e66a71c/TimelessConflictEternal.png","name":"Unrelenting Timeless Karui Emblem","tradeId":"uber-timeless-karui-emblem"},{"id":155,"icon":"https://web.poecdn.com/gen/image/WzI1LDE0LHsiZiI6IjJESXRlbXMvTWFwcy9UaW1lbGVzc0NvbmZsaWN0TWFyYWtldGgiLCJ3IjoxLCJoIjoxLCJzY2FsZSI6MX1d/31d3f4f939/TimelessConflictMaraketh.png","name":"Unrelenting Timeless Maraketh Emblem","tradeId":"uber-timeless-maraketh-emblem"},{"id":156,"icon":"https://web.poecdn.com/gen/image/WzI1LDE0LHsiZiI6IjJESXRlbXMvTWFwcy9UaW1lbGVzc0NvbmZsaWN0S2FydWkiLCJ3IjoxLCJoIjoxLCJzY2FsZSI6MX1d/d7f863e549/TimelessConflictKarui.png","name":"Unrelenting Timeless Eternal Emblem","tradeId":"uber-timeless-eternal-emblem"},{"id":157,"icon":"https://web.poecdn.com/gen/image/WzI1LDE0LHsiZiI6IjJESXRlbXMvTWFwcy9UaW1lbGVzc0NvbmZsaWN0VGVtcGxhciIsInciOjEsImgiOjEsInNjYWxlIjoxfV0/4e0d302db8/TimelessConflictTemplar.png","name":"Unrelenting Timeless Templar Emblem","tradeId":"uber-timeless-templar-emblem"},{"id":158,"icon":"https://web.poecdn.com/gen/image/WzI1LDE0LHsiZiI6IjJESXRlbXMvTWFwcy9UaW1lbGVzc0NvbmZsaWN0VmFhbCIsInciOjEsImgiOjEsInNjYWxlIjoxfV0/2245d648ba/TimelessConflictVaal.png","name":"Unrelenting Timeless Vaal Emblem","tradeId":"uber-timeless-vaal-emblem"},{"id":159,"icon":"https://web.poecdn.com/gen/image/WzI1LDE0LHsiZiI6IjJESXRlbXMvQ3VycmVuY3kvU2FjcmVkT3JiIiwidyI6MSwiaCI6MSwic2NhbGUiOjF9XQ/f5a07465c5/SacredOrb.png","name":"Sacred Orb","tradeId":"sacred-orb"},{"id":160,"icon":"https://web.poecdn.com/gen/image/WzI1LDE0LHsiZiI6IjJESXRlbXMvQ3VycmVuY3kvVGFpbnRlZEJsZXNzaW5nIiwidyI6MSwiaCI6MSwic2NhbGUiOjF9XQ/a712d4cf74/TaintedBlessing.png","name":"Tainted Blessing"},{"id":161,"icon":"https://web.poecdn.com/gen/image/WzI1LDE0LHsiZiI6IjJESXRlbXMvQ3VycmVuY3kvSGVsbHNjYXBlL0hlbGxzY2FwZUNocm9tYXRpY09yYiIsInciOjEsImgiOjEsInNjYWxlIjoxfV0/c0a50953c2/HellscapeChromaticOrb.png","name":"Tainted Chromatic Orb"},{"id":162,"icon":"https://web.poecdn.com/gen/image/WzI1LDE0LHsiZiI6IjJESXRlbXMvQ3VycmVuY3kvSGVsbHNjYXBlL0hlbGxzY2FwZU9yYk9mRnVzaW5nIiwidyI6MSwiaCI6MSwic2NhbGUiOjF9XQ/a97eb273c3/HellscapeOrbOfFusing.png","name":"Tainted Orb of Fusing"},{"id":163,"icon":"https://web.poecdn.com/gen/image/WzI1LDE0LHsiZiI6IjJESXRlbXMvQ3VycmVuY3kvSGVsbHNjYXBlL0hlbGxzY2FwZUpld2VsbGVyc09yYiIsInciOjEsImgiOjEsInNjYWxlIjoxfV0/7ade99596b/HellscapeJewellersOrb.png","name":"Tainted Jeweller's Orb"},{"id":165,"icon":"https://web.poecdn.com/gen/image/WzI1LDE0LHsiZiI6IjJESXRlbXMvQ3VycmVuY3kvSGVsbHNjYXBlL0hlbGxzY2FwZUV4YWx0ZWRPcmIiLCJ3IjoxLCJoIjoxLCJzY2FsZSI6MX1d/7cb146de94/HellscapeExaltedOrb.png","name":"Tainted Exalted Orb"},{"id":166,"icon":"https://web.poecdn.com/gen/image/WzI1LDE0LHsiZiI6IjJESXRlbXMvQ3VycmVuY3kvSGVsbHNjYXBlL0hlbGxzY2FwZU15dGhpY09yYiIsInciOjEsImgiOjEsInNjYWxlIjoxfV0/3cc4ad8930/HellscapeMythicOrb.png","name":"Tainted Mythic Orb"},{"id":167,"icon":"https://web.poecdn.com/gen/image/WzI1LDE0LHsiZiI6IjJESXRlbXMvQ3VycmVuY3kvSGVsbHNjYXBlL0hlbGxzY2FwZUJsYWNrc21pdGhXaGV0c3RvbmUiLCJ3IjoxLCJoIjoxLCJzY2FsZSI6MX1d/c1551a2a62/HellscapeBlacksmithWhetstone.png","name":"Tainted Blacksmith's Whetstone"},{"id":168,"icon":"https://web.poecdn.com/gen/image/WzI1LDE0LHsiZiI6IjJESXRlbXMvQ3VycmVuY3kvSGVsbHNjYXBlL0hlbGxzY2FwZUFybW91cmVyc1NjcmFwIiwidyI6MSwiaCI6MSwic2NhbGUiOjF9XQ/05e0065a80/HellscapeArmourersScrap.png","name":"Tainted Armourer's Scrap"},{"id":169,"icon":"https://web.poecdn.com/gen/image/WzI1LDE0LHsiZiI6IjJESXRlbXMvQ3VycmVuY3kvSGVsbHNjYXBlL0hlbGxzY2FwZUNoYW9zT3JiIiwidyI6MSwiaCI6MSwic2NhbGUiOjF9XQ/bd934ad92b/HellscapeChaosOrb.png","name":"Tainted Chaos Orb"},{"id":170,"icon":"https://web.poecdn.com/gen/image/WzI1LDE0LHsiZiI6IjJESXRlbXMvQ3VycmVuY3kvSGVsbHNjYXBlL0hlbGxzY2FwZVRlYXJkcm9wT3JiIiwidyI6MSwiaCI6MSwic2NhbGUiOjF9XQ/e3cd0195e1/HellscapeTeardropOrb.png","name":"Tainted Divine Teardrop"},{"id":171,"icon":"https://web.poecdn.com/gen/image/WzI1LDE0LHsiZiI6IjJESXRlbXMvQ3VycmVuY3kvSW5mdXNlZEVuZ2luZWVyc09yYiIsInciOjEsImgiOjEsInNjYWxlIjoxfV0/af16686b10/InfusedEngineersOrb.png","name":"Infused Engineer's Orb","tradeId":"infused-engineers-orb"},{"id":172,"icon":"https://web.poecdn.com/gen/image/WzI1LDE0LHsiZiI6IjJESXRlbXMvQ3VycmVuY3kvRXhwZWRpdGlvbi9GbGFza1BsYXRlIiwidyI6MSwiaCI6MSwic2NhbGUiOjF9XQ/c03aace282/FlaskPlate.png","name":"Enkindling Orb","tradeId":"enkindling-orb"},{"id":173,"icon":"https://web.poecdn.com/gen/image/WzI1LDE0LHsiZiI6IjJESXRlbXMvQ3VycmVuY3kvRXhwZWRpdGlvbi9GbGFza0luamVjdG9yIiwidyI6MSwiaCI6MSwic2NhbGUiOjF9XQ/08e3793591/FlaskInjector.png","name":"Instilling Orb","tradeId":"instilling-orb"},{"id":174,"icon":"https://web.poecdn.com/gen/image/WzI1LDE0LHsiZiI6IjJESXRlbXMvTWFwcy9IdW50ZXJGcmFnbWVudCIsInciOjEsImgiOjEsInNjYWxlIjoxfV0/4a1c79a0f7/HunterFragment.png","name":"Al-Hezmin's Crest","tradeId":"al-hezmins-crest"},{"id":175,"icon":"https://web.poecdn.com/gen/image/WzI1LDE0LHsiZiI6IjJESXRlbXMvTWFwcy9DcnVzYWRlckZyYWdtZW50IiwidyI6MSwiaCI6MSwic2NhbGUiOjF9XQ/83e0f167f2/CrusaderFragment.png","name":"Baran's Crest","tradeId":"barans-crest"},{"id":176,"icon":"https://web.poecdn.com/gen/image/WzI1LDE0LHsiZiI6IjJESXRlbXMvTWFwcy9XYXJsb3JkRnJhZ21lbnQiLCJ3IjoxLCJoIjoxLCJzY2FsZSI6MX1d/863882aba2/WarlordFragment.png","name":"Drox's Crest","tradeId":"droxs-crest"},{"id":177,"icon":"https://web.poecdn.com/gen/image/WzI1LDE0LHsiZiI6IjJESXRlbXMvTWFwcy9SZWRlZW1lckZyYWdtZW50IiwidyI6MSwiaCI6MSwic2NhbGUiOjF9XQ/5416c38a70/RedeemerFragment.png","name":"Veritania's Crest","tradeId":"veritanias-crest"},{"id":178,"icon":"https://web.poecdn.com/gen/image/WzI1LDE0LHsiZiI6IjJESXRlbXMvQ3VycmVuY3kvU3VydmV5b3JzQ29tcGFzcyIsInciOjEsImgiOjEsInNjYWxlIjoxfV0/e8443c2996/SurveyorsCompass.png","name":"Surveyor's Compass","tradeId":"surveyors-compass"},{"id":179,"icon":"https://web.poecdn.com/gen/image/WzI1LDE0LHsiZiI6IjJESXRlbXMvQ3VycmVuY3kvQ2hhcmdlZENvbXBhc3MiLCJ3IjoxLCJoIjoxLCJzY2FsZSI6MX1d/ea8fcc3e35/ChargedCompass.png","name":"Charged Compass"},{"id":180,"icon":"https://web.poecdn.com/gen/image/WzI1LDE0LHsiZiI6IjJESXRlbXMvQ3VycmVuY3kvQ2xlYW5zaW5nRmlyZU9yYlJhbmsxIiwidyI6MSwiaCI6MSwic2NhbGUiOjF9XQ/62c98f8357/CleansingFireOrbRank1.png","name":"Lesser Eldritch Ember"},{"id":181,"icon":"https://web.poecdn.com/gen/image/WzI1LDE0LHsiZiI6IjJESXRlbXMvQ3VycmVuY3kvQ2xlYW5zaW5nRmlyZU9yYlJhbmsyIiwidyI6MSwiaCI6MSwic2NhbGUiOjF9XQ/33fd210c40/CleansingFireOrbRank2.png","name":"Greater Eldritch Ember"},{"id":182,"icon":"https://web.poecdn.com/gen/image/WzI1LDE0LHsiZiI6IjJESXRlbXMvQ3VycmVuY3kvQ2xlYW5zaW5nRmlyZU9yYlJhbmszIiwidyI6MSwiaCI6MSwic2NhbGUiOjF9XQ/65093ad252/CleansingFireOrbRank3.png","name":"Grand Eldritch Ember"},{"id":183,"icon":"https://web.poecdn.com/gen/image/WzI1LDE0LHsiZiI6IjJESXRlbXMvQ3VycmVuY3kvQ2xlYW5zaW5nRmlyZU9yYlJhbms0IiwidyI6MSwiaCI6MSwic2NhbGUiOjF9XQ/920113641f/CleansingFireOrbRank4.png","name":"Exceptional Eldritch Ember"},{"id":184,"icon":"https://web.poecdn.com/gen/image/WzI1LDE0LHsiZiI6IjJESXRlbXMvQ3VycmVuY3kvVGFuZ2xlT3JiUmFuazEiLCJ3IjoxLCJoIjoxLCJzY2FsZSI6MX1d/3135dab202/TangleOrbRank1.png","name":"Lesser Eldritch Ichor"},{"id":185,"icon":"https://web.poecdn.com/gen/image/WzI1LDE0LHsiZiI6IjJESXRlbXMvQ3VycmVuY3kvVGFuZ2xlT3JiUmFuazIiLCJ3IjoxLCJoIjoxLCJzY2FsZSI6MX1d/37b581d6b1/TangleOrbRank2.png","name":"Greater Eldritch Ichor"},{"id":186,"icon":"https://web.poecdn.com/gen/image/WzI1LDE0LHsiZiI6IjJESXRlbXMvQ3VycmVuY3kvVGFuZ2xlT3JiUmFuazMiLCJ3IjoxLCJoIjoxLCJzY2FsZSI6MX1d/80772bd510/TangleOrbRank3.png","name":"Grand Eldritch Ichor"},{"id":187,"icon":"https://web.poecdn.com/gen/image/WzI1LDE0LHsiZiI6IjJESXRlbXMvQ3VycmVuY3kvVGFuZ2xlT3JiUmFuazQiLCJ3IjoxLCJoIjoxLCJzY2FsZSI6MX1d/c1205e2c0a/TangleOrbRank4.png","name":"Exceptional Eldritch Ichor"},{"id":188,"icon":"https://web.poecdn.com/gen/image/WzI1LDE0LHsiZiI6IjJESXRlbXMvQ3VycmVuY3kvQ29uZmxpY3RPcmJSYW5rMSIsInciOjEsImgiOjEsInNjYWxlIjoxfV0/e1919976c3/ConflictOrbRank1.png","name":"Orb of Conflict"},{"id":189,"icon":"https://web.poecdn.com/gen/image/WzI1LDE0LHsiZiI6IjJESXRlbXMvQ3VycmVuY3kvTWF2ZW5PcmIiLCJ3IjoxLCJoIjoxLCJzY2FsZSI6MX1d/8396ed7d8d/MavenOrb.png","name":"Orb of Dominance"},{"id":190,"icon":"https://web.poecdn.com/gen/image/WzI1LDE0LHsiZiI6IjJESXRlbXMvQ3VycmVuY3kvRWxkcml0Y2hDaGFvc09yYiIsInciOjEsImgiOjEsInNjYWxlIjoxfV0/afdc1d40be/EldritchChaosOrb.png","name":"Eldritch Chaos Orb"},{"id":191,"icon":"https://web.poecdn.com/gen/image/WzI1LDE0LHsiZiI6IjJESXRlbXMvQ3VycmVuY3kvRWxkcml0Y2hFeGFsdGVkT3JiIiwidyI6MSwiaCI6MSwic2NhbGUiOjF9XQ/56026bffa3/EldritchExaltedOrb.png","name":"Eldritch Exalted Orb"},{"id":192,"icon":"https://web.poecdn.com/gen/image/WzI1LDE0LHsiZiI6IjJESXRlbXMvQ3VycmVuY3kvRWxkcml0Y2hBbm51bG1lbnRPcmIiLCJ3IjoxLCJoIjoxLCJzY2FsZSI6MX1d/cd03411d81/EldritchAnnulmentOrb.png","name":"Eldritch Orb of Annulment"},{"id":193,"icon":"https://web.poecdn.com/gen/image/WzI1LDE0LHsiZiI6IjJESXRlbXMvQ3VycmVuY3kvT2lscy9JY2hvckV4dHJhY3RvciIsInciOjEsImgiOjEsInNjYWxlIjoxfV0/21d47cfba0/IchorExtractor.png","name":"Oil Extractor"},{"id":194,"icon":"https://web.poecdn.com/gen/image/WzI1LDE0LHsiZiI6IjJESXRlbXMvQ3VycmVuY3kvU2NvdXRpbmdSZXBvcnQiLCJ3IjoxLCJoIjoxLCJzY2FsZSI6MX1d/584635f3c8/ScoutingReport.png","name":"Singular Scouting Report"},{"id":195,"icon":"https://web.poecdn.com/gen/image/WzI1LDE0LHsiZiI6IjJESXRlbXMvQ3VycmVuY3kvU2NvdXRpbmdSZXBvcnQiLCJ3IjoxLCJoIjoxLCJzY2FsZSI6MX1d/584635f3c8/ScoutingReport.png","name":"Otherworldly Scouting Report"},{"id":196,"icon":"https://web.poecdn.com/gen/image/WzI1LDE0LHsiZiI6IjJESXRlbXMvQ3VycmVuY3kvU2NvdXRpbmdSZXBvcnQiLCJ3IjoxLCJoIjoxLCJzY2FsZSI6MX1d/584635f3c8/ScoutingReport.png","name":"Comprehensive Scouting Report"},{"id":197,"icon":"https://web.poecdn.com/gen/image/WzI1LDE0LHsiZiI6IjJESXRlbXMvQ3VycmVuY3kvU2NvdXRpbmdSZXBvcnQiLCJ3IjoxLCJoIjoxLCJzY2FsZSI6MX1d/584635f3c8/ScoutingReport.png","name":"Vaal Scouting Report"},{"id":198,"icon":"https://web.poecdn.com/gen/image/WzI1LDE0LHsiZiI6IjJESXRlbXMvQ3VycmVuY3kvU2NvdXRpbmdSZXBvcnQiLCJ3IjoxLCJoIjoxLCJzY2FsZSI6MX1d/584635f3c8/ScoutingReport.png","name":"Delirious Scouting Report"},{"id":199,"icon":"https://web.poecdn.com/gen/image/WzI1LDE0LHsiZiI6IjJESXRlbXMvQ3VycmVuY3kvU2NvdXRpbmdSZXBvcnQiLCJ3IjoxLCJoIjoxLCJzY2FsZSI6MX1d/584635f3c8/ScoutingReport.png","name":"Operative's Scouting Report"},{"id":200,"icon":"https://web.poecdn.com/gen/image/WzI1LDE0LHsiZiI6IjJESXRlbXMvQ3VycmVuY3kvU2NvdXRpbmdSZXBvcnQiLCJ3IjoxLCJoIjoxLCJzY2FsZSI6MX1d/584635f3c8/ScoutingReport.png","name":"Blighted Scouting Report"},{"id":201,"icon":"https://web.poecdn.com/gen/image/WzI1LDE0LHsiZiI6IjJESXRlbXMvQ3VycmVuY3kvU2NvdXRpbmdSZXBvcnQiLCJ3IjoxLCJoIjoxLCJzY2FsZSI6MX1d/584635f3c8/ScoutingReport.png","name":"Influenced Scouting Report"},{"id":202,"icon":"https://web.poecdn.com/gen/image/WzI1LDE0LHsiZiI6IjJESXRlbXMvQ3VycmVuY3kvU2NvdXRpbmdSZXBvcnQiLCJ3IjoxLCJoIjoxLCJzY2FsZSI6MX1d/584635f3c8/ScoutingReport.png","name":"Explorer's Scouting Report"},{"id":203,"icon":"https://web.poecdn.com/gen/image/WzI1LDE0LHsiZiI6IjJESXRlbXMvQ3VycmVuY3kvU2VudGluZWwvUG93ZXJDb3JlIiwidyI6MSwiaCI6MSwic2NhbGUiOjF9XQ/30b7d64b7d/PowerCore.png","name":"Power Core"},{"id":204,"icon":"https://web.poecdn.com/gen/image/WzI1LDE0LHsiZiI6IjJESXRlbXMvQ3VycmVuY3kvU2VudGluZWwvVHJhbnNmb3JtaW5nUG93ZXJDb3JlIiwidyI6MSwiaCI6MSwic2NhbGUiOjF9XQ/1cae7aaf83/TransformingPowerCore.png","name":"Transforming Power Core"},{"id":205,"icon":"https://web.poecdn.com/gen/image/WzI1LDE0LHsiZiI6IjJESXRlbXMvQ3VycmVuY3kvU2VudGluZWwvQW1wbGlmeWluZ1Bvd2VyQ29yZSIsInciOjEsImgiOjEsInNjYWxlIjoxfV0/8be6bc2621/AmplifyingPowerCore.png","name":"Amplifying Power Core"},{"id":206,"icon":"https://web.poecdn.com/gen/image/WzI1LDE0LHsiZiI6IjJESXRlbXMvQ3VycmVuY3kvU2VudGluZWwvQXVnbWVudGluZ1Bvd2VyQ29yZSIsInciOjEsImgiOjEsInNjYWxlIjoxfV0/c955171968/AugmentingPowerCore.png","name":"Augmenting Power Core"},{"id":207,"icon":"https://web.poecdn.com/gen/image/WzI1LDE0LHsiZiI6IjJESXRlbXMvQ3VycmVuY3kvU2VudGluZWwvQXJtb3VyUmVjb21iaW5hdG9yIiwidyI6MSwiaCI6MSwic2NhbGUiOjF9XQ/650e8bb097/ArmourRecombinator.png","name":"Armour Recombinator"},{"id":208,"icon":"https://web.poecdn.com/gen/image/WzI1LDE0LHsiZiI6IjJESXRlbXMvQ3VycmVuY3kvU2VudGluZWwvSmV3ZWxsZXJ5UmVjb21iaW5hdG9yIiwidyI6MSwiaCI6MSwic2NhbGUiOjF9XQ/2b1806f8f2/JewelleryRecombinator.png","name":"Weapon Recombinator"},{"id":209,"icon":"https://web.poecdn.com/gen/image/WzI1LDE0LHsiZiI6IjJESXRlbXMvQ3VycmVuY3kvU2VudGluZWwvV2VhcG9uUmVjb21iaW5hdG9yIiwidyI6MSwiaCI6MSwic2NhbGUiOjF9XQ/8316e9dcee/WeaponRecombinator.png","name":"Jewellery Recombinator"},{"id":210,"icon":"https://web.poecdn.com/gen/image/WzI1LDE0LHsiZiI6IjJESXRlbXMvQ3VycmVuY3kvSGFydmVzdC9XaWxkTGlmZWZvcmNlIiwidyI6MSwiaCI6MSwic2NhbGUiOjF9XQ/facb3683d5/WildLifeforce.png","name":"Wild Crystallised Lifeforce"},{"id":211,"icon":"https://web.poecdn.com/gen/image/WzI1LDE0LHsiZiI6IjJESXRlbXMvQ3VycmVuY3kvSGFydmVzdC9WaXZpZExpZmVmb3JjZSIsInciOjEsImgiOjEsInNjYWxlIjoxfV0/9e3d712362/VividLifeforce.png","name":"Vivid Crystallised Lifeforce"},{"id":212,"icon":"https://web.poecdn.com/gen/image/WzI1LDE0LHsiZiI6IjJESXRlbXMvQ3VycmVuY3kvSGFydmVzdC9QcmltYWxMaWZlZm9yY2UiLCJ3IjoxLCJoIjoxLCJzY2FsZSI6MX1d/d5d53c61c3/PrimalLifeforce.png","name":"Primal Crystallised Lifeforce"},{"id":213,"icon":"https://web.poecdn.com/gen/image/WzI1LDE0LHsiZiI6IjJESXRlbXMvQ3VycmVuY3kvSGFydmVzdC9TYWNyZWRMaWZlZm9yY2UiLCJ3IjoxLCJoIjoxLCJzY2FsZSI6MX1d/dd4e43e4d0/SacredLifeforce.png","name":"Sacred Crystallised Lifeforce"},{"id":214,"icon":"https://web.poecdn.com/gen/image/WzI1LDE0LHsiZiI6IjJESXRlbXMvTWFwcy9WZW5hcml1c0ZvaWwiLCJ3IjoxLCJoIjoxLCJzY2FsZSI6MX1d/bc8a56f875/VenariusFoil.png","name":"Forgotten Reliquary Key","tradeId":"forgotten-reliquary-key"},{"id":215,"icon":"https://web.poecdn.com/gen/image/WzI1LDE0LHsiZiI6IjJESXRlbXMvTWFwcy9FYXRlck9mV29ybGRzRm9pbCIsInciOjEsImgiOjEsInNjYWxlIjoxfV0/b57140936b/EaterOfWorldsFoil.png","name":"Visceral Reliquary Key","tradeId":"visceral-reliquary-key"},{"id":216,"icon":"https://web.poecdn.com/gen/image/WzI1LDE0LHsiZiI6IjJESXRlbXMvTWFwcy9NYXZlbkZvaWwiLCJ3IjoxLCJoIjoxLCJzY2FsZSI6MX1d/114c341a3c/MavenFoil.png","name":"Shiny Reliquary Key","tradeId":"shiny-reliquary-key"},{"id":217,"icon":"https://web.poecdn.com/gen/image/WzI1LDE0LHsiZiI6IjJESXRlbXMvTWFwcy9TZWFyaW5nRXhhcmNoRm9pbCIsInciOjEsImgiOjEsInNjYWxlIjoxfV0/bb895c1f5d/SearingExarchFoil.png","name":"Archive Reliquary Key","tradeId":"archive-reliquary-key"},{"id":218,"icon":"https://web.poecdn.com/gen/image/WzI1LDE0LHsiZiI6IjJESXRlbXMvTWFwcy9TaXJ1c0ZvaWwiLCJ3IjoxLCJoIjoxLCJzY2FsZSI6MX1d/7e611a9eb0/SirusFoil.png","name":"Oubliette Reliquary Key","tradeId":"oubliette-reliquary-key"},{"id":219,"icon":"https://web.poecdn.com/gen/image/WzI1LDE0LHsiZiI6IjJESXRlbXMvTWFwcy9TaGFwZXJGb2lsIiwidyI6MSwiaCI6MSwic2NhbGUiOjF9XQ/71325272ad/ShaperFoil.png","name":"Cosmic Reliquary Key","tradeId":"cosmic-reliquary-key"},{"id":220,"icon":"https://web.poecdn.com/gen/image/WzI1LDE0LHsiZiI6IjJESXRlbXMvTWFwcy9FbGRlckZvaWwiLCJ3IjoxLCJoIjoxLCJzY2FsZSI6MX1d/2c6d5b7eb2/ElderFoil.png","name":"Decaying Reliquary Key","tradeId":"decaying-reliquary-key"},{"id":221,"icon":"https://web.poecdn.com/gen/image/WzI1LDE0LHsiZiI6IjJESXRlbXMvQ3VycmVuY3kvTWVtb3J5TGluZS9OaWtvTWVtb3J5SXRlbSIsInciOjEsImgiOjEsInNjYWxlIjoxfV0/5c560ea8fd/NikoMemoryItem.png","name":"Niko's Memory"},{"id":222,"icon":"https://web.poecdn.com/gen/image/WzI1LDE0LHsiZiI6IjJESXRlbXMvQ3VycmVuY3kvTWVtb3J5TGluZS9BbHZhTWVtb3J5SXRlbSIsInciOjEsImgiOjEsInNjYWxlIjoxfV0/5adc01981d/AlvaMemoryItem.png","name":"Alva's Memory"},{"id":223,"icon":"https://web.poecdn.com/gen/image/WzI1LDE0LHsiZiI6IjJESXRlbXMvQ3VycmVuY3kvTWVtb3J5TGluZS9LaXJhY01lbW9yeUl0ZW0iLCJ3IjoxLCJoIjoxLCJzY2FsZSI6MX1d/def36e7b78/KiracMemoryItem.png","name":"Kirac's Memory"},{"id":224,"icon":"https://web.poecdn.com/gen/image/WzI1LDE0LHsiZiI6IjJESXRlbXMvQ3VycmVuY3kvTWVtb3J5TGluZS9FaW5oYXJNZW1vcnlJdGVtIiwidyI6MSwiaCI6MSwic2NhbGUiOjF9XQ/5e4c7a8f89/EinharMemoryItem.png","name":"Einhar's Memory"},{"id":225,"name":"Deadly End"},{"id":226,"name":"Ignominious Fate"},{"id":227,"name":"Victorious Fate"},{"id":228,"name":"Will of Chaos"},{"id":229,"icon":"https://web.poecdn.com/gen/image/WzI1LDE0LHsiZiI6IjJESXRlbXMvTWFwcy9Pc2hhYmlNYXAiLCJ3IjoxLCJoIjoxLCJzY2FsZSI6MX1d/87c4ab4747/OshabiMap.png","name":"Sacred Blossom","tradeId":"sacred-blossom"},{"id":230,"icon":"https://web.poecdn.com/gen/image/WzI1LDE0LHsiZiI6IjJESXRlbXMvQ3VycmVuY3kvRnJhY3R1cmluZ09yYkNvbWJpbmVkIiwidyI6MSwiaCI6MSwic2NhbGUiOjF9XQ/bb12c8fdcc/FracturingOrbCombined.png","name":"Fracturing Orb","tradeId":"fracturing-orb"},{"id":231,"icon":"https://web.poecdn.com/gen/image/WzI1LDE0LHsiZiI6IjJESXRlbXMvQ3VycmVuY3kvRnJhY3R1cmluZ09yYlNoYXJkIiwidyI6MSwiaCI6MSwic2NhbGUiOjF9XQ/d900d0042c/FracturingOrbShard.png","name":"Fracturing Shard"},{"id":232,"icon":"https://web.poecdn.com/gen/image/WzI1LDE0LHsiZiI6IjJESXRlbXMvTWFwcy9Db3NtaWNDb3JlU3VwcG9ydGVyVmF1bHRLZXkiLCJ3IjoxLCJoIjoxLCJzY2FsZSI6MX1d/16d2e6b54d/CosmicCoreSupporterVaultKey.png","name":"Voidborn Reliquary Key","tradeId":"voidborn-reliquary-key"},{"id":233,"icon":"https://web.poecdn.com/gen/image/WzI1LDE0LHsiZiI6IjJESXRlbXMvQ3VycmVuY3kvUnV0aGxlc3MvQ29pblBpbGVUaWVyMiIsInciOjEsImgiOjEsInNjYWxlIjoxfV0/9b7d31f84f/CoinPileTier2.png","name":"Gold","tradeId":"gold"},{"id":234,"icon":"https://web.poecdn.com/gen/image/WzI1LDE0LHsiZiI6IjJESXRlbXMvQ3VycmVuY3kvSGluZWtvcmFzTG9jayIsInciOjEsImgiOjEsInNjYWxlIjoxfV0/9fe8aa2704/HinekorasLock.png","name":"Hinekora's Lock"},{"id":235,"icon":"https://web.poecdn.com/gen/image/WzI1LDE0LHsiZiI6IjJESXRlbXMvQ3VycmVuY3kvQ2F0YWx5c3RzL1RhaW50ZWRDYXRhbHlzdCIsInciOjEsImgiOjEsInNjYWxlIjoxfV0/c096cd4f25/TaintedCatalyst.png","name":"Tainted Catalyst","tradeId":"tainted-catalyst"},{"id":236,"icon":"https://web.poecdn.com/gen/image/WzI1LDE0LHsiZiI6IjJESXRlbXMvQ3VycmVuY3kvVmFsZG9zUHV6emxlQm94IiwidyI6MSwiaCI6MSwic2NhbGUiOjF9XQ/aa5be00d00/ValdosPuzzleBox.png","name":"Valdo's Puzzle Box","tradeId":"valdos-puzzle-box"}]}