{"lines":[{"id":39819,"name":"Vial of Transcendence","icon":"https://web.poecdn.com/gen/image/WzI1LDE0LHsiZiI6IjJESXRlbXMvQ3VycmVuY3kvVmlhbFRlbXBlcmVkRmxlc2giLCJ3IjoxLCJoIjoxLCJzY2FsZSI6MX1d/ff6f1f931e/VialTemperedFlesh.png","baseType":"Vial of Transcendence","stackSize":10,"itemClass":5,"sparkline":{"data":[],"totalChange":0},"lowConfidenceSparkline":{"data":[0,0,0,0,0,0,0],"totalChange":0},"implicitModifiers":[],"explicitModifiers":[],"flavourText":"It is not our flesh, our thoughts, or our soul that limits us;\nit is the distinction between them.","chaosValue":40.00,"exaltedValue":0,"divineValue":0,"count":1,"detailsId":"vial-of-transcendence","tradeInfo":[],"listingCount":12}]}