{"lines":[{"id":106431,"name":"Tattoo of the Ngamahu Firewalker","icon":"https://web.poecdn.com/gen/image/WzI1LDE0LHsiZiI6IjJESXRlbXMvQ3VycmVuY3kvQW5jZXN0b3JzL0NvbW1vblN0clRhdHR0b29FcXVpcG1lbnQiLCJ3IjoxLCJoIjoxLCJzY2FsZSI6MX1d/b7072892c0/CommonStrTatttooEquipment.png","baseType":"Tattoo of the Ngamahu Firewalker","stackSize":10,"itemClass":5,"sparkline":{"data":[],"totalChange":0},"lowConfidenceSparkline":{"data":[0,0,0,0,0,0,0],"totalChange":0},"implicitModifiers":[],"explicitModifiers":[{"text":"+8% to Fire Resistance","optional":false}],"flavourText":"","chaosValue":3.00,"exaltedValue":0,"divineValue":0,"count":1,"detailsId":"tattoo-of-the-ngamahu-firewalker","tradeInfo":[],"listingCount":2},{"id":106234,"name":"Tattoo of the Rongokurai Warrior","icon":"https://web.poecdn.com/gen/image/WzI1LDE0LHsiZiI6IjJESXRlbXMvQ3VycmVuY3kvQW5jZXN0b3JzL0NvbW1vblN0clRhdHR0b29FcXVpcG1lbnQiLCJ3IjoxLCJoIjoxLCJzY2FsZSI6MX1d/b7072892c0/CommonStrTatttooEquipment.png","baseType":"Tattoo of the Rongokurai Warrior","stackSize":10,"itemClass":5,"sparkline":{"data":[],"totalChange":0},"lowConfidenceSparkline":{"data":[0,0,0,0,0,0,0],"totalChange":0},"implicitModifiers":[],"explicitModifiers":[{"text":"8% increased Armour","optional":false}],"flavourText":"","chaosValue":2.00,"exaltedValue":0,"divineValue":0,"count":1,"detailsId":"tattoo-of-the-rongokurai-warrior","tradeInfo":[],"listingCount":3},{"id":106333,"name":"Honoured Tattoo of the Turtle","icon":"https://web.poecdn.com/gen/image/WzI1LDE0LHsiZiI6IjJESXRlbXMvQ3VycmVuY3kvQW5jZXN0b3JzL0hpbmVrb3JhQ29tbW9uVGF0dHRvb0VxdWlwbWVudCIsInciOjEsImgiOjEsInNjYWxlIjoxfV0/80dfeda101/HinekoraCommonTatttooEquipment.png","baseType":"Honoured Tattoo of the Turtle","stackSize":10,"itemClass":5,"sparkline":{"data":[],"totalChange":0},"lowConfidenceSparkline":{"data":[0,0,0,0,0,0,0],"totalChange":0},"implicitModifiers":[],"explicitModifiers":[{"text":"3% increased Global Defences","optional":false}],"flavourText":"","chaosValue":2.00,"exaltedValue":0,"divineValue":0,"count":1,"detailsId":"honoured-tattoo-of-the-turtle","tradeInfo":[],"listingCount":3},{"id":106367,"name":"Honoured Tattoo of the Sky","icon":"https://web.poecdn.com/gen/image/WzI1LDE0LHsiZiI6IjJESXRlbXMvQ3VycmVuY3kvQW5jZXN0b3JzL0hpbmVrb3JhQ29tbW9uVGF0dHRvb0VxdWlwbWVudCIsInciOjEsImgiOjEsInNjYWxlIjoxfV0/80dfeda101/HinekoraCommonTatttooEquipment.png","baseType":"Honoured Tattoo of the Sky","stackSize":10,"itemClass":5,"sparkline":{"data":[],"totalChange":0},"lowConfidenceSparkline":{"data":[0,0,0,0,0,0,0],"totalChange":0},"implicitModifiers":[],"explicitModifiers":[{"text":"+3% to all Elemental Resistances","optional":false}],"flavourText":"","chaosValue":2.00,"exaltedValue":0,"divineValue":0,"count":1,"detailsId":"honoured-tattoo-of-the-sky","tradeInfo":[],"listingCount":4},{"id":106245,"name":"Tattoo of the Valako Warrior","icon":"https://web.poecdn.com/gen/image/WzI1LDE0LHsiZiI6IjJESXRlbXMvQ3VycmVuY3kvQW5jZXN0b3JzL0NvbW1vbkludFRhdHR0b29FcXVpcG1lbnQiLCJ3IjoxLCJoIjoxLCJzY2FsZSI6MX1d/bae0258602/CommonIntTatttooEquipment.png","baseType":"Tattoo of the Valako Warrior","stackSize":10,"itemClass":5,"sparkline":{"data":[],"totalChange":0},"lowConfidenceSparkline":{"data":[0,0,0,0,0,0,0],"totalChange":0},"implicitModifiers":[],"explicitModifiers":[{"text":"Adds 1 to 7 Lightning Damage","optional":false}],"flavourText":"","chaosValue":1.00,"exaltedValue":0,"divineValue":0,"count":1,"detailsId":"tattoo-of-the-valako-warrior","tradeInfo":[],"listingCount":4},{"id":106247,"name":"Tattoo of the Hinekora Deathwarden","icon":"https://web.poecdn.com/gen/image/WzI1LDE0LHsiZiI6IjJESXRlbXMvQ3VycmVuY3kvQW5jZXN0b3JzL0NvbW1vbkludFRhdHR0b29FcXVpcG1lbnQiLCJ3IjoxLCJoIjoxLCJzY2FsZSI6MX1d/bae0258602/CommonIntTatttooEquipment.png","baseType":"Tattoo of the Hinekora Deathwarden","stackSize":10,"itemClass":5,"sparkline":{"data":[],"totalChange":0},"lowConfidenceSparkline":{"data":[0,0,0,0,0,0,0],"totalChange":0},"implicitModifiers":[],"explicitModifiers":[{"text":"6% reduced Effect of Curses on you","optional":false}],"flavourText":"","chaosValue":1.00,"exaltedValue":0,"divineValue":0,"count":1,"detailsId":"tattoo-of-the-hinekora-deathwarden","tradeInfo":[],"listingCount":4},{"id":106311,"name":"Tattoo of the Tukohama Brawler","icon":"https://web.poecdn.com/gen/image/WzI1LDE0LHsiZiI6IjJESXRlbXMvQ3VycmVuY3kvQW5jZXN0b3JzL0NvbW1vblN0clRhdHR0b29FcXVpcG1lbnQiLCJ3IjoxLCJoIjoxLCJzY2FsZSI6MX1d/b7072892c0/CommonStrTatttooEquipment.png","baseType":"Tattoo of the Tukohama Brawler","stackSize":10,"itemClass":5,"sparkline":{"data":[],"totalChange":0},"lowConfidenceSparkline":{"data":[0,0,0,0,0,0,0],"totalChange":0},"implicitModifiers":[],"explicitModifiers":[{"text":"10% chance to Knock Enemies Back on hit","optional":false}],"flavourText":"","chaosValue":1.00,"exaltedValue":0,"divineValue":0,"count":1,"detailsId":"tattoo-of-the-tukohama-brawler","tradeInfo":[],"listingCount":3},{"id":106343,"name":"Tattoo of the Hinekora Warrior","icon":"https://web.poecdn.com/gen/image/WzI1LDE0LHsiZiI6IjJESXRlbXMvQ3VycmVuY3kvQW5jZXN0b3JzL0NvbW1vbkludFRhdHR0b29FcXVpcG1lbnQiLCJ3IjoxLCJoIjoxLCJzY2FsZSI6MX1d/bae0258602/CommonIntTatttooEquipment.png","baseType":"Tattoo of the Hinekora Warrior","stackSize":10,"itemClass":5,"sparkline":{"data":[],"totalChange":0},"lowConfidenceSparkline":{"data":[0,0,0,0,0,0,0],"totalChange":0},"implicitModifiers":[],"explicitModifiers":[{"text":"10% increased Energy Shield Recharge Rate","optional":false}],"flavourText":"","chaosValue":1.00,"exaltedValue":0,"divineValue":0,"count":1,"detailsId":"tattoo-of-the-hinekora-warrior","tradeInfo":[],"listingCount":3},{"id":106347,"name":"Tattoo of the Rongokurai Brute","icon":"https://web.poecdn.com/gen/image/WzI1LDE0LHsiZiI6IjJESXRlbXMvQ3VycmVuY3kvQW5jZXN0b3JzL0NvbW1vblN0clRhdHR0b29FcXVpcG1lbnQiLCJ3IjoxLCJoIjoxLCJzY2FsZSI6MX1d/b7072892c0/CommonStrTatttooEquipment.png","baseType":"Tattoo of the Rongokurai Brute","stackSize":10,"itemClass":5,"sparkline":{"data":[],"totalChange":0},"lowConfidenceSparkline":{"data":[0,0,0,0,0,0,0],"totalChange":0},"implicitModifiers":[],"explicitModifiers":[{"text":"15% increased Stun Threshold","optional":false}],"flavourText":"","chaosValue":1.00,"exaltedValue":0,"divineValue":0,"count":1,"detailsId":"tattoo-of-the-rongokurai-brute","tradeInfo":[],"listingCount":2},{"id":106419,"name":"Tattoo of the Ngamahu Shaman","icon":"https://web.poecdn.com/gen/image/WzI1LDE0LHsiZiI6IjJESXRlbXMvQ3VycmVuY3kvQW5jZXN0b3JzL0NvbW1vblN0clRhdHR0b29FcXVpcG1lbnQiLCJ3IjoxLCJoIjoxLCJzY2FsZSI6MX1d/b7072892c0/CommonStrTatttooEquipment.png","baseType":"Tattoo of the Ngamahu Shaman","stackSize":10,"itemClass":5,"sparkline":{"data":[],"totalChange":0},"lowConfidenceSparkline":{"data":[0,0,0,0,0,0,0],"totalChange":0},"implicitModifiers":[],"explicitModifiers":[{"text":"15% reduced Ignite Duration on you","optional":false}],"flavourText":"","chaosValue":1.00,"exaltedValue":0,"divineValue":0,"count":1,"detailsId":"tattoo-of-the-ngamahu-shaman","tradeInfo":[],"listingCount":3}]}