{"lines":[{"id":1264,"name":"Shavronne's Pace","icon":"https://web.poecdn.com/gen/image/WzI1LDE0LHsiZiI6IjJESXRlbXMvQXJtb3Vycy9Cb290cy9TaGF2cm9ubmVzUGFjZSIsInciOjIsImgiOjIsInNjYWxlIjoxfV0/065a61276a/ShavronnesPace.png","levelRequired":32,"baseType":"Scholar Boots","itemClass":3,"sparkline":{"data":[],"totalChange":0},"lowConfidenceSparkline":{"data":[0,0,0,0,0,0,0],"totalChange":0},"implicitModifiers":[],"explicitModifiers":[{"text":"+10 to Dexterity","optional":true},{"text":"+(10-30) to Intelligence","optional":false},{"text":"(50-140)% increased Energy Shield","optional":false},{"text":"15% increased Movement Speed","optional":true},{"text":"(20-35)% increased Movement Speed when on Full Life","optional":false},{"text":"(10-200)% increased Stun and Block Recovery","optional":false}],"flavourText":"Shavronne raced to Brutus' side,\nher last hope against the Karui tide.","itemType":"Boots","chaosValue":100.00,"exaltedValue":0,"divineValue":0,"count":1,"detailsId":"shavronnes-pace-scholar-boots","tradeInfo":[],"listingCount":349},{"id":98141,"name":"Ghostwrithe","icon":"https://web.poecdn.com/gen/image/WzI1LDE0LHsiZiI6IjJESXRlbXMvQXJtb3Vycy9Cb2R5QXJtb3Vycy9HaG9zdHdlYXZlIiwidyI6MiwiaCI6Mywic2NhbGUiOjF9XQ/95d1911033/Ghostweave.png","levelRequired":11,"baseType":"Silken Vest","itemClass":3,"sparkline":{"data":[],"totalChange":0},"lowConfidenceSparkline":{"data":[0,0,0,0,0,0,0],"totalChange":0},"implicitModifiers":[],"explicitModifiers":[{"text":"+(100-200) to maximum Energy Shield","optional":false},{"text":"+(50-100) to maximum Life","optional":false},{"text":"+50% to Chaos Resistance","optional":false},{"text":"50% of Maximum Life Converted to Energy Shield","optional":false}],"flavourText":"Faith springs abundant at the edge of death.","itemType":"Body Armour","chaosValue":100.00,"exaltedValue":0,"divineValue":0,"count":1,"detailsId":"ghostwrithe-silken-vest","tradeInfo":[],"listingCount":33},{"id":42,"name":"Alberon's Warpath","icon":"https://web.poecdn.com/gen/image/WzI1LDE0LHsiZiI6IjJESXRlbXMvQXJtb3Vycy9Cb290cy9BbGJlcm9uc3dhcnBhdGgiLCJ3IjoyLCJoIjoyLCJzY2FsZSI6MX1d/be7b089ef3/Alberonswarpath.png","levelRequired":49,"baseType":"Soldier Boots","itemClass":3,"sparkline":{"data":[],"totalChange":0},"lowConfidenceSparkline":{"data":[null,null,null,null,0,0,0],"totalChange":0},"implicitModifiers":[{"text":"Item sells for much more to vendors","optional":true}],"explicitModifiers":[{"text":"(15-18)% increased Strength","optional":false},{"text":"Adds 1 to 80 Chaos Damage to Attacks","optional":false},{"text":"+(180-220) to Armour","optional":false},{"text":"+(9-19)% to Chaos Resistance","optional":false},{"text":"(20-25)% increased Movement Speed","optional":false},{"text":"Summoned Skeleton Warriors are Permanent and Follow you","optional":true},{"text":"+1 to maximum number of Skeletons","optional":true},{"text":"Summoned Skeleton Warriors are Permanent and Follow you\nSummon Skeletons cannot Summon more than 1 Skeleton Warrior","optional":true}],"flavourText":"Alberon walked among the accursed,\nand they welcomed him.","itemType":"Boots","chaosValue":50.00,"exaltedValue":0,"divineValue":0,"count":1,"detailsId":"alberons-warpath-soldier-boots","tradeInfo":[],"listingCount":228},{"id":252,"name":"Chalice of Horrors","icon":"https://web.poecdn.com/gen/image/WzI1LDE0LHsiZiI6IjJESXRlbXMvQXJtb3Vycy9TaGllbGRzL0NoYWxpY2VvZmhvcnJvcnMiLCJ3IjoyLCJoIjoyLCJzY2FsZSI6MX1d/532f7ec81c/Chaliceofhorrors.png","levelRequired":29,"baseType":"War Buckler","itemClass":3,"sparkline":{"data":[],"totalChange":0},"lowConfidenceSparkline":{"data":[0,0,0,0,426.32,426.32,426.32],"totalChange":426.32},"implicitModifiers":[{"text":"9% increased Movement Speed","optional":true}],"explicitModifiers":[{"text":"+(1-3) to Level of Socketed Curse Gems","optional":false},{"text":"(30-50)% increased Evasion Rating","optional":false},{"text":"+(50-70) to maximum Energy Shield","optional":true},{"text":"+(40-50) to maximum Life","optional":true},{"text":"+20% Chance to Block Attack Damage from Cursed Enemies","optional":true},{"text":"+5% Chance to Block","optional":true},{"text":"Inflict Decay on Enemies you Curse with Hex Skills, dealing 700 Chaos Damage per Second for 8 Seconds","optional":true},{"text":"(10-100)% Chance to Cause Monster to Flee on Block","optional":false},{"text":"Curse Skills have 100% increased Skill Effect Duration","optional":true},{"text":"1% of Damage Leeched as Life against Cursed Enemies","optional":true}],"flavourText":"An eye for an eye. A curse for a curse.","itemType":"Shield","chaosValue":50.00,"exaltedValue":0,"divineValue":0,"count":1,"detailsId":"chalice-of-horrors-war-buckler","tradeInfo":[],"listingCount":319},{"id":458,"name":"Dusktoe","icon":"https://web.poecdn.com/gen/image/WzI1LDE0LHsiZiI6IjJESXRlbXMvQXJtb3Vycy9Cb290cy9Cb290c1N0ckRleFVuaXF1ZTMiLCJ3IjoyLCJoIjoyLCJzY2FsZSI6MX1d/39b842cf85/BootsStrDexUnique3.png","levelRequired":18,"baseType":"Ironscale Boots","itemClass":3,"sparkline":{"data":[],"totalChange":0},"lowConfidenceSparkline":{"data":[null,null,null,null,0,0,0],"totalChange":0},"implicitModifiers":[{"text":"Item sells for much more to vendors","optional":true}],"explicitModifiers":[{"text":"(40-100)% increased Armour and Evasion","optional":false},{"text":"+(10-30) to maximum Life","optional":true},{"text":"+(10-20) to maximum Mana","optional":true},{"text":"(15-20)% increased Movement Speed","optional":false},{"text":"50% increased Stun and Block Recovery","optional":true},{"text":"20% reduced Light Radius","optional":false},{"text":"+50% to Chaos Resistance during any Flask Effect","optional":false},{"text":"Adds (15-40) to (25-60) Chaos Damage to Spells and Attacks during any Flask Effect","optional":true}],"flavourText":"\"A lick of shadow may ease \nthe petty frictions of one's life.\"\n- Inquisitor Maligaro","itemType":"Boots","chaosValue":50.00,"exaltedValue":0,"divineValue":0,"count":1,"detailsId":"dusktoe-ironscale-boots","tradeInfo":[],"listingCount":290},{"id":765,"name":"Lochtonial Caress","icon":"https://web.poecdn.com/gen/image/WzI1LDE0LHsiZiI6IjJESXRlbXMvQXJtb3Vycy9HbG92ZXMvTG9jaHRvbmlhbENhcmVzcyIsInciOjIsImgiOjIsInNjYWxlIjoxfV0/4609116291/LochtonialCaress.png","baseType":"Iron Gauntlets","itemClass":3,"sparkline":{"data":[],"totalChange":0},"lowConfidenceSparkline":{"data":[null,0,0,0,0,0,0],"totalChange":0},"implicitModifiers":[{"text":"Item sells for much more to vendors","optional":true}],"explicitModifiers":[{"text":"(10-15)% increased Attack Speed","optional":false},{"text":"(10-15)% increased Cast Speed","optional":false},{"text":"+(20-30) to maximum Life","optional":true},{"text":"+(10-20) to Armour","optional":true},{"text":"(10-15)% reduced maximum Mana","optional":false},{"text":"(10-15)% chance to gain a Power, Frenzy or Endurance Charge on Kill","optional":true},{"text":"Conduit","optional":false}],"flavourText":"Why cling to your sanity? It offers you nothing.\nSurrender to me, and I will grant you everything.","itemType":"Gloves","chaosValue":50.00,"exaltedValue":0,"divineValue":0,"count":1,"detailsId":"lochtonial-caress-iron-gauntlets","tradeInfo":[],"listingCount":329},{"id":1692,"name":"Three-step Assault","icon":"https://web.poecdn.com/gen/image/WzI1LDE0LHsiZiI6IjJESXRlbXMvQXJtb3Vycy9Cb290cy9UaHJlZVN0ZXBBc3NhdWx0IiwidyI6MiwiaCI6Miwic2NhbGUiOjF9XQ/56daf8a36a/ThreeStepAssault.png","levelRequired":55,"baseType":"Shagreen Boots","itemClass":3,"sparkline":{"data":[],"totalChange":0},"lowConfidenceSparkline":{"data":[null,null,null,null,0,0,0],"totalChange":0},"implicitModifiers":[],"explicitModifiers":[{"text":"+(25-35) to Dexterity","optional":false},{"text":"(20-40)% increased Evasion Rating","optional":false},{"text":"(40-100)% increased Evasion Rating during Onslaught","optional":false},{"text":"+(31-70) to maximum Life","optional":false},{"text":"(20-25)% increased Movement Speed","optional":false},{"text":"(10-30)% chance to Avoid Elemental Ailments while Phasing","optional":false},{"text":"10% chance to Dodge Spell Hits while Phasing","optional":true}],"flavourText":"Move in with haste.\nStrike quick, strike hard.\nVanish like smoke in the wind.","itemType":"Boots","chaosValue":50.00,"exaltedValue":0,"divineValue":0,"count":1,"detailsId":"three-step-assault-shagreen-boots","tradeInfo":[],"listingCount":224},{"id":1716,"name":"Trolltimber Spire","icon":"https://web.poecdn.com/gen/image/WzI1LDE0LHsiZiI6IjJESXRlbXMvQXJtb3Vycy9TaGllbGRzL1NoaWVsZFN0clVuaXF1ZTMiLCJ3IjoyLCJoIjo0LCJzY2FsZSI6MX1d/062f3d11c8/ShieldStrUnique3.png","levelRequired":17,"baseType":"Cedar Tower Shield","itemClass":3,"sparkline":{"data":[],"totalChange":0},"lowConfidenceSparkline":{"data":[0,0,0,0,0,0,0],"totalChange":0},"implicitModifiers":[{"text":"+(20-30) to maximum Life","optional":true}],"explicitModifiers":[{"text":"(130-150)% increased Armour","optional":true},{"text":"+(40-60) to maximum Life","optional":false},{"text":"Regenerate 0.5% of Life per second","optional":true},{"text":"1% of Damage Leeched as Life for Skills used by Totems","optional":true},{"text":"15% increased Area of Effect for Skills used by Totems","optional":false},{"text":"0.5% of Damage dealt by your Totems is Leeched to you as Life","optional":true},{"text":"You and your Totems Regenerate 0.5% of Life per second for each Summoned Totem","optional":false}],"flavourText":"The problem with working fresh trolltimber:\nby the time you've carved out one end, \nthe other has sprouted fresh roots!","itemType":"Shield","chaosValue":50.00,"exaltedValue":0,"divineValue":0,"count":1,"detailsId":"trolltimber-spire-cedar-tower-shield","tradeInfo":[],"listingCount":82},{"id":2196,"name":"Dendrobate","icon":"https://web.poecdn.com/gen/image/WzI1LDE0LHsiZiI6IjJESXRlbXMvQXJtb3Vycy9Cb2R5QXJtb3Vycy9EZW5kcm9iYXRpcyIsInciOjIsImgiOjMsInNjYWxlIjoxfV0/7c2d6dd5ce/Dendrobatis.png","levelRequired":59,"baseType":"Sentinel Jacket","itemClass":3,"sparkline":{"data":[],"totalChange":0},"lowConfidenceSparkline":{"data":[0,0,0,0,0,0,0],"totalChange":0},"implicitModifiers":[],"explicitModifiers":[{"text":"Socketed Gems are Supported by Level 10 Chance to Poison","optional":false},{"text":"Socketed Gems are Supported by Level 10 Lesser Poison","optional":true},{"text":"(130-150)% increased Evasion and Energy Shield","optional":false},{"text":"+40 to maximum Energy Shield","optional":false},{"text":"+(15-25)% to all Elemental Resistances","optional":false},{"text":"(75-100)% increased Damage with Poison if you have at least 300 Dexterity","optional":false},{"text":"(15-25)% increased Poison Duration if you have at least 150 Intelligence","optional":false}],"flavourText":"Ask any tracker and they'll tell you:\nthe most dangerous animals\nare the ones who don't bother to hide.","itemType":"Body Armour","chaosValue":50.00,"exaltedValue":0,"divineValue":0,"count":1,"detailsId":"dendrobate-sentinel-jacket","tradeInfo":[],"listingCount":142},{"id":42333,"name":"Fleshcrafter","icon":"https://web.poecdn.com/gen/image/WzI1LDE0LHsiZiI6IjJESXRlbXMvQXJtb3Vycy9Cb2R5QXJtb3Vycy9Fc3NlbmNlR2lmdGVyIiwidyI6MiwiaCI6Mywic2NhbGUiOjF9XQ/3b3446e019/EssenceGifter.png","levelRequired":59,"baseType":"Necromancer Silks","itemClass":3,"sparkline":{"data":[],"totalChange":0},"lowConfidenceSparkline":{"data":[0,0,0,0,0,0,0],"totalChange":0},"implicitModifiers":[],"explicitModifiers":[{"text":"(100-150)% increased Energy Shield","optional":false},{"text":"Minions Convert 2% of their Maximum Life to Maximum Energy\nShield per 1% Chaos Resistance they have","optional":false},{"text":"Chaos Damage taken does not bypass Minions' Energy Shield","optional":false},{"text":"Chaos Damage does not bypass Minions' Energy Shield","optional":true},{"text":"Minions have (50-100)% faster start of Energy Shield Recharge","optional":false},{"text":"While Minions have Energy Shield, their Hits Ignore Monster Elemental Resistances","optional":false}],"flavourText":"Imbue the body with stolen spirit, hold the leash tight.","itemType":"Body Armour","chaosValue":50.00,"exaltedValue":0,"divineValue":0,"count":1,"detailsId":"fleshcrafter-necromancer-silks","tradeInfo":[],"listingCount":11},{"id":100,"name":"Asenath's Mark","icon":"https://web.poecdn.com/gen/image/WzI1LDE0LHsiZiI6IjJESXRlbXMvQXJtb3Vycy9IZWxtZXRzL0h5cnJpc01hcmsiLCJ3IjoyLCJoIjoyLCJzY2FsZSI6MX1d/4e0f1cc6a8/HyrrisMark.png","levelRequired":8,"baseType":"Iron Circlet","itemClass":3,"sparkline":{"data":[],"totalChange":0},"lowConfidenceSparkline":{"data":[0,0,0,0,0,0,0],"totalChange":0},"implicitModifiers":[],"explicitModifiers":[{"text":"Trigger a Socketed Spell when you Attack with a Bow, with a 0.3 second Cooldown","optional":true},{"text":"(30-60)% increased Spell Damage","optional":true},{"text":"(10-15)% increased Cast Speed","optional":true},{"text":"(10-15)% increased Attack Speed","optional":false},{"text":"+(30-50) to maximum Energy Shield","optional":false},{"text":"30% increased Mana Regeneration Rate","optional":false},{"text":"5% increased Movement Speed","optional":true},{"text":"(10-15)% increased Stun and Block Recovery","optional":true}],"flavourText":"Asenath's mind was as quick and nimble\nas the fingers that drew her bowstring.","itemType":"Helmet","chaosValue":45.00,"exaltedValue":0,"divineValue":0,"count":1,"detailsId":"asenaths-mark-iron-circlet","tradeInfo":[],"listingCount":312},{"id":759,"name":"Lioneye's Remorse","icon":"https://web.poecdn.com/gen/image/WzI1LDE0LHsiZiI6IjJESXRlbXMvQXJtb3Vycy9TaGllbGRzL1NoaWVsZFN0clVuaXF1ZTYiLCJ3IjoyLCJoIjo0LCJzY2FsZSI6MX1d/dd7ee8e1a0/ShieldStrUnique6.png","levelRequired":70,"baseType":"Pinnacle Tower Shield","itemClass":3,"sparkline":{"data":[],"totalChange":0},"lowConfidenceSparkline":{"data":[0,0,0,0,0,0,0],"totalChange":0},"implicitModifiers":[{"text":"+(20-30) to maximum Life","optional":true}],"explicitModifiers":[{"text":"(180-250)% increased Armour","optional":false},{"text":"+(80-200) to maximum Life","optional":false},{"text":"5% reduced Movement Speed","optional":false},{"text":"20% increased Stun and Block Recovery","optional":false},{"text":"-25 Physical Damage taken from Projectile Attacks","optional":false},{"text":"+5% Chance to Block","optional":false}],"flavourText":"Marceus' unblemished shield is a testament\nto his arrogance... and his fate.","itemType":"Shield","chaosValue":45.00,"exaltedValue":0,"divineValue":0,"count":1,"detailsId":"lioneyes-remorse-pinnacle-tower-shield","tradeInfo":[],"listingCount":148},{"id":1833,"name":"Wake of Destruction","icon":"https://web.poecdn.com/gen/image/WzI1LDE0LHsiZiI6IjJESXRlbXMvQXJtb3Vycy9Cb290cy9XYWtlT2ZEZXN0cnVjdGlvbiIsInciOjIsImgiOjIsInNjYWxlIjoxfV0/5964f215f5/WakeOfDestruction.png","levelRequired":28,"baseType":"Mesh Boots","itemClass":3,"sparkline":{"data":[],"totalChange":0},"lowConfidenceSparkline":{"data":[0,0,0,0,0,0,0],"totalChange":0},"implicitModifiers":[],"explicitModifiers":[{"text":"Adds 1 to 120 Lightning Damage to Attacks","optional":false},{"text":"(20-60)% increased Armour and Energy Shield","optional":false},{"text":"+(10-20) Life gained on Kill","optional":true},{"text":"Gain (10-20) Life per Enemy Killed","optional":false},{"text":"15% increased Movement Speed","optional":true},{"text":"Drops Shocked Ground while moving, lasting 2 seconds","optional":true},{"text":"10% chance to Cause Monsters to Flee","optional":true}],"flavourText":"Tempest's power given form,\nFlee before the walking storm.","itemType":"Boots","chaosValue":45.00,"exaltedValue":0,"divineValue":0,"count":1,"detailsId":"wake-of-destruction-mesh-boots","tradeInfo":[],"listingCount":284},{"id":575,"name":"Goldrim","icon":"https://web.poecdn.com/gen/image/WzI1LDE0LHsiZiI6IjJESXRlbXMvQXJtb3Vycy9IZWxtZXRzL0hlbG1ldERleFVuaXF1ZTIiLCJ3IjoyLCJoIjoyLCJzY2FsZSI6MX1d/7f4908ef2f/HelmetDexUnique2.png","baseType":"Leather Cap","itemClass":3,"sparkline":{"data":[],"totalChange":0},"lowConfidenceSparkline":{"data":[null,0,0,0,0,0,0],"totalChange":0},"implicitModifiers":[{"text":"Item sells for much more to vendors","optional":true}],"explicitModifiers":[{"text":"+(30-50) to Evasion Rating","optional":false},{"text":"10% increased Rarity of Items found","optional":false},{"text":"+(30-40)% to all Elemental Resistances","optional":false},{"text":"Reflects 4 Physical Damage to Melee Attackers","optional":false}],"flavourText":"No metal slips as easily through the fingers as gold.","itemType":"Helmet","chaosValue":20.00,"exaltedValue":0,"divineValue":0,"count":1,"detailsId":"goldrim-leather-cap","tradeInfo":[],"listingCount":454},{"id":612,"name":"Heatshiver","icon":"https://web.poecdn.com/gen/image/WzI1LDE0LHsiZiI6IjJESXRlbXMvQXJtb3Vycy9IZWxtZXRzL0hlYXRzaGl2ZXIiLCJ3IjoyLCJoIjoyLCJzY2FsZSI6MX1d/b1860c890e/Heatshiver.png","levelRequired":20,"baseType":"Leather Hood","itemClass":3,"sparkline":{"data":[],"totalChange":0},"lowConfidenceSparkline":{"data":[null,null,null,0,0,0,0],"totalChange":0},"implicitModifiers":[{"text":"Item sells for much more to vendors","optional":true}],"explicitModifiers":[{"text":"+1 to Level of Socketed Fire Gems","optional":true},{"text":"+1 to Level of Socketed Cold Gems","optional":true},{"text":"(80-100)% increased Evasion Rating","optional":false},{"text":"60% increased Mana Regeneration Rate","optional":false},{"text":"+(-20-30)% to Fire Resistance","optional":false},{"text":"(20-30)% increased Cold Damage if you have used a Fire Skill Recently","optional":true},{"text":"Gain 1% of Cold Damage as Extra Fire Damage per 1% Chill Effect on Enemy","optional":true},{"text":"+(-20-30)% to Cold Resistance","optional":false},{"text":"(20-30)% increased Fire Damage if you have used a Cold Skill Recently","optional":true},{"text":"Gain (30-100)% of Cold Damage as Extra Fire Damage against Frozen Enemies","optional":true}],"flavourText":"Give of your heated passions.\nGive of your cold resolve.\nYou will be repaid.","itemType":"Helmet","chaosValue":20.00,"exaltedValue":0,"divineValue":0,"count":1,"detailsId":"heatshiver-leather-hood","tradeInfo":[],"listingCount":383},{"id":1962,"name":"Voll's Vision","icon":"https://web.poecdn.com/gen/image/WzI1LDE0LHsiZiI6IjJESXRlbXMvQXJtb3Vycy9IZWxtZXRzL1ZvbGxzVmlzaW9uIiwidyI6MiwiaCI6Miwic2NhbGUiOjF9XQ/c8dd3f6cf3/VollsVision.png","levelRequired":68,"baseType":"Praetor Crown","itemClass":3,"sparkline":{"data":[],"totalChange":0},"lowConfidenceSparkline":{"data":[null,0,0,0,0,0,0],"totalChange":0},"implicitModifiers":[{"text":"Item sells for much more to vendors","optional":true}],"explicitModifiers":[{"text":"+(260-300) to Armour","optional":false},{"text":"+(26-32)% to Fire Resistance","optional":false},{"text":"+(8-16)% to Chaos Resistance","optional":false},{"text":"20% increased Light Radius","optional":false},{"text":"(8-12)% increased Maximum Life if no Equipped Items are Corrupted","optional":false},{"text":"Regenerate (100-400) Life per second if no Equipped Items are Corrupted","optional":false}],"flavourText":"Righteous men seek virtue like tame pups seek praise.","itemType":"Helmet","chaosValue":20.00,"exaltedValue":0,"divineValue":0,"count":1,"detailsId":"volls-vision-praetor-crown","tradeInfo":[],"listingCount":48},{"id":2298,"name":"Memory Vault","icon":"https://web.poecdn.com/gen/image/WzI1LDE0LHsiZiI6IjJESXRlbXMvQXJtb3Vycy9IZWxtZXRzL0VsZGVyR3VhcmRpYW4iLCJ3IjoyLCJoIjoyLCJzY2FsZSI6MX1d/efcf4a9c86/ElderGuardian.png","levelRequired":68,"baseType":"Praetor Crown","itemClass":3,"sparkline":{"data":[],"totalChange":0},"lowConfidenceSparkline":{"data":[0,0,0,0,0,0,0],"totalChange":0},"implicitModifiers":[{"text":"Item sells for much more to vendors","optional":true}],"explicitModifiers":[{"text":"+(130-160) to maximum Energy Shield","optional":false},{"text":"+(150-200) to maximum Mana","optional":false},{"text":"(30-40)% increased Mana Regeneration Rate","optional":false},{"text":"+(20-30)% to Fire Resistance","optional":false},{"text":"10% increased Mana Reserved","optional":true},{"text":"10% increased Reservation of Skills","optional":true},{"text":"20% reduced Reservation Efficiency of Skills","optional":false},{"text":"Gain Armour equal to your Reserved Mana","optional":true},{"text":"1% increased Armour per 50 Reserved Mana","optional":false}],"flavourText":"Your memories are a bridge to the past.\nLet no one cross.","itemType":"Helmet","chaosValue":20.00,"exaltedValue":0,"divineValue":0,"count":1,"detailsId":"memory-vault-praetor-crown","tradeInfo":[],"listingCount":43},{"id":992,"name":"Queen of the Forest","icon":"https://web.poecdn.com/gen/image/WzI1LDE0LHsiZiI6IjJESXRlbXMvQXJtb3Vycy9Cb2R5QXJtb3Vycy9RdWVlbm9mdGhlRm9yZXN0IiwidyI6MiwiaCI6Mywic2NhbGUiOjF9XQ/bd3ec993e7/QueenoftheForest.png","levelRequired":59,"baseType":"Destiny Leather","itemClass":3,"sparkline":{"data":[],"totalChange":0},"lowConfidenceSparkline":{"data":[0,0,0,0,0,-65.45,-65.45],"totalChange":-65.45},"implicitModifiers":[],"explicitModifiers":[{"text":"(200-380)% increased Evasion Rating","optional":false},{"text":"+(60-70) to maximum Life","optional":false},{"text":"+(6-10)% to Fire Resistance","optional":false},{"text":"+(26-40)% to Cold Resistance","optional":false},{"text":"+(11-25)% to Lightning Resistance","optional":false},{"text":"25% reduced Movement Speed","optional":false},{"text":"1% increased Movement Speed per (450-600) Evasion Rating, up to 75%","optional":false},{"text":"-(50-40) Physical Damage taken from Hits by Animals","optional":false}],"flavourText":"Shedding away her regal past, \nshe forged a new destiny. \nSacrificing the ephemeral joys of man, \nshe embraced the eternal grasp of nature. \nSeizing her one true wish, \nshe found peace at last.","itemType":"Body Armour","chaosValue":19.00,"exaltedValue":0,"divineValue":0,"count":2,"detailsId":"queen-of-the-forest-destiny-leather","tradeInfo":[],"listingCount":181},{"id":53417,"name":"Hrimnor's Resolve","icon":"https://web.poecdn.com/gen/image/WzI1LDE0LHsiZiI6IjJESXRlbXMvQXJtb3Vycy9IZWxtZXRzL0hyaW1ub3JzUmVzb2x2ZSIsInciOjIsImgiOjIsInNjYWxlIjoxfV0/cb3ab90132/HrimnorsResolve.png","levelRequired":55,"baseType":"Samnite Helmet","itemClass":3,"sparkline":{"data":[],"totalChange":0},"lowConfidenceSparkline":{"data":[0,190,190,190,190,190,190],"totalChange":190},"implicitModifiers":[{"text":"Item sells for much more to vendors","optional":true}],"explicitModifiers":[{"text":"(10-40)% increased Fire Damage","optional":false},{"text":"(40-120)% increased Armour","optional":false},{"text":"+(50-70) to maximum Life","optional":true},{"text":"+30% to Cold Resistance","optional":false},{"text":"50% chance to Avoid being Chilled","optional":true},{"text":"Cannot be Chilled or Frozen if you have used a Fire Skill Recently","optional":true},{"text":"50% chance to Avoid being Frozen","optional":true},{"text":"100% chance to Avoid being Chilled or Frozen if you have used a Fire Skill Recently","optional":true},{"text":"10% increased Stun and Block Recovery","optional":true}],"flavourText":"Hrimnor's presence was as cold as ice,\nbut his heart burned for vengeance.","itemType":"Helmet","chaosValue":14.50,"exaltedValue":0,"divineValue":0,"count":2,"detailsId":"hrimnors-resolve-samnite-helmet","tradeInfo":[],"listingCount":59},{"id":884,"name":"Ondar's Clasp","icon":"https://web.poecdn.com/gen/image/WzI1LDE0LHsiZiI6IjJESXRlbXMvQXJtb3Vycy9HbG92ZXMvT25kYXJzQ2xhc3AiLCJ3IjoyLCJoIjoyLCJzY2FsZSI6MX1d/029ff8ad2d/OndarsClasp.png","levelRequired":5,"baseType":"Wrapped Mitts","itemClass":3,"sparkline":{"data":[],"totalChange":0},"lowConfidenceSparkline":{"data":[0,0,0,0,0,0,-70],"totalChange":-70},"implicitModifiers":[],"explicitModifiers":[{"text":"(20-30)% increased Attack Speed when on Full Life","optional":false},{"text":"Adds (1-4) to (13-50) Lightning Damage to Attacks","optional":false},{"text":"+(50-200) to Accuracy Rating","optional":false},{"text":"(10-20)% increased Movement Speed when on Low Life","optional":false}],"flavourText":"A single lightning strike fells a man.\nA single knife stroke fells an empire.","itemType":"Gloves","chaosValue":13.50,"exaltedValue":0,"divineValue":0,"count":2,"detailsId":"ondars-clasp-wrapped-mitts","tradeInfo":[],"listingCount":356},{"id":1779,"name":"Victario's Influence","icon":"https://web.poecdn.com/gen/image/WzI1LDE0LHsiZiI6IjJESXRlbXMvQXJtb3Vycy9Cb2R5QXJtb3Vycy9WaWN0YXJpb3NKYWNrZXQiLCJ3IjoyLCJoIjozLCJzY2FsZSI6MX1d/b50998d963/VictariosJacket.png","levelRequired":52,"baseType":"Lacquered Garb","itemClass":3,"sparkline":{"data":[],"totalChange":0},"lowConfidenceSparkline":{"data":[0,0,-45,-45,-45,-45,-45],"totalChange":-45},"implicitModifiers":[{"text":"Item sells for much more to vendors","optional":true}],"explicitModifiers":[{"text":"+1 to Level of Socketed Aura Gems","optional":false},{"text":"Socketed Gems are Supported by Level (1-30) Generosity","optional":false},{"text":"Socketed Gems have (20-30)% reduced Mana Reservation","optional":true},{"text":"Socketed Gems have (20-30)% reduced Reservation","optional":true},{"text":"Socketed Gems have (20-45)% increased Reservation Efficiency","optional":false},{"text":"(120-150)% increased Evasion and Energy Shield","optional":false},{"text":"(10-40)% increased Area of Effect of Aura Skills","optional":false},{"text":"(10-15)% increased effect of Non-Curse Auras from your Skills","optional":false}],"flavourText":"\"Every life is a story.\nIf you're not writing your own,\nyou'd better know who's writing it for you!\"\n- Victario, the People's Poet","itemType":"Body Armour","chaosValue":11.00,"exaltedValue":0,"divineValue":0,"count":2,"detailsId":"victarios-influence-lacquered-garb","tradeInfo":[],"listingCount":104},{"id":20758,"name":"March of the Legion","icon":"https://web.poecdn.com/gen/image/WzI1LDE0LHsiZiI6IjJESXRlbXMvQXJtb3Vycy9Cb290cy9BdXJhQm9vdHMiLCJ3IjoyLCJoIjoyLCJzY2FsZSI6MX1d/736eee69a4/AuraBoots.png","levelRequired":58,"baseType":"Legion Boots","itemClass":3,"sparkline":{"data":[],"totalChange":0},"lowConfidenceSparkline":{"data":[0,0,0,0,null,null,0],"totalChange":0},"implicitModifiers":[{"text":"Item sells for much more to vendors","optional":true}],"explicitModifiers":[{"text":"+(2-5) to Level of Socketed Aura Gems","optional":false},{"text":"Socketed Gems are Supported by Level 25 Blessing","optional":true},{"text":"Socketed Gems are Supported by Level 25 Divine Blessing","optional":false},{"text":"(250-300)% increased Armour and Energy Shield","optional":false},{"text":"+(12-18)% to all Elemental Resistances","optional":false},{"text":"(20-30)% increased Movement Speed","optional":false}],"flavourText":"When the time comes to face evil, the faithful are never alone.","itemType":"Boots","chaosValue":10.00,"exaltedValue":0,"divineValue":0,"count":1,"detailsId":"march-of-the-legion-legion-boots","tradeInfo":[],"listingCount":40},{"id":4750,"name":"Volkuur's Guidance","icon":"https://web.poecdn.com/gen/image/WzI1LDE0LHsiZiI6IjJESXRlbXMvQXJtb3Vycy9HbG92ZXMvUGFsZUNvdW5jaWxHbG92ZXMiLCJ3IjoyLCJoIjoyLCJzY2FsZSI6MX1d/3271f5441a/PaleCouncilGloves.png","levelRequired":43,"baseType":"Zealot Gloves","variant":"Cold","itemClass":3,"sparkline":{"data":[],"totalChange":0},"lowConfidenceSparkline":{"data":[0,0,0,0,0,0,0],"totalChange":0},"implicitModifiers":[],"explicitModifiers":[{"text":"Adds (16-20) to (25-30) Cold Damage to Spells and Attacks","optional":false},{"text":"+(50-70) to maximum Life","optional":false},{"text":"+(30-40)% to Cold Resistance","optional":false},{"text":"Your Cold Damage can Poison","optional":false},{"text":"50% less Poison Duration","optional":false},{"text":"Cold Skills have 20% chance to Poison on Hit","optional":false}],"flavourText":"You do not cease to be when you die\nany more than the caterpillar ceases to be when it cocoons.\nCome, let me show you.","itemType":"Gloves","chaosValue":8.00,"exaltedValue":0,"divineValue":0,"count":1,"detailsId":"volkuurs-guidance-cold-zealot-gloves","tradeInfo":[],"listingCount":9},{"id":22344,"name":"Triad Grip","icon":"https://web.poecdn.com/gen/image/WzI1LDE0LHsiZiI6IjJESXRlbXMvQXJtb3Vycy9HbG92ZXMvTWluaW9uQ29udmVyc2lvbkdsb3ZlcyIsInciOjIsImgiOjIsInNjYWxlIjoxfV0/6b9b027d0f/MinionConversionGloves.png","levelRequired":32,"baseType":"Mesh Gloves","itemClass":3,"sparkline":{"data":[],"totalChange":0},"lowConfidenceSparkline":{"data":[0,0,0,0,0,126.47,126.47],"totalChange":126.47},"implicitModifiers":[],"explicitModifiers":[{"text":"(80-120)% increased Armour and Energy Shield","optional":false},{"text":"Minions convert 25% of Physical Damage to Fire Damage per Red Socket","optional":false},{"text":"Minions convert 25% of Physical Damage to Cold Damage per Green Socket","optional":false},{"text":"Minions convert 25% of Physical Damage to Lightning Damage per Blue Socket","optional":false},{"text":"Minions convert 25% of Physical Damage to Chaos Damage per White Socket","optional":false},{"text":"Minions have (5-10)% chance to Freeze, Shock and Ignite","optional":false}],"flavourText":"The secret of the elements lies within a square triangle.","itemType":"Gloves","chaosValue":7.70,"exaltedValue":0,"divineValue":0,"count":2,"detailsId":"triad-grip-mesh-gloves","tradeInfo":[],"listingCount":109},{"id":643,"name":"Hrimsorrow","icon":"https://web.poecdn.com/gen/image/WzI1LDE0LHsiZiI6IjJESXRlbXMvQXJtb3Vycy9HbG92ZXMvSHJpbXNvcnJvdyIsInciOjIsImgiOjIsInNjYWxlIjoxfV0/bc13b3487c/Hrimsorrow.png","levelRequired":9,"baseType":"Goathide Gloves","itemClass":3,"sparkline":{"data":[],"totalChange":0},"lowConfidenceSparkline":{"data":[0,140,140,140,140,140,140],"totalChange":140},"implicitModifiers":[],"explicitModifiers":[{"text":"+(20-30) to Strength","optional":false},{"text":"Adds (5-7) to (13-15) Cold Damage to Spells and Attacks","optional":true},{"text":"+(40-50) to Evasion Rating","optional":false},{"text":"+(10-30)% to Cold Resistance","optional":false},{"text":"(25-100)% of Physical Damage Converted to Cold Damage","optional":false},{"text":"Reflects (10-100) Cold Damage to Melee Attackers","optional":false}],"flavourText":"Of ancient giants, none remain,\nTheir only trace is timeless pain.","itemType":"Gloves","chaosValue":7.20,"exaltedValue":0,"divineValue":0,"count":2,"detailsId":"hrimsorrow-goathide-gloves","tradeInfo":[],"listingCount":427},{"id":2253,"name":"Wraithlord","icon":"https://web.poecdn.com/gen/image/WzI1LDE0LHsiZiI6IjJESXRlbXMvQXJtb3Vycy9IZWxtZXRzL1dyYWl0aGxvcmQiLCJ3IjoyLCJoIjoyLCJzY2FsZSI6MX1d/090d3d6bb3/Wraithlord.png","levelRequired":34,"baseType":"Bone Circlet","itemClass":3,"sparkline":{"data":[],"totalChange":0},"lowConfidenceSparkline":{"data":[0,0,0,0,0,0,0],"totalChange":0},"implicitModifiers":[{"text":"Item sells for much more to vendors","optional":true}],"explicitModifiers":[{"text":"+2 to Level of Socketed Minion Gems","optional":false},{"text":"(120-150)% increased Energy Shield","optional":false},{"text":"Minions Regenerate 1% of Life per second","optional":true},{"text":"+2 to maximum number of Spectres","optional":true},{"text":"+1000 to Spectre maximum Life","optional":true},{"text":"You cannot have Non-Spectre Minions","optional":true}],"flavourText":"Countless men proclaimed themselves the masters of death,\nand each one succumbed to it.","itemType":"Helmet","chaosValue":7.00,"exaltedValue":0,"divineValue":0,"count":1,"detailsId":"wraithlord-bone-circlet","tradeInfo":[],"listingCount":225},{"id":781,"name":"Maligaro's Lens","icon":"https://web.poecdn.com/gen/image/WzI1LDE0LHsiZiI6IjJESXRlbXMvQXJtb3Vycy9TaGllbGRzL01hbGlnYXJvc0xlbnMiLCJ3IjoyLCJoIjoyLCJzY2FsZSI6MX1d/514791cb42/MaligarosLens.png","levelRequired":45,"baseType":"Compound Spiked Shield","itemClass":3,"sparkline":{"data":[],"totalChange":0},"lowConfidenceSparkline":{"data":[0,0,0,0,0,0,0],"totalChange":0},"implicitModifiers":[{"text":"Reflects (51-70) Physical Damage to Melee Attackers","optional":true},{"text":"2% chance to Dodge Spell Hits","optional":true},{"text":"+(2-3)% chance to Suppress Spell Damage","optional":true}],"explicitModifiers":[{"text":"(10-15)% increased Attack Speed","optional":false},{"text":"(10-20)% increased maximum Life","optional":false},{"text":"-50% to all Elemental Resistances","optional":false},{"text":"10% increased Area of Effect","optional":false},{"text":"Nearby allies Recover (1-2)% of your Maximum Life when you Die","optional":false}],"flavourText":"\"Look around you. What do you see? \nCorruption, perversion, sin?\nNo. It is progress. \nYou simply lack the means to see it.\" \n- Inquisitor Maligaro","itemType":"Shield","chaosValue":6.00,"exaltedValue":0,"divineValue":0,"count":1,"detailsId":"maligaros-lens-compound-spiked-shield","tradeInfo":[],"listingCount":118},{"id":1769,"name":"Veil of the Night","icon":"https://web.poecdn.com/gen/image/WzI1LDE0LHsiZiI6IjJESXRlbXMvQXJtb3Vycy9IZWxtZXRzL1ZlaWxPZlRoZU5pZ2h0IiwidyI6MiwiaCI6Miwic2NhbGUiOjF9XQ/809ee0994f/VeilOfTheNight.png","levelRequired":22,"baseType":"Great Helmet","itemClass":3,"sparkline":{"data":[],"totalChange":0},"lowConfidenceSparkline":{"data":[0,0,0,0,0,0,0],"totalChange":0},"implicitModifiers":[{"text":"Item sells for much more to vendors","optional":true}],"explicitModifiers":[{"text":"(20-22)% increased Stun and Block Recovery","optional":false},{"text":"40% reduced Light Radius","optional":false},{"text":"Reflects 1 to (180-220) Lightning Damage to Attackers on Block","optional":false},{"text":"(18-22)% increased Global Defences","optional":false},{"text":"Elemental Resistances are Zero","optional":false}],"flavourText":"The seeds of greatness are planted in darkness,\nWatered by suffering,\nTended by desperation,\nAnd bloom steel flowers of victory.","itemType":"Helmet","chaosValue":6.00,"exaltedValue":0,"divineValue":0,"count":1,"detailsId":"veil-of-the-night-great-helmet","tradeInfo":[],"listingCount":174},{"id":21647,"name":"Aukuna's Will","icon":"https://web.poecdn.com/gen/image/WzI1LDE0LHsiZiI6IjJESXRlbXMvQXJtb3Vycy9HbG92ZXMvQXVrdW5hc1dpbGwiLCJ3IjoyLCJoIjoyLCJzY2FsZSI6MX1d/b3a94fe874/AukunasWill.png","levelRequired":31,"baseType":"Clasped Mitts","itemClass":3,"sparkline":{"data":[],"totalChange":0},"lowConfidenceSparkline":{"data":[0,0,0,0,0,0,0],"totalChange":0},"implicitModifiers":[],"explicitModifiers":[{"text":"+(30-40) to Dexterity","optional":false},{"text":"(5-7)% increased Cast Speed","optional":false},{"text":"(100-150)% increased Evasion and Energy Shield","optional":false},{"text":"Raised Zombies have (80-100)% increased maximum Life","optional":false},{"text":"Raise Zombie does not require a corpse","optional":false},{"text":"Your Raised Zombies count as corpses","optional":false}],"flavourText":"The Black Sekhema's trial had only just begun.","itemType":"Gloves","chaosValue":6.00,"exaltedValue":0,"divineValue":0,"count":1,"detailsId":"aukunas-will-clasped-mitts","tradeInfo":[],"listingCount":30},{"id":7366,"name":"Curtain Call","icon":"https://web.poecdn.com/gen/image/WzI1LDE0LHsiZiI6IjJESXRlbXMvQXJtb3Vycy9IZWxtZXRzL0N1cnRhaW5DYWxsIiwidyI6MiwiaCI6Miwic2NhbGUiOjF9XQ/5f3eb95031/CurtainCall.png","levelRequired":20,"baseType":"Plague Mask","itemClass":3,"sparkline":{"data":[],"totalChange":0},"lowConfidenceSparkline":{"data":[0,0,0,0,0,490,490],"totalChange":490},"implicitModifiers":[],"explicitModifiers":[{"text":"+23 to maximum Life","optional":false},{"text":"(10-15)% reduced Mine Throwing Speed","optional":false},{"text":"Mines have (40-50)% increased Detonation Speed","optional":false},{"text":"Skills which throw Mines throw up to 1 additional Mine if you have at least 800 Dexterity","optional":false},{"text":"Skills which throw Mines throw up to 1 additional Mine if you have at least 800 Intelligence","optional":false}],"flavourText":"Sing with me one last duet,\nthe curtain closes nigh.\nJoin me in a quiet song,\nBefore we all must die.","itemType":"Helmet","chaosValue":5.90,"exaltedValue":0,"divineValue":0,"count":2,"detailsId":"curtain-call-plague-mask","tradeInfo":[],"listingCount":110},{"id":511,"name":"Ezomyte Peak","icon":"https://web.poecdn.com/gen/image/WzI1LDE0LHsiZiI6IjJESXRlbXMvQXJtb3Vycy9IZWxtZXRzL0V6b215dGVQZWFrIiwidyI6MiwiaCI6Miwic2NhbGUiOjF9XQ/058b75e4e0/EzomytePeak.png","baseType":"Iron Hat","itemClass":3,"sparkline":{"data":[],"totalChange":0},"lowConfidenceSparkline":{"data":[0,0,0,0,0,0,0],"totalChange":0},"implicitModifiers":[],"explicitModifiers":[{"text":"20% increased Global Physical Damage","optional":true},{"text":"+(15-100) to Armour","optional":false},{"text":"+(25-50) to maximum Life","optional":false},{"text":"(15-20)% increased Area of Effect","optional":true},{"text":"Unwavering Stance","optional":true},{"text":"Cannot Evade Enemy Attacks","optional":true}],"flavourText":"Centuries of servitude, a day\nof glory, an eternity of death.","itemType":"Helmet","chaosValue":5.00,"exaltedValue":0,"divineValue":0,"count":2,"detailsId":"ezomyte-peak-iron-hat","tradeInfo":[],"listingCount":396},{"id":512,"name":"Facebreaker","icon":"https://web.poecdn.com/gen/image/WzI1LDE0LHsiZiI6IjJESXRlbXMvQXJtb3Vycy9HbG92ZXMvR2xvdmVzRGV4SW50VW5pcXVlMSIsInciOjIsImgiOjIsInNjYWxlIjoxfV0/b97dda23b0/GlovesDexIntUnique1.png","levelRequired":16,"baseType":"Strapped Mitts","itemClass":3,"sparkline":{"data":[],"totalChange":0},"lowConfidenceSparkline":{"data":[0,0,0,0,0,0,0],"totalChange":0},"implicitModifiers":[{"text":"Item sells for much more to vendors","optional":true}],"explicitModifiers":[{"text":"+(30-90)% to Global Critical Strike Multiplier","optional":false},{"text":"10% reduced Enemy Stun Threshold","optional":false},{"text":"(600-1000)% more Physical Damage with Unarmed Attacks","optional":true},{"text":"(600-1000)% more Physical Damage with Unarmed Melee Attacks","optional":false},{"text":"Extra gore","optional":false}],"flavourText":"Fly like a Storm Crow, crush like a Rhoa","itemType":"Gloves","chaosValue":5.00,"exaltedValue":0,"divineValue":0,"count":1,"detailsId":"facebreaker-strapped-mitts","tradeInfo":[],"listingCount":612},{"id":742,"name":"Leer Cast","icon":"https://web.poecdn.com/gen/image/WzI1LDE0LHsiZiI6IjJESXRlbXMvQXJtb3Vycy9IZWxtZXRzL0hlbG1ldERleEludDl4IiwidyI6MiwiaCI6Miwic2NhbGUiOjF9XQ/6693f97fdf/HelmetDexInt9x.png","levelRequired":28,"baseType":"Festival Mask","itemClass":3,"sparkline":{"data":[],"totalChange":0},"lowConfidenceSparkline":{"data":[0,0,0,0,0,0,0],"totalChange":0},"implicitModifiers":[],"explicitModifiers":[{"text":"+(20-30) to Dexterity","optional":false},{"text":"(25-30)% reduced Damage","optional":false},{"text":"+(20-100) to maximum Life","optional":false},{"text":"+(20-100) to maximum Mana","optional":false},{"text":"You and nearby allies gain (15-50)% increased Damage","optional":false}],"flavourText":"For none of us are as cruel as all of us.","itemType":"Helmet","chaosValue":5.00,"exaltedValue":0,"divineValue":0,"count":1,"detailsId":"leer-cast-festival-mask","tradeInfo":[],"listingCount":147},{"id":1063,"name":"Rise of the Phoenix","icon":"https://web.poecdn.com/gen/image/WzI1LDE0LHsiZiI6IjJESXRlbXMvQXJtb3Vycy9TaGllbGRzL1Jpc2VvZnRoZXBob2VuaXgiLCJ3IjoyLCJoIjozLCJzY2FsZSI6MX1d/965404630a/Riseofthephoenix.png","levelRequired":65,"baseType":"Mosaic Kite Shield","itemClass":3,"sparkline":{"data":[],"totalChange":0},"lowConfidenceSparkline":{"data":[null,null,null,0,0,0,0],"totalChange":0},"implicitModifiers":[{"text":"+(8-16)% to all Elemental Resistances","optional":false},{"text":"Item sells for much more to vendors","optional":true}],"explicitModifiers":[{"text":"(80-300)% increased Armour and Energy Shield","optional":false},{"text":"+(40-60) to maximum Life","optional":true},{"text":"Regenerate (6-200) Life per second","optional":false},{"text":"+(5-8)% to maximum Fire Resistance","optional":false},{"text":"+(20-25)% to Fire Resistance","optional":false},{"text":"+25% to Fire Resistance while on Low Life","optional":false},{"text":"10% increased Movement Speed when on Low Life","optional":false},{"text":"Cannot be Ignited while on Low Life","optional":true},{"text":"100% chance to Avoid being Ignited while on Low Life","optional":false}],"flavourText":"My bearer shall be guarded by flame,\nfor I am the phoenix, forever radiant in glory.","itemType":"Shield","chaosValue":5.00,"exaltedValue":0,"divineValue":0,"count":1,"detailsId":"rise-of-the-phoenix-mosaic-kite-shield","tradeInfo":[],"listingCount":214},{"id":1557,"name":"The Oak","icon":"https://web.poecdn.com/gen/image/WzI1LDE0LHsiZiI6IjJESXRlbXMvQXJtb3Vycy9TaGllbGRzL1NoaWVsZFN0ckludFVuaXF1ZTIiLCJ3IjoyLCJoIjozLCJzY2FsZSI6MX1d/def84c6e93/ShieldStrIntUnique2.png","levelRequired":40,"baseType":"Plank Kite Shield","itemClass":3,"sparkline":{"data":[],"totalChange":0},"lowConfidenceSparkline":{"data":[0,0,0,0,0,0,0],"totalChange":0},"implicitModifiers":[{"text":"+(4-8)% to all Elemental Resistances","optional":false},{"text":"Item sells for much more to vendors","optional":true}],"explicitModifiers":[{"text":"(80-120)% increased Armour and Energy Shield","optional":false},{"text":"+(100-150) to maximum Life","optional":false},{"text":"50% reduced Freeze Duration on you","optional":false},{"text":"Regenerate (1-3)% of Life per second","optional":true},{"text":"Regenerate (3-6)% of Life per second while on Low Life","optional":false}],"flavourText":"Even the mightiest tree was once just a sapling.","itemType":"Shield","chaosValue":5.00,"exaltedValue":0,"divineValue":0,"count":1,"detailsId":"the-oak-plank-kite-shield","tradeInfo":[],"listingCount":29},{"id":2199,"name":"The Coming Calamity","icon":"https://web.poecdn.com/gen/image/WzI1LDE0LHsiZiI6IjJESXRlbXMvQXJtb3Vycy9Cb2R5QXJtb3Vycy9TcGlyaXRIYXJuZXNzIiwidyI6MiwiaCI6Mywic2NhbGUiOjF9XQ/69c0a6780d/SpiritHarness.png","levelRequired":53,"baseType":"Destroyer Regalia","itemClass":3,"sparkline":{"data":[],"totalChange":0},"lowConfidenceSparkline":{"data":[null,null,null,0,0,0,0],"totalChange":0},"implicitModifiers":[],"explicitModifiers":[{"text":"+2 to Level of Socketed Herald Gems","optional":false},{"text":"(80-100)% increased Energy Shield","optional":false},{"text":"35% chance to avoid being Stunned for each Herald Buff affecting you","optional":false},{"text":"35% chance to avoid being Stunned for each Herald Skill affecting you","optional":true},{"text":"Mana Reservation of Herald Skills is always 45%","optional":false}],"flavourText":"Whiff of cold, tiny spark, faintest flicker in the dark.\nEmbers swirl, ice takes form, sky exposed - Death's perfect storm.\nFrost and thunder, flames shine bright, ruin walks the land tonight.\nBy your hand they dance and bend, wield them and brook no end.","itemType":"Body Armour","chaosValue":5.00,"exaltedValue":0,"divineValue":0,"count":1,"detailsId":"the-coming-calamity-destroyer-regalia","tradeInfo":[],"listingCount":60},{"id":6936,"name":"Zeel's Amplifier","icon":"https://web.poecdn.com/gen/image/WzI1LDE0LHsiZiI6IjJESXRlbXMvQXJtb3Vycy9TaGllbGRzL1plYWxzQW1wbGlmaWVyIiwidyI6MiwiaCI6Miwic2NhbGUiOjF9XQ/d1e9af3da7/ZealsAmplifier.png","levelRequired":49,"baseType":"Polished Spiked Shield","itemClass":3,"sparkline":{"data":[],"totalChange":0},"lowConfidenceSparkline":{"data":[0,0,0,0,0,0,0],"totalChange":0},"implicitModifiers":[{"text":"+(4-7)% chance to Suppress Spell Damage","optional":false},{"text":"4% chance to Dodge Attack Hits","optional":true},{"text":"Item sells for much more to vendors","optional":true}],"explicitModifiers":[{"text":"(40-50)% increased Spell Damage","optional":false},{"text":"+(60-80) to maximum Energy Shield","optional":false},{"text":"+(50-70) to maximum Life","optional":false},{"text":"1% increased Area of Effect per Enemy killed recently, up to 50%","optional":false},{"text":"You have Zealot's Oath if you haven't been hit recently","optional":false}],"flavourText":"\"Great minds wish to reveal all the secrets of time and space.\nBut it does not matter. Creation, the act of Matter Metamorphosis, \nis the only secret worth discovering.\" \n- Zeel, Vaal Tinkerer","itemType":"Shield","chaosValue":5.00,"exaltedValue":0,"divineValue":0,"count":1,"detailsId":"zeels-amplifier-polished-spiked-shield","tradeInfo":[],"listingCount":48},{"id":21533,"name":"Fractal Thoughts","icon":"https://web.poecdn.com/gen/image/WzI1LDE0LHsiZiI6IjJESXRlbXMvQXJtb3Vycy9IZWxtZXRzL0ZyYWN0YWx0aG91Z2h0cyIsInciOjIsImgiOjIsInNjYWxlIjoxfV0/64d44c7c52/Fractalthoughts.png","levelRequired":62,"baseType":"Vaal Mask","itemClass":3,"sparkline":{"data":[],"totalChange":0},"lowConfidenceSparkline":{"data":[0,0,0,0,0,0,0],"totalChange":0},"implicitModifiers":[{"text":"Item sells for much more to vendors","optional":true}],"explicitModifiers":[{"text":"(140-180)% increased Evasion and Energy Shield","optional":false},{"text":"+(25-40)% to Critical Strike Multiplier if Dexterity is higher than Intelligence","optional":false},{"text":"15% increased Dexterity if Strength is higher than Intelligence","optional":false},{"text":"1% increased Elemental Damage per 10 Dexterity","optional":false},{"text":"+2 to Maximum Life per 10 Intelligence","optional":false}],"flavourText":"\"The more the warrior understood Tangmazu's gift, the less the mask aided him.\nHis dreams were filled with divine laughter.\"\n- Tenth Song of the Islands","itemType":"Helmet","chaosValue":5.00,"exaltedValue":0,"divineValue":0,"count":1,"detailsId":"fractal-thoughts-vaal-mask","tradeInfo":[],"listingCount":26},{"id":98216,"name":"Briskwrap","icon":"https://web.poecdn.com/gen/image/WzI1LDE0LHsiZiI6IjJESXRlbXMvQXJtb3Vycy9Cb2R5QXJtb3Vycy9Ccmlza3dyYXAiLCJ3IjoyLCJoIjozLCJzY2FsZSI6MX1d/4a3c7d71e6/Briskwrap.png","levelRequired":32,"baseType":"Sun Leather","itemClass":3,"sparkline":{"data":[],"totalChange":0},"lowConfidenceSparkline":{"data":[null,null,null,null,null,null,0],"totalChange":0},"implicitModifiers":[],"explicitModifiers":[{"text":"15% increased Dexterity","optional":false},{"text":"10% increased Attack Speed","optional":true},{"text":"+(120-180) to Evasion Rating","optional":false},{"text":"+(30-40)% to Cold Resistance","optional":false},{"text":"1% increased Damage per 15 Dexterity","optional":true},{"text":"5% increased Movement Speed","optional":true},{"text":"(60-100)% increased Mana Recovery from Flasks","optional":false}],"flavourText":"\"I carry neither food nor drink. I rely on the charity\nof my fellow wayfarers. Dead men are generous men.\"\n- Taruk of the Wildmen","itemType":"Body Armour","chaosValue":5.00,"exaltedValue":0,"divineValue":0,"count":1,"detailsId":"briskwrap-sun-leather","tradeInfo":[],"listingCount":21},{"id":93023,"name":"Saemus' Gift","icon":"https://web.poecdn.com/gen/image/WzI1LDE0LHsiZiI6IjJESXRlbXMvUXVpdmVycy9TZWFtdXNHaWZ0IiwidyI6MiwiaCI6Mywic2NhbGUiOjF9XQ/7da61eeb8e/SeamusGift.png","levelRequired":45,"baseType":"Feathered Arrow Quiver","itemClass":3,"sparkline":{"data":[],"totalChange":0},"lowConfidenceSparkline":{"data":[0,0,0,0,0,0,0],"totalChange":0},"implicitModifiers":[{"text":"(20-30)% increased Projectile Speed","optional":false}],"explicitModifiers":[{"text":"+(30-40) to Dexterity","optional":false},{"text":"(8-12)% increased Cast Speed","optional":false},{"text":"+(30-60) to maximum Life","optional":false},{"text":"+(20-40)% to Lightning Resistance","optional":false},{"text":"20% chance to Avoid being Stunned","optional":false},{"text":"1% increased Lightning Damage per 10 Intelligence","optional":false}],"flavourText":"Beaten in contest, he would try once more\nGuided by magic, Magjar took aim at a dove\nSaemus' gift would influence the score\nGuided by darkness, Magjar spilled the blood of his love","itemType":"Quiver","chaosValue":4.90,"exaltedValue":0,"divineValue":0,"count":2,"detailsId":"saemus-gift-feathered-arrow-quiver","tradeInfo":[],"listingCount":24},{"id":1837,"name":"Wanderlust","icon":"https://web.poecdn.com/gen/image/WzI1LDE0LHsiZiI6IjJESXRlbXMvQXJtb3Vycy9Cb290cy9XYW5kZXJsdXN0IiwidyI6MiwiaCI6Miwic2NhbGUiOjF9XQ/c83c1c3bdc/Wanderlust.png","baseType":"Wool Shoes","itemClass":3,"sparkline":{"data":[],"totalChange":0},"lowConfidenceSparkline":{"data":[0,0,0,-5.88,-5.88,-5.88,0],"totalChange":0},"implicitModifiers":[{"text":"Item sells for much more to vendors","optional":true}],"explicitModifiers":[{"text":"+5 to Dexterity","optional":false},{"text":"+(10-20) to maximum Energy Shield","optional":false},{"text":"(20-40)% increased Mana Regeneration Rate","optional":false},{"text":"20% increased Movement Speed","optional":false},{"text":"Cannot be Frozen","optional":false}],"flavourText":"All the world is my home.","itemType":"Boots","chaosValue":3.40,"exaltedValue":0,"divineValue":0,"count":3,"detailsId":"wanderlust-wool-shoes","tradeInfo":[],"listingCount":576},{"id":308,"name":"Cospri's Will","icon":"https://web.poecdn.com/gen/image/WzI1LDE0LHsiZiI6IjJESXRlbXMvQXJtb3Vycy9Cb2R5QXJtb3Vycy9Db3NwcmlzV2lsbCIsInciOjIsImgiOjMsInNjYWxlIjoxfV0/e7801b1322/CosprisWill.png","levelRequired":68,"baseType":"Assassin's Garb","itemClass":3,"sparkline":{"data":[],"totalChange":0},"lowConfidenceSparkline":{"data":[0,0,0,0,0,0,-16.67],"totalChange":-16.67},"implicitModifiers":[{"text":"3% increased Movement Speed","optional":false}],"explicitModifiers":[{"text":"(120-200)% increased Evasion Rating","optional":false},{"text":"+(17-53)% to Chaos Resistance","optional":false},{"text":"You can apply an additional Curse","optional":false},{"text":"Your Curses can apply to Hexproof Enemies","optional":true},{"text":"Your Hexes can affect Hexproof Enemies","optional":false},{"text":"60% chance to Poison on Hit against Cursed Enemies","optional":true},{"text":"Poison Cursed Enemies on hit","optional":true},{"text":"Always Poison on Hit against Cursed Enemies","optional":true}],"flavourText":"Curse their vile Council,\nThey cast me aside as if I am some bastard child.\nIf they only knew the power I possess.","itemType":"Body Armour","chaosValue":3.00,"exaltedValue":0,"divineValue":0,"count":1,"detailsId":"cospris-will-assassins-garb","tradeInfo":[],"listingCount":63},{"id":322,"name":"Craghead","icon":"https://web.poecdn.com/gen/image/WzI1LDE0LHsiZiI6IjJESXRlbXMvUXVpdmVycy9RdWl2ZXJVbmlxdWU0IiwidyI6MiwiaCI6Mywic2NhbGUiOjF9XQ/dfccecb2ae/QuiverUnique4.png","levelRequired":4,"baseType":"Serrated Arrow Quiver","itemClass":3,"sparkline":{"data":[],"totalChange":0},"lowConfidenceSparkline":{"data":[0,0,0,0,0,0,0],"totalChange":0},"implicitModifiers":[{"text":"Adds 1 to 4 Physical Damage to Bow Attacks","optional":true},{"text":"1 to 4 Added Physical Damage with Bow Attacks","optional":true},{"text":"Adds 1 to 4 Physical Damage to Attacks","optional":true},{"text":"Item sells for much more to vendors","optional":true}],"explicitModifiers":[{"text":"(20-25)% reduced Enemy Stun Threshold","optional":false},{"text":"25% reduced Projectile Speed","optional":false},{"text":"(60-200)% increased Stun Duration on Enemies","optional":false},{"text":"6 to 10 Added Physical Damage with Bow Attacks","optional":false},{"text":"Adds 6 to 10 Physical Damage to Bow Attacks","optional":true}],"flavourText":"Hit them hard. Hit them once.","itemType":"Quiver","chaosValue":3.00,"exaltedValue":0,"divineValue":0,"count":1,"detailsId":"craghead-serrated-arrow-quiver","tradeInfo":[],"listingCount":333},{"id":403,"name":"Deerstalker","icon":"https://web.poecdn.com/gen/image/WzI1LDE0LHsiZiI6IjJESXRlbXMvQXJtb3Vycy9Cb290cy9Cb290c0RleFVuaXF1ZTEiLCJ3IjoyLCJoIjoyLCJzY2FsZSI6MX1d/8d8725b395/BootsDexUnique1.png","levelRequired":22,"baseType":"Deerskin Boots","itemClass":3,"sparkline":{"data":[],"totalChange":0},"lowConfidenceSparkline":{"data":[0,0,0,0,0,0,0],"totalChange":0},"implicitModifiers":[{"text":"Item sells for much more to vendors","optional":true}],"explicitModifiers":[{"text":"Socketed Gems are Supported by Level (11-15) Trap","optional":false},{"text":"(160-200)% increased Evasion Rating","optional":false},{"text":"+(35-45) to maximum Life","optional":true},{"text":"15% increased Movement Speed","optional":true},{"text":"(14-18)% increased Trap Throwing Speed","optional":false},{"text":"(15-30)% increased Movement Speed for 9 seconds on Throwing a Trap","optional":false}],"flavourText":"Anticipation, preparation, exhilaration, celebration.","itemType":"Boots","chaosValue":3.00,"exaltedValue":0,"divineValue":0,"count":1,"detailsId":"deerstalker-deerskin-boots","tradeInfo":[],"listingCount":382},{"id":594,"name":"Great Old One's Ward","icon":"https://web.poecdn.com/gen/image/WzI1LDE0LHsiZiI6IjJESXRlbXMvQXJtb3Vycy9TaGllbGRzL0dyZWF0T2xkT25lc1dhcmQiLCJ3IjoyLCJoIjoyLCJzY2FsZSI6MX1d/3c0efbf6be/GreatOldOnesWard.png","levelRequired":46,"baseType":"Corrugated Buckler","itemClass":3,"sparkline":{"data":[],"totalChange":0},"lowConfidenceSparkline":{"data":[0,0,0,0,0,0,0],"totalChange":0},"implicitModifiers":[{"text":"3% increased Movement Speed","optional":true}],"explicitModifiers":[{"text":"(8-12)% Chance to Block Spell Damage","optional":false},{"text":"Adds (8-12) to (15-20) Physical Damage to Attacks","optional":false},{"text":"(6-10)% increased Attack Speed","optional":false},{"text":"+(50-70) to maximum Life","optional":false}],"flavourText":"The horrors we've encountered are nothing\ncompared to the horrors we haven't.","itemType":"Shield","chaosValue":3.00,"exaltedValue":0,"divineValue":0,"count":1,"detailsId":"great-old-ones-ward-corrugated-buckler","tradeInfo":[],"listingCount":112},{"id":758,"name":"Lioneye's Paws","icon":"https://web.poecdn.com/gen/image/WzI1LDE0LHsiZiI6IjJESXRlbXMvQXJtb3Vycy9Cb290cy9MaW9uZXllc1Bhd3MiLCJ3IjoyLCJoIjoyLCJzY2FsZSI6MX1d/550a8f59d4/LioneyesPaws.png","levelRequired":30,"baseType":"Bronzescale Boots","itemClass":3,"sparkline":{"data":[],"totalChange":0},"lowConfidenceSparkline":{"data":[0,0,0,0,0,0,0],"totalChange":0},"implicitModifiers":[],"explicitModifiers":[{"text":"Trigger Level 5 Rain of Arrows when you Attack with a Bow","optional":true},{"text":"+(40-60) to Strength","optional":false},{"text":"+(40-60) to Dexterity","optional":false},{"text":"Adds 12 to 24 Fire Damage to Attacks","optional":false},{"text":"20% increased Movement Speed","optional":false},{"text":"40% reduced Movement Speed when on Low Life","optional":false},{"text":"20% increased Stun and Block Recovery","optional":true},{"text":"Cannot be Stunned when on Low Life","optional":true}],"flavourText":"Stand and lead the righteous pride,\nFight till death, never hide.","itemType":"Boots","chaosValue":3.00,"exaltedValue":0,"divineValue":0,"count":2,"detailsId":"lioneyes-paws-bronzescale-boots","tradeInfo":[],"listingCount":206},{"id":798,"name":"Matua Tupuna","icon":"https://web.poecdn.com/gen/image/WzI1LDE0LHsiZiI6IjJESXRlbXMvQXJtb3Vycy9TaGllbGRzL01hdHVhdHVwdW5hIiwidyI6MiwiaCI6Miwic2NhbGUiOjF9XQ/db1b66f81d/Matuatupuna.png","levelRequired":63,"baseType":"Tarnished Spirit Shield","itemClass":3,"sparkline":{"data":[],"totalChange":0},"lowConfidenceSparkline":{"data":[0,0,0,0,0,0,0],"totalChange":0},"implicitModifiers":[{"text":"(5-15)% increased Spell Damage","optional":false},{"text":"Item sells for much more to vendors","optional":true}],"explicitModifiers":[{"text":"+2 to Level of Socketed Minion Gems","optional":false},{"text":"(40-80)% increased Energy Shield","optional":false},{"text":"+(15-25) to maximum Mana","optional":false},{"text":"10% increased Effect of Auras on you","optional":true},{"text":"10% increased Effect of Aura Buffs on you","optional":true},{"text":"(10-20)% increased effect of Non-Curse Auras from your Skills on your Minions","optional":false},{"text":"10% increased Effect of Auras on your Minions","optional":true},{"text":"10% increased Effect of Aura Buffs on your Minions","optional":true},{"text":"Spreads Tar when you Block","optional":true},{"text":"(10-20)% increased effect of Non-Curse Auras from your Skills","optional":false},{"text":"Spreads Tar when you take a Critical Strike","optional":true}],"flavourText":"You carried me through life,\nThe least I can do is carry you through death.","itemType":"Shield","chaosValue":3.00,"exaltedValue":0,"divineValue":0,"count":1,"detailsId":"matua-tupuna-tarnished-spirit-shield","tradeInfo":[],"listingCount":193},{"id":869,"name":"Null and Void","icon":"https://web.poecdn.com/gen/image/WzI1LDE0LHsiZiI6IjJESXRlbXMvQXJtb3Vycy9HbG92ZXMvTnVsbEFuZFZvaWQiLCJ3IjoyLCJoIjoyLCJzY2FsZSI6MX1d/4f851f97fc/NullAndVoid.png","levelRequired":57,"baseType":"Legion Gloves","itemClass":3,"sparkline":{"data":[],"totalChange":0},"lowConfidenceSparkline":{"data":[0,0,0,0,0,0,0],"totalChange":0},"implicitModifiers":[{"text":"18% increased Energy Shield","optional":true}],"explicitModifiers":[{"text":"+(20-30) to Strength","optional":false},{"text":"(150-180)% increased Armour and Energy Shield","optional":false},{"text":"+(50-70) to maximum Life","optional":false},{"text":"(20-40)% increased Mana Regeneration Rate","optional":false},{"text":"Removes Elemental Ailments on Rampage","optional":false},{"text":"Gain Immunity to Physical Damage for 1.5 seconds on Rampage","optional":false},{"text":"Rampage","optional":false}],"flavourText":"What is freedom but a clean slate\nin an unclean world?","itemType":"Gloves","chaosValue":3.00,"exaltedValue":0,"divineValue":0,"count":1,"detailsId":"null-and-void-legion-gloves","tradeInfo":[],"listingCount":20},{"id":1634,"name":"The Three Dragons","icon":"https://web.poecdn.com/gen/image/WzI1LDE0LHsiZiI6IjJESXRlbXMvQXJtb3Vycy9IZWxtZXRzL1RocmVlRHJhZ29ucyIsInciOjIsImgiOjIsInNjYWxlIjoxfV0/50afe0768b/ThreeDragons.png","levelRequired":35,"baseType":"Golden Mask","itemClass":3,"sparkline":{"data":[],"totalChange":0},"lowConfidenceSparkline":{"data":[0,0,0,0,0,-45.00,50],"totalChange":50},"implicitModifiers":[],"explicitModifiers":[{"text":"+(26-30)% to all Elemental Resistances","optional":false},{"text":"Your Fire Damage can Shock but not Ignite","optional":false},{"text":"Your Cold Damage can Ignite but not Freeze or Chill","optional":false},{"text":"Your Lightning Damage can Freeze but not Shock","optional":false}],"flavourText":"\"The ice seared his naked feet\nAs the lightning stilled his heart,\nBut it was the flames upon his lover's face\nThat roused him to vengeance.\"\n- From 'The Three Dragons' by Victario of Sarn","itemType":"Helmet","chaosValue":3.00,"exaltedValue":0,"divineValue":0,"count":1,"detailsId":"the-three-dragons-golden-mask","tradeInfo":[],"listingCount":306},{"id":1698,"name":"Titucius' Span","icon":"https://web.poecdn.com/gen/image/WzI1LDE0LHsiZiI6IjJESXRlbXMvQXJtb3Vycy9TaGllbGRzL1NoaWVsZFN0clVuaXF1ZTciLCJ3IjoyLCJoIjo0LCJzY2FsZSI6MX1d/8dd443976b/ShieldStrUnique7.png","levelRequired":30,"baseType":"Reinforced Tower Shield","itemClass":3,"sparkline":{"data":[],"totalChange":0},"lowConfidenceSparkline":{"data":[0,0,0,0,0,0,0],"totalChange":0},"implicitModifiers":[{"text":"+(10-20) to maximum Life","optional":true}],"explicitModifiers":[{"text":"(60-80)% increased Armour","optional":false},{"text":"+(30-50) to maximum Life","optional":false},{"text":"-(80-10) Physical Damage taken from Projectile Attacks","optional":false},{"text":"200% increased Armour against Projectiles","optional":false},{"text":"+25% Chance to Block Projectile Attack Damage","optional":false}],"flavourText":"A mighty bulwark, curved and strong\nA dauntless wall, against the throng\nAll lance and arrow, knocked aside\nFor rout of foe, for turn of tide.","itemType":"Shield","chaosValue":3.00,"exaltedValue":0,"divineValue":0,"count":1,"detailsId":"titucius-span-reinforced-tower-shield","tradeInfo":[],"listingCount":105},{"id":98149,"name":"Elevore","icon":"https://web.poecdn.com/gen/image/WzI1LDE0LHsiZiI6IjJESXRlbXMvQXJtb3Vycy9IZWxtZXRzL1dpbGRjYWxsIiwidyI6MiwiaCI6Miwic2NhbGUiOjF9XQ/bf0a462a3a/Wildcall.png","levelRequired":30,"baseType":"Wolf Pelt","itemClass":3,"sparkline":{"data":[],"totalChange":0},"lowConfidenceSparkline":{"data":[0,0,0,0,0,0,0],"totalChange":0},"implicitModifiers":[],"explicitModifiers":[{"text":"+(20-25)% chance to Suppress Spell Damage","optional":false},{"text":"(60-100)% increased Evasion Rating","optional":false},{"text":"(20-25)% chance to Avoid Elemental Ailments","optional":false},{"text":"Recover (100-200) Life when you Suppress Spell Damage","optional":false}],"flavourText":"Ancient worshippers of the Greatwolf were overtaken\nby a ravenous hunger for all things mystical.","itemType":"Helmet","chaosValue":3.00,"exaltedValue":0,"divineValue":0,"count":1,"detailsId":"elevore-wolf-pelt","tradeInfo":[],"listingCount":23},{"id":1317,"name":"Skirmish","icon":"https://web.poecdn.com/gen/image/WzI1LDE0LHsiZiI6IjJESXRlbXMvUXVpdmVycy9UaGVTa2lybWlzaCIsInciOjIsImgiOjMsInNjYWxlIjoxfV0/9fe8813a15/TheSkirmish.png","levelRequired":36,"baseType":"Two-Point Arrow Quiver","itemClass":3,"sparkline":{"data":[],"totalChange":0},"lowConfidenceSparkline":{"data":[0,-70,-70,-70,-70,-70,-70],"totalChange":-70},"implicitModifiers":[{"text":"(20-30)% increased Global Accuracy Rating","optional":false}],"explicitModifiers":[{"text":"+(15-25) to Intelligence","optional":false},{"text":"+(30-50) to maximum Mana","optional":false},{"text":"(20-30)% increased Mana Regeneration Rate","optional":false},{"text":"0.2% of Physical Attack Damage Leeched as Mana","optional":false},{"text":"Attack Skills have +1 to maximum number of Summoned Totems","optional":false}],"flavourText":"If two great leaders like Lioneye and Kaom\nhad been on the same side of the battle,\nnothing would remain unconquered.","itemType":"Quiver","chaosValue":2.70,"exaltedValue":0,"divineValue":0,"count":2,"detailsId":"skirmish-two-point-arrow-quiver","tradeInfo":[],"listingCount":204},{"id":2254,"name":"Giantsbane","icon":"https://web.poecdn.com/gen/image/WzI1LDE0LHsiZiI6IjJESXRlbXMvQXJtb3Vycy9HbG92ZXMvRGVhdGhmb3JnZSIsInciOjIsImgiOjIsInNjYWxlIjoxfV0/88c0b6908a/Deathforge.png","levelRequired":23,"baseType":"Bronze Gauntlets","itemClass":3,"sparkline":{"data":[],"totalChange":0},"lowConfidenceSparkline":{"data":[0,0,0,0,0,0,0],"totalChange":0},"implicitModifiers":[],"explicitModifiers":[{"text":"+(30-40) to Strength","optional":false},{"text":"Adds (3-8) to (10-16) Physical Damage to Attacks","optional":false},{"text":"10% reduced Attack Speed","optional":true},{"text":"(80-100)% increased Armour","optional":false},{"text":"Arrows Pierce 2 additional Targets","optional":true},{"text":"Iron Grip","optional":false}],"flavourText":"The monstrous men of yore used bows too,\ntheirs were just bigger.","itemType":"Gloves","chaosValue":2.20,"exaltedValue":0,"divineValue":0,"count":3,"detailsId":"giantsbane-bronze-gauntlets","tradeInfo":[],"listingCount":222},{"id":107,"name":"Ashrend","icon":"https://web.poecdn.com/gen/image/WzI1LDE0LHsiZiI6IjJESXRlbXMvQXJtb3Vycy9Cb2R5QXJtb3Vycy9Bc2hyZW5kIiwidyI6MiwiaCI6Mywic2NhbGUiOjF9XQ/9755e9fe99/Ashrend.png","levelRequired":17,"baseType":"Buckskin Tunic","itemClass":3,"sparkline":{"data":[],"totalChange":0},"lowConfidenceSparkline":{"data":[0,0,0,0,0,0,0],"totalChange":0},"implicitModifiers":[],"explicitModifiers":[{"text":"Socketed Gems are Supported by Level 10 Added Fire Damage","optional":true},{"text":"(80-100)% increased Evasion Rating","optional":false},{"text":"+(30-50) to maximum Life","optional":true},{"text":"+(40-50)% to Fire Resistance","optional":false},{"text":"Cannot be Ignited","optional":false},{"text":"(10-150)% increased Physical Damage with Ranged Weapons","optional":false},{"text":"-(60-5) Physical Damage taken from Attack Hits","optional":false}],"flavourText":"The blasted oak stands forever.","itemType":"Body Armour","chaosValue":2.00,"exaltedValue":0,"divineValue":0,"count":1,"detailsId":"ashrend-buckskin-tunic","tradeInfo":[],"listingCount":335},{"id":701,"name":"Kaltenhalt","icon":"https://web.poecdn.com/gen/image/WzI1LDE0LHsiZiI6IjJESXRlbXMvQXJtb3Vycy9TaGllbGRzL1NoaWVsZERleFVuaXF1ZTYiLCJ3IjoyLCJoIjoyLCJzY2FsZSI6MX1d/543c4a2444/ShieldDexUnique6.png","levelRequired":16,"baseType":"Painted Buckler","itemClass":3,"sparkline":{"data":[],"totalChange":0},"lowConfidenceSparkline":{"data":[0,0,0,0,0,0,-33.33],"totalChange":-33.33},"implicitModifiers":[{"text":"6% increased Movement Speed","optional":true}],"explicitModifiers":[{"text":"(60-100)% increased Evasion Rating","optional":false},{"text":"+5% to maximum Cold Resistance","optional":false},{"text":"+50% to Cold Resistance","optional":false},{"text":"Gain (10-15)% of Physical Damage as Extra Cold Damage","optional":true},{"text":"Reflects (5-50) Cold Damage to Melee Attackers","optional":false},{"text":"+5% Chance to Block","optional":false}],"flavourText":"Cold, miserable and alone... but alive.","itemType":"Shield","chaosValue":2.00,"exaltedValue":0,"divineValue":0,"count":1,"detailsId":"kaltenhalt-painted-buckler","tradeInfo":[],"listingCount":401},{"id":4855,"name":"Mark of the Red Covenant","icon":"https://web.poecdn.com/gen/image/WzI1LDE0LHsiZiI6IjJESXRlbXMvQXJtb3Vycy9IZWxtZXRzL1BoYW50YXNtbGFGbGFtZSIsInciOjIsImgiOjIsInNjYWxlIjoxfV0/0d222d092f/PhantasmlaFlame.png","levelRequired":26,"baseType":"Tribal Circlet","itemClass":3,"sparkline":{"data":[],"totalChange":0},"lowConfidenceSparkline":{"data":[null,null,null,null,null,null,0],"totalChange":0},"implicitModifiers":[{"text":"Item sells for much more to vendors","optional":true}],"explicitModifiers":[{"text":"+(30-50) to maximum Energy Shield","optional":false},{"text":"Minions have (10-45)% increased Movement Speed","optional":true},{"text":"Summoned Raging Spirits deal (130-250)% increased Damage","optional":false},{"text":"75% reduced Maximum number of Summoned Raging Spirits","optional":false},{"text":"Summoned Raging Spirits' Hits always Ignite","optional":false},{"text":"Summoned Raging Spirits refresh their Duration when they Kill an Ignited Enemy","optional":true},{"text":"Summoned Raging Spirits' Melee Strikes deal Fire-only Splash\nDamage to Surrounding Targets","optional":true}],"flavourText":"Gleeful are the few\nwho bask in the blood of the many.","itemType":"Helmet","chaosValue":1.40,"exaltedValue":0,"divineValue":0,"count":2,"detailsId":"mark-of-the-red-covenant-tribal-circlet","tradeInfo":[],"listingCount":141}]}