{"lines":[{"id":40903,"name":"Imperial Delirium Orb","icon":"https://web.poecdn.com/gen/image/WzI1LDE0LHsiZiI6IjJESXRlbXMvQ3VycmVuY3kvRGVsaXJpdW0vRGVsaXJpdW1PcmJMYWJ5cmludGgiLCJ3IjoxLCJoIjoxLCJzY2FsZSI6MX1d/50340fc6c8/DeliriumOrbLabyrinth.png","baseType":"Imperial Delirium Orb","stackSize":10,"itemClass":5,"sparkline":{"data":[],"totalChange":0},"lowConfidenceSparkline":{"data":[0,0,0,0,0,0,0],"totalChange":0},"implicitModifiers":[],"explicitModifiers":[{"text":"Modifies a Map item adding layers of Delirium with the Labyrinth Items reward type","optional":false}],"flavourText":"","chaosValue":20.00,"exaltedValue":0,"divineValue":0,"count":1,"detailsId":"imperial-delirium-orb","tradeInfo":[],"listingCount":6},{"id":40904,"name":"Fragmented Delirium Orb","icon":"https://web.poecdn.com/gen/image/WzI1LDE0LHsiZiI6IjJESXRlbXMvQ3VycmVuY3kvRGVsaXJpdW0vRGVsaXJpdW1PcmJGcmFnbWVudHMiLCJ3IjoxLCJoIjoxLCJzY2FsZSI6MX1d/8f24162984/DeliriumOrbFragments.png","baseType":"Fragmented Delirium Orb","stackSize":10,"itemClass":5,"sparkline":{"data":[],"totalChange":0},"lowConfidenceSparkline":{"data":[0,0,0,0,0,0,0],"totalChange":0},"implicitModifiers":[],"explicitModifiers":[{"text":"Modifies a Map item adding layers of Delirium with the Fragments reward type","optional":false}],"flavourText":"","chaosValue":20.00,"exaltedValue":0,"divineValue":0,"count":1,"detailsId":"fragmented-delirium-orb","tradeInfo":[],"listingCount":7},{"id":40905,"name":"Cartographer's Delirium Orb","icon":"https://web.poecdn.com/gen/image/WzI1LDE0LHsiZiI6IjJESXRlbXMvQ3VycmVuY3kvRGVsaXJpdW0vRGVsaXJpdW1PcmJNYXBzIiwidyI6MSwiaCI6MSwic2NhbGUiOjF9XQ/ad4a59a2fc/DeliriumOrbMaps.png","baseType":"Cartographer's Delirium Orb","stackSize":10,"itemClass":5,"sparkline":{"data":[],"totalChange":0},"lowConfidenceSparkline":{"data":[0,0,0,0,0,0,0],"totalChange":0},"implicitModifiers":[],"explicitModifiers":[{"text":"Modifies a Map item adding layers of Delirium with the Map Items reward type","optional":false}],"flavourText":"","chaosValue":20.00,"exaltedValue":0,"divineValue":0,"count":1,"detailsId":"cartographers-delirium-orb","tradeInfo":[],"listingCount":7},{"id":40906,"name":"Jeweller's Delirium Orb","icon":"https://web.poecdn.com/gen/image/WzI1LDE0LHsiZiI6IjJESXRlbXMvQ3VycmVuY3kvRGVsaXJpdW0vRGVsaXJpdW1PcmJUcmlua2V0cyIsInciOjEsImgiOjEsInNjYWxlIjoxfV0/51a3def31b/DeliriumOrbTrinkets.png","baseType":"Jeweller's Delirium Orb","stackSize":10,"itemClass":5,"sparkline":{"data":[],"totalChange":0},"lowConfidenceSparkline":{"data":[0,0,0,0,0,0,0],"totalChange":0},"implicitModifiers":[],"explicitModifiers":[{"text":"Modifies a Map item adding layers of Delirium with the Trinkets reward type","optional":false}],"flavourText":"","chaosValue":20.00,"exaltedValue":0,"divineValue":0,"count":1,"detailsId":"jewellers-delirium-orb","tradeInfo":[],"listingCount":9},{"id":40910,"name":"Diviner's Delirium Orb","icon":"https://web.poecdn.com/gen/image/WzI1LDE0LHsiZiI6IjJESXRlbXMvQ3VycmVuY3kvRGVsaXJpdW0vRGVsaXJpdW1PcmJEaXZpbmF0aW9uQ2FyZHMiLCJ3IjoxLCJoIjoxLCJzY2FsZSI6MX1d/e47017caab/DeliriumOrbDivinationCards.png","baseType":"Diviner's Delirium Orb","stackSize":10,"itemClass":5,"sparkline":{"data":[],"totalChange":0},"lowConfidenceSparkline":{"data":[0,0,0,0,0,0,0],"totalChange":0},"implicitModifiers":[],"explicitModifiers":[{"text":"Modifies a Map item adding layers of Delirium with the Divination Cards reward type","optional":false}],"flavourText":"","chaosValue":20.00,"exaltedValue":0,"divineValue":0,"count":1,"detailsId":"diviners-delirium-orb","tradeInfo":[],"listingCount":5},{"id":40913,"name":"Armoursmith's Delirium Orb","icon":"https://web.poecdn.com/gen/image/WzI1LDE0LHsiZiI6IjJESXRlbXMvQ3VycmVuY3kvRGVsaXJpdW0vRGVsaXJpdW1PcmJBcm1vdXIiLCJ3IjoxLCJoIjoxLCJzY2FsZSI6MX1d/3f5099006e/DeliriumOrbArmour.png","baseType":"Armoursmith's Delirium Orb","stackSize":10,"itemClass":5,"sparkline":{"data":[],"totalChange":0},"lowConfidenceSparkline":{"data":[0,0,0,0,0,0,0],"totalChange":0},"implicitModifiers":[],"explicitModifiers":[{"text":"Modifies a Map item adding layers of Delirium with the Armour reward type","optional":false}],"flavourText":"","chaosValue":20.00,"exaltedValue":0,"divineValue":0,"count":1,"detailsId":"armoursmiths-delirium-orb","tradeInfo":[],"listingCount":12},{"id":40914,"name":"Fossilised Delirium Orb","icon":"https://web.poecdn.com/gen/image/WzI1LDE0LHsiZiI6IjJESXRlbXMvQ3VycmVuY3kvRGVsaXJpdW0vRGVsaXJpdW1PcmJGb3NzaWxzIiwidyI6MSwiaCI6MSwic2NhbGUiOjF9XQ/ea3a92a762/DeliriumOrbFossils.png","baseType":"Fossilised Delirium Orb","stackSize":10,"itemClass":5,"sparkline":{"data":[],"totalChange":0},"lowConfidenceSparkline":{"data":[0,0,0,0,0,0,0],"totalChange":0},"implicitModifiers":[],"explicitModifiers":[{"text":"Modifies a Map item adding layers of Delirium with the Fossils reward type","optional":false}],"flavourText":"","chaosValue":20.00,"exaltedValue":0,"divineValue":0,"count":1,"detailsId":"fossilised-delirium-orb","tradeInfo":[],"listingCount":6},{"id":40916,"name":"Thaumaturge's Delirium Orb","icon":"https://web.poecdn.com/gen/image/WzI1LDE0LHsiZiI6IjJESXRlbXMvQ3VycmVuY3kvRGVsaXJpdW0vRGVsaXJpdW1PcmJHZW1zIiwidyI6MSwiaCI6MSwic2NhbGUiOjF9XQ/9d5221762e/DeliriumOrbGems.png","baseType":"Thaumaturge's Delirium Orb","stackSize":10,"itemClass":5,"sparkline":{"data":[],"totalChange":0},"lowConfidenceSparkline":{"data":[0,0,0,0,0,0,0],"totalChange":0},"implicitModifiers":[],"explicitModifiers":[{"text":"Modifies a Map item adding layers of Delirium with the Gems reward type","optional":false}],"flavourText":"","chaosValue":20.00,"exaltedValue":0,"divineValue":0,"count":1,"detailsId":"thaumaturges-delirium-orb","tradeInfo":[],"listingCount":5},{"id":40917,"name":"Foreboding Delirium Orb","icon":"https://web.poecdn.com/gen/image/WzI1LDE0LHsiZiI6IjJESXRlbXMvQ3VycmVuY3kvRGVsaXJpdW0vRGVsaXJpdW1PcmJIYXJiaW5nZXIiLCJ3IjoxLCJoIjoxLCJzY2FsZSI6MX1d/707c1f792a/DeliriumOrbHarbinger.png","baseType":"Foreboding Delirium Orb","stackSize":10,"itemClass":5,"sparkline":{"data":[],"totalChange":0},"lowConfidenceSparkline":{"data":[0,0,0,0,0,0,0],"totalChange":0},"implicitModifiers":[],"explicitModifiers":[{"text":"Modifies a Map item adding layers of Delirium with the Harbinger Items reward type","optional":false}],"flavourText":"","chaosValue":20.00,"exaltedValue":0,"divineValue":0,"count":2,"detailsId":"foreboding-delirium-orb","tradeInfo":[],"listingCount":7},{"id":40921,"name":"Blacksmith's Delirium Orb","icon":"https://web.poecdn.com/gen/image/WzI1LDE0LHsiZiI6IjJESXRlbXMvQ3VycmVuY3kvRGVsaXJpdW0vRGVsaXJpdW1PcmJXZWFwb25zIiwidyI6MSwiaCI6MSwic2NhbGUiOjF9XQ/1a249fbf02/DeliriumOrbWeapons.png","baseType":"Blacksmith's Delirium Orb","stackSize":10,"itemClass":5,"sparkline":{"data":[],"totalChange":0},"lowConfidenceSparkline":{"data":[0,0,0,0,0,0,0],"totalChange":0},"implicitModifiers":[],"explicitModifiers":[{"text":"Modifies a Map item adding layers of Delirium with the Weapons reward type","optional":false}],"flavourText":"","chaosValue":20.00,"exaltedValue":0,"divineValue":0,"count":1,"detailsId":"blacksmiths-delirium-orb","tradeInfo":[],"listingCount":9},{"id":40923,"name":"Timeless Delirium Orb","icon":"https://web.poecdn.com/gen/image/WzI1LDE0LHsiZiI6IjJESXRlbXMvQ3VycmVuY3kvRGVsaXJpdW0vRGVsaXJpdW1PcmJMZWdpb24iLCJ3IjoxLCJoIjoxLCJzY2FsZSI6MX1d/448f80d7c4/DeliriumOrbLegion.png","baseType":"Timeless Delirium Orb","stackSize":10,"itemClass":5,"sparkline":{"data":[],"totalChange":0},"lowConfidenceSparkline":{"data":[0,0,0,0,0,0,0],"totalChange":0},"implicitModifiers":[],"explicitModifiers":[{"text":"Modifies a Map item adding layers of Delirium with the Legion reward type","optional":false}],"flavourText":"","chaosValue":20.00,"exaltedValue":0,"divineValue":0,"count":1,"detailsId":"timeless-delirium-orb","tradeInfo":[],"listingCount":5},{"id":40924,"name":"Whispering Delirium Orb","icon":"https://web.poecdn.com/gen/image/WzI1LDE0LHsiZiI6IjJESXRlbXMvQ3VycmVuY3kvRGVsaXJpdW0vRGVsaXJpdW1PcmJFc3NlbmNlIiwidyI6MSwiaCI6MSwic2NhbGUiOjF9XQ/4c854cba72/DeliriumOrbEssence.png","baseType":"Whispering Delirium Orb","stackSize":10,"itemClass":5,"sparkline":{"data":[],"totalChange":0},"lowConfidenceSparkline":{"data":[0,0,0,0,0,0,0],"totalChange":0},"implicitModifiers":[],"explicitModifiers":[{"text":"Modifies a Map item adding layers of Delirium with the Essences reward type","optional":false}],"flavourText":"","chaosValue":20.00,"exaltedValue":0,"divineValue":0,"count":1,"detailsId":"whispering-delirium-orb","tradeInfo":[],"listingCount":8},{"id":40925,"name":"Skittering Delirium Orb","icon":"https://web.poecdn.com/gen/image/WzI1LDE0LHsiZiI6IjJESXRlbXMvQ3VycmVuY3kvRGVsaXJpdW0vRGVsaXJpdW1PcmJTY2FyYWJzIiwidyI6MSwiaCI6MSwic2NhbGUiOjF9XQ/fa4c5160ca/DeliriumOrbScarabs.png","baseType":"Skittering Delirium Orb","stackSize":10,"itemClass":5,"sparkline":{"data":[],"totalChange":0},"lowConfidenceSparkline":{"data":[0,0,0,0,0,0,0],"totalChange":0},"implicitModifiers":[],"explicitModifiers":[{"text":"Modifies a Map item adding layers of Delirium with the Scarabs reward type","optional":false}],"flavourText":"","chaosValue":20.00,"exaltedValue":0,"divineValue":0,"count":1,"detailsId":"skittering-delirium-orb","tradeInfo":[],"listingCount":5}]}