{"lines":[{"id":2131,"name":"Divination Distillate","icon":"https://web.poecdn.com/gen/image/WzksMTQseyJmIjoiMkRJdGVtcy9GbGFza3MveUZsYXNrczE3IiwidyI6MSwiaCI6Miwic2NhbGUiOjEsImxldmVsIjoxLCJyZWxpYyI6MH1d/6228a22521/yFlasks17.png","levelRequired":30,"baseType":"Large Hybrid Flask","itemClass":9,"sparkline":{"data":[],"totalChange":0},"lowConfidenceSparkline":{"data":[0,-0.50,-0.74,-0.75,-0.80,-1.04,-1.83],"totalChange":-1.83},"implicitModifiers":[],"explicitModifiers":[{"text":"+6% to all maximum Elemental Resistances during Effect","optional":false},{"text":"(12-25)% increased Quantity of Items found during Flask effect","optional":true},{"text":"(20-25)% increased Quantity of Items found during Effect","optional":false},{"text":"(40-60)% increased Rarity of Items found during Flask effect","optional":true},{"text":"(41-60)% increased Rarity of Items found during Effect","optional":false},{"text":"25% increased Light Radius during Effect","optional":false},{"text":"+(4-6)% to all maximum Elemental Resistances during Flask effect","optional":true},{"text":"25% increased Light Radius during Flask effect","optional":true}],"flavourText":"Knowledge is fermented in pain and loss\nDistilled with reflection\nTo quench the thirst of those\nwho dream of enlightenment","chaosValue":315629.77,"exaltedValue":10880.03,"divineValue":1144.37,"count":2,"detailsId":"divination-distillate-relic","tradeInfo":[],"listingCount":69},{"id":100318,"name":"Vessel of Vinktar","icon":"https://web.poecdn.com/gen/image/WzksMTQseyJmIjoiMkRJdGVtcy9GbGFza3MvVmlua3RhckZsYXNrIiwidyI6MSwiaCI6Miwic2NhbGUiOjEsImxldmVsIjoxLCJmaSI6dHJ1ZSwicmVsaWMiOjB9XQ/a8a7404230/VinktarFlask.png","levelRequired":68,"baseType":"Topaz Flask","itemClass":9,"sparkline":{"data":[],"totalChange":0},"lowConfidenceSparkline":{"data":[0,-45.13,-45.21,-48.79,-48.81,-48.94,-49.35],"totalChange":-49.35},"implicitModifiers":[],"explicitModifiers":[{"text":"126% increased Charges per use","optional":true},{"text":"Shocks nearby Enemies during Effect, causing 10% increased Damage taken","optional":false},{"text":"Adds (25-34) to (113-130) Lightning Damage to Attacks during Effect","optional":true},{"text":"Adds (16-23) to (70-89) Lightning Damage to Spells during Effect","optional":true},{"text":"You are Shocked during Effect, causing 50% increased Damage taken","optional":false},{"text":"(20-50)% of Physical Damage Converted to Lightning during Effect","optional":true},{"text":"(20-30)% of Lightning Damage Leeched as Life during Effect","optional":false},{"text":"(20-30)% of Lightning Damage Leeched as Mana during Effect","optional":false},{"text":"Life and Mana Leech are instant during effect","optional":false}],"flavourText":"The great city of storms, washed away by Vinktar's thirst for power.","chaosValue":313201.85,"exaltedValue":10796.34,"divineValue":1135.57,"count":2,"detailsId":"vessel-of-vinktar-relic","tradeInfo":[],"listingCount":24},{"id":2121,"name":"Taste of Hate","icon":"https://web.poecdn.com/gen/image/WzksMTQseyJmIjoiMkRJdGVtcy9GbGFza3MvVGFzdGVPZkhhdGUiLCJ3IjoxLCJoIjoyLCJzY2FsZSI6MSwibGV2ZWwiOjEsImZzIjp0cnVlLCJyZWxpYyI6MH1d/53ac7e7067/TasteOfHate.png","levelRequired":18,"baseType":"Sapphire Flask","itemClass":9,"sparkline":{"data":[],"totalChange":0},"lowConfidenceSparkline":{"data":[0,63.57,63.32,63.20,63.28,63.02,1380.96],"totalChange":1380.96},"implicitModifiers":[],"explicitModifiers":[{"text":"(11-30)% of Physical Damage from Hits taken as Cold Damage during Flask effect","optional":true},{"text":"(11-30)% of Physical Damage from Hits taken as Cold Damage during Effect","optional":false},{"text":"Gain (11-30)% of Physical Damage as Extra Cold Damage during effect","optional":false},{"text":"30% chance to Avoid being Chilled during Effect","optional":false},{"text":"30% chance to Avoid being Chilled during Flask effect","optional":true},{"text":"30% chance to Avoid being Frozen during Effect","optional":false},{"text":"30% chance to Avoid being Frozen during Flask effect","optional":true}],"flavourText":"A sip will freeze your lips,\nA swig will chill your heart,\nA glass will still your soul.","chaosValue":242792.13,"exaltedValue":8369.26,"divineValue":880.29,"count":1,"detailsId":"taste-of-hate-relic","tradeInfo":[],"listingCount":120},{"id":2138,"name":"Rumi's Concoction","icon":"https://web.poecdn.com/gen/image/WzksMTQseyJmIjoiMkRJdGVtcy9GbGFza3MvQmxvY2tGbGFzayIsInciOjEsImgiOjIsInNjYWxlIjoxLCJsZXZlbCI6MSwicmVsaWMiOjB9XQ/22f7528296/BlockFlask.png","levelRequired":68,"baseType":"Granite Flask","itemClass":9,"sparkline":{"data":[0,-0.40,40.84,159.28,null,null,null],"totalChange":159.28},"lowConfidenceSparkline":{"data":[0,-0.40,40.84,159.28,123.71,123.28,1609.11],"totalChange":1609.11},"implicitModifiers":[],"explicitModifiers":[{"text":"+(8-40)% Chance to Block Attack Damage during Flask effect","optional":true},{"text":"+(8-40)% Chance to Block Attack Damage during Effect","optional":false},{"text":"+(4-20)% Chance to Block Spell Damage during Flask effect","optional":true},{"text":"+(4-20)% Chance to Block Spell Damage during Effect","optional":false}],"flavourText":"\"Yesterday I was clever, so I wanted to change the world.\nToday I am wise, so I am changing myself.\"\n-Rumi of the Vaal","chaosValue":115036.57,"exaltedValue":3965.41,"divineValue":417.09,"count":3,"detailsId":"rumis-concoction-relic","tradeInfo":[],"listingCount":301},{"id":101729,"name":"Progenesis","icon":"https://web.poecdn.com/gen/image/WzksMTQseyJmIjoiMkRJdGVtcy9GbGFza3MvVWJlck1hdmVuRmxhc2siLCJ3IjoxLCJoIjoyLCJzY2FsZSI6MSwibGV2ZWwiOjEsInJlbGljIjowfV0/ac476ad3d0/UberMavenFlask.png","levelRequired":60,"baseType":"Amethyst Flask","itemClass":9,"sparkline":{"data":[],"totalChange":0},"lowConfidenceSparkline":{"data":[0,-0.40,-0.55,-0.62,28.29,-6.55,-11.17],"totalChange":-11.17},"implicitModifiers":[],"explicitModifiers":[{"text":"(10-20)% reduced Charges per use","optional":false},{"text":"(1-35)% increased Duration","optional":true},{"text":"(2-34)% reduced Duration","optional":true},{"text":"When Hit during effect, 25% of Life loss from Damage taken occurs over 4 seconds instead","optional":false}],"flavourText":"They were bred in a cosmic ocean of raw creation.\nFeasting and drinking of the milk of the mother,\nthey fought to the death for every last drop.","chaosValue":19306.70,"exaltedValue":665.52,"divineValue":70.00,"count":1,"detailsId":"progenesis-relic","tradeInfo":[],"listingCount":25},{"id":100499,"name":"Progenesis","icon":"https://web.poecdn.com/gen/image/WzksMTQseyJmIjoiMkRJdGVtcy9GbGFza3MvVWJlck1hdmVuRmxhc2siLCJ3IjoxLCJoIjoyLCJzY2FsZSI6MSwibGV2ZWwiOjF9XQ/b82c247a54/UberMavenFlask.png","levelRequired":60,"baseType":"Amethyst Flask","itemClass":3,"sparkline":{"data":[0,-0.84,-0.84,-4.54,-4.53,-2.48,-5.57],"totalChange":-5.57},"lowConfidenceSparkline":{"data":[0,-0.84,-0.84,-4.54,-4.53,-2.48,-5.57],"totalChange":-5.57},"implicitModifiers":[],"explicitModifiers":[{"text":"(10-20)% reduced Charges per use","optional":false},{"text":"(1-35)% reduced Duration","optional":true},{"text":"(1-35)% increased Duration","optional":true},{"text":"When Hit during effect, 25% of Life loss from Damage taken occurs over 4 seconds instead","optional":false}],"flavourText":"They were bred in a cosmic ocean of raw creation.\nFeasting and drinking of the milk of the mother,\nthey fought to the death for every last drop.","chaosValue":14342.12,"exaltedValue":494.39,"divineValue":52.00,"count":105,"detailsId":"progenesis","tradeInfo":[],"listingCount":603},{"id":101518,"name":"Oriath's End","icon":"https://web.poecdn.com/gen/image/WzksMTQseyJmIjoiMkRJdGVtcy9GbGFza3MvVWJlclNpcnVzRmxhc2siLCJ3IjoxLCJoIjoyLCJzY2FsZSI6MSwibGV2ZWwiOjEsImZpIjp0cnVlLCJyZWxpYyI6MH1d/f94740b49a/UberSirusFlask.png","levelRequired":56,"baseType":"Bismuth Flask","itemClass":9,"sparkline":{"data":[],"totalChange":0},"lowConfidenceSparkline":{"data":[0,-0.40,-0.55,-0.62,-0.57,-46.18,-46.61],"totalChange":-46.61},"implicitModifiers":[],"explicitModifiers":[{"text":"(20-38)% increased Charge Recovery","optional":false},{"text":"Enemies you Kill during Effect have a (23-30)% chance to Explode, dealing a tenth of their maximum Life as Damage of a Random Element","optional":false}],"flavourText":"Ennui prevailed, until inspiration sparked\na mote of flame, kindled by fury\nand all in his path were obliterated.","chaosValue":10480.78,"exaltedValue":361.28,"divineValue":38.00,"count":3,"detailsId":"oriaths-end-relic","tradeInfo":[],"listingCount":24},{"id":100474,"name":"Oriath's End","icon":"https://web.poecdn.com/gen/image/WzksMTQseyJmIjoiMkRJdGVtcy9GbGFza3MvVWJlclNpcnVzRmxhc2siLCJ3IjoxLCJoIjoyLCJzY2FsZSI6MSwibGV2ZWwiOjF9XQ/8758d70627/UberSirusFlask.png","levelRequired":56,"baseType":"Bismuth Flask","itemClass":3,"sparkline":{"data":[0,0.22,1.27,-0.65,-0.57,3.61,4.49],"totalChange":4.49},"lowConfidenceSparkline":{"data":[0,0.22,1.27,-0.65,-0.57,3.61,4.49],"totalChange":4.49},"implicitModifiers":[],"explicitModifiers":[{"text":"(20-40)% increased Charge Recovery","optional":false},{"text":"Enemies you Kill during Effect have a (20-30)% chance to Explode, dealing a tenth of their maximum Life as Damage of a Random Element","optional":false}],"flavourText":"Ennui prevailed, until inspiration sparked\na mote of flame, kindled by fury\nand all in his path were obliterated.","chaosValue":4688.77,"exaltedValue":161.63,"divineValue":17.00,"count":66,"detailsId":"oriaths-end","tradeInfo":[],"listingCount":542},{"id":7454,"name":"Soul Ripper","icon":"https://web.poecdn.com/gen/image/WzksMTQseyJmIjoiMkRJdGVtcy9GbGFza3MvU291bFJpcHBlciIsInciOjEsImgiOjIsInNjYWxlIjoxLCJsZXZlbCI6MSwiZmkiOnRydWUsInJlbGljIjowfV0/9c3f6cb169/SoulRipper.png","levelRequired":27,"baseType":"Quartz Flask","itemClass":9,"sparkline":{"data":[0,-0.40,-0.55,-5.36,-10.04,-5.63,-6.34],"totalChange":-6.34},"lowConfidenceSparkline":{"data":[0,-0.40,-0.55,-5.36,-10.04,-5.63,-6.34],"totalChange":-6.34},"implicitModifiers":[],"explicitModifiers":[{"text":"100% increased Charges used","optional":true},{"text":"+(-40-90) to Maximum Charges","optional":true},{"text":"100% increased Charges per use","optional":true},{"text":"Loses all Charges when you enter a new area","optional":true},{"text":"Vaal Skills deal (30-40)% more Damage during Effect","optional":true},{"text":"Consumes Maximum Charges to use","optional":true},{"text":"Vaal Skills used during effect do not apply Soul Gain Prevention","optional":true},{"text":"Gains no Charges during effect of any Soul Ripper Flask","optional":true},{"text":"Gain Vaal Souls equal to Charges Consumed when used","optional":true}],"flavourText":"\"What care have I for their pain? They're already dead.\"\n- Atalui, Vaal Priestess","chaosValue":3309.72,"exaltedValue":114.09,"divineValue":12.00,"count":6,"detailsId":"soul-ripper-relic","tradeInfo":[],"listingCount":286},{"id":60086,"name":"Atziri's Promise","icon":"https://web.poecdn.com/gen/image/WzksMTQseyJmIjoiMkRJdGVtcy9GbGFza3MvQXR6aXJpc1Byb21pc2UiLCJ3IjoxLCJoIjoyLCJzY2FsZSI6MSwibGV2ZWwiOjEsInJlbGljIjowfV0/3c703d1fa6/AtzirisPromise.png","levelRequired":68,"baseType":"Amethyst Flask","itemClass":9,"sparkline":{"data":[null,0,null,null,null,null,null],"totalChange":0},"lowConfidenceSparkline":{"data":[0,-0.40,59.01,59.01,122547.86,142.68,62.32],"totalChange":62.32},"implicitModifiers":[],"explicitModifiers":[{"text":"2% of Chaos Damage Leeched as Life during Effect","optional":false},{"text":"2% of Chaos Damage Leeched as Life during Flask effect","optional":true},{"text":"Gain (5-20)% of Physical Damage as Extra Chaos Damage during effect","optional":false},{"text":"Gain (5-15)% of Elemental Damage as Extra Chaos Damage during effect","optional":false}],"flavourText":"\"Death needs not your understanding. It needs only your loyalty.\" \n- Atziri, Queen of the Vaal","chaosValue":2276.10,"exaltedValue":78.46,"divineValue":8.25,"count":3,"detailsId":"atziris-promise-relic","tradeInfo":[],"listingCount":176},{"id":7593,"name":"Soul Catcher","icon":"https://web.poecdn.com/gen/image/WzksMTQseyJmIjoiMkRJdGVtcy9GbGFza3MvU291bENhdGNoZXIiLCJ3IjoxLCJoIjoyLCJzY2FsZSI6MSwibGV2ZWwiOjEsInJlbGljIjowfV0/3e90cc7160/SoulCatcher.png","levelRequired":27,"baseType":"Quartz Flask","itemClass":9,"sparkline":{"data":[0,null,-86.82,-86.83,-84.15,-84.19,-84.32],"totalChange":-84.32},"lowConfidenceSparkline":{"data":[0,121.66,-86.82,-86.83,-84.15,-84.19,-84.32],"totalChange":-84.32},"implicitModifiers":[],"explicitModifiers":[{"text":"Cannot gain Mana during effect","optional":false},{"text":"Vaal Skills deal (62-120)% increased Damage during effect","optional":true},{"text":"Vaal Skills have (62-120)% increased Critical Strike Chance during effect","optional":true},{"text":"(61-120)% increased Critical Strike Chance with Vaal Skills during effect","optional":true},{"text":"Vaal Skills have 25% reduced Soul Cost during effect","optional":true},{"text":"Vaal Skills require 25% reduced Souls Per Use during effect","optional":true},{"text":"(60-120)% increased Damage with Vaal Skills during effect","optional":false},{"text":"Non-Aura Vaal Skills require 25% reduced Souls Per Use during Effect","optional":true},{"text":"Vaal Skills used during effect have (10-40)% reduced Soul Gain Prevention Duration","optional":false}],"flavourText":"Freedom is for the privileged, even in death.\n\n<default>{This item can be transformed on the Altar of Sacrifice along with Vial of the Ghost}","chaosValue":1792.76,"exaltedValue":61.80,"divineValue":6.50,"count":6,"detailsId":"soul-catcher-relic","tradeInfo":[],"listingCount":216},{"id":68384,"name":"Starlight Chalice","icon":"https://web.poecdn.com/gen/image/WzksMTQseyJmIjoiMkRJdGVtcy9GbGFza3MvQWRhcHRhdGlvbkZsYXNrMDIiLCJ3IjoxLCJoIjoyLCJzY2FsZSI6MSwibGV2ZWwiOjEsImZpIjp0cnVlfV0/5eefb64558/AdaptationFlask02.png","levelRequired":27,"baseType":"Iron Flask","itemClass":3,"sparkline":{"data":[0,-15.19,-15.11,-15.14,-15.23,-20.04,35.29],"totalChange":35.29},"lowConfidenceSparkline":{"data":[0,-15.19,-15.11,-15.14,-15.23,-20.04,35.29],"totalChange":35.29},"implicitModifiers":[{"text":"Restores Ward on use","optional":false}],"explicitModifiers":[{"text":"(20-30)% increased Charge Recovery","optional":false},{"text":"Inflict Fire, Cold and Lightning Exposure on nearby Enemies when used","optional":false},{"text":"(20-30)% increased Effect of Non-Damaging Ailments you inflict during Flask Effect","optional":true},{"text":"(20-30)% increased Effect of Non-Damaging Ailments you inflict during Effect","optional":false}],"flavourText":"Uhtred and his priests drank of the skies\nto empower runes... and themselves.","chaosValue":1599.70,"exaltedValue":55.14,"divineValue":5.80,"count":17,"detailsId":"starlight-chalice","tradeInfo":[],"listingCount":379},{"id":7020,"name":"Soul Ripper","icon":"https://web.poecdn.com/gen/image/WzksMTQseyJmIjoiMkRJdGVtcy9GbGFza3MvU291bFJpcHBlciIsInciOjEsImgiOjIsInNjYWxlIjoxLCJsZXZlbCI6MX1d/f74d277e1d/SoulRipper.png","levelRequired":27,"baseType":"Quartz Flask","itemClass":3,"sparkline":{"data":[0,0.56,5.01,7.34,7.43,8.37,8.62],"totalChange":8.62},"lowConfidenceSparkline":{"data":[0,0.56,5.01,7.34,7.43,8.37,8.62],"totalChange":8.62},"implicitModifiers":[],"explicitModifiers":[{"text":"100% increased Charges used","optional":true},{"text":"+(-40-90) to Maximum Charges","optional":true},{"text":"100% increased Charges per use","optional":true},{"text":"Loses all Charges when you enter a new area","optional":true},{"text":"Vaal Skills deal (30-40)% more Damage during Effect","optional":true},{"text":"Consumes Maximum Charges to use","optional":true},{"text":"Vaal Skills used during effect do not apply Soul Gain Prevention","optional":true},{"text":"Gain Vaal Souls equal to Charges Consumed when used","optional":true},{"text":"Gains no Charges during effect of any Soul Ripper Flask","optional":true}],"flavourText":"\"What care have I for their pain? They're already dead.\"\n- Atalui, Vaal Priestess","chaosValue":1254.94,"exaltedValue":43.26,"divineValue":4.55,"count":27,"detailsId":"soul-ripper","tradeInfo":[],"listingCount":763},{"id":68588,"name":"Olroth's Resolve","icon":"https://web.poecdn.com/gen/image/WzksMTQseyJmIjoiMkRJdGVtcy9GbGFza3MvV2FyZEZsYXNrMDIiLCJ3IjoxLCJoIjoyLCJzY2FsZSI6MSwibGV2ZWwiOjF9XQ/b6f390075a/WardFlask02.png","levelRequired":27,"baseType":"Iron Flask","itemClass":3,"sparkline":{"data":[0,-9.46,-9.61,-9.67,-9.63,-9.88,-10.61],"totalChange":-10.61},"lowConfidenceSparkline":{"data":[0,-9.46,-9.61,-9.67,-9.63,-9.88,-10.61],"totalChange":-10.61},"implicitModifiers":[{"text":"Restores Ward on use","optional":false}],"explicitModifiers":[{"text":"(40-50)% increased Charges used","optional":true},{"text":"(40-50)% increased Charges per use","optional":false},{"text":"Ward does not Break during Effect","optional":false},{"text":"Ward does not Break during Flask effect","optional":true},{"text":"70% less Ward during Effect","optional":false},{"text":"70% less Ward during Flask Effect","optional":true}],"flavourText":"Olroth the Gallant,\ntireless and true,\nhe fights for me,\nhe fights for you!","chaosValue":1103.24,"exaltedValue":38.03,"divineValue":4.00,"count":48,"detailsId":"olroths-resolve","tradeInfo":[],"listingCount":1194},{"id":20932,"name":"Bottled Faith","icon":"https://web.poecdn.com/gen/image/WzksMTQseyJmIjoiMkRJdGVtcy9GbGFza3MvQm90dGxlZFB1cml0eSIsInciOjEsImgiOjIsInNjYWxlIjoxLCJsZXZlbCI6MX1d/b2ef237bf3/BottledPurity.png","levelRequired":27,"baseType":"Sulphur Flask","itemClass":3,"sparkline":{"data":[0,-0.40,-0.61,-13.18,-12.63,-21.33,-9.52],"totalChange":-9.52},"lowConfidenceSparkline":{"data":[0,-0.40,-0.61,-13.18,-12.63,-21.33,-9.52],"totalChange":-9.52},"implicitModifiers":[{"text":"Creates Consecrated Ground on Use","optional":false}],"explicitModifiers":[{"text":"(20-50)% increased Duration","optional":true},{"text":"(15-30)% reduced Duration","optional":true},{"text":"Consecrated Ground created by this Flask has Tripled Radius","optional":false},{"text":"+(1-2)% to Critical Strike Chance against Enemies on Consecrated Ground during Effect","optional":true},{"text":"Consecrated Ground created during Effect applies (7-10)% increased Damage taken to Enemies","optional":false},{"text":"(100-150)% increased Critical Strike Chance against Enemies on Consecrated Ground during Flask effect","optional":true},{"text":"(100-150)% increased Critical Strike Chance against Enemies on Consecrated Ground during Effect","optional":true}],"flavourText":"A tourniquet for the soul, squeezing ethereal into physical.","chaosValue":380.62,"exaltedValue":13.12,"divineValue":1.38,"count":305,"detailsId":"bottled-faith","tradeInfo":[],"listingCount":9515},{"id":68258,"name":"Elixir of the Unbroken Circle","icon":"https://web.poecdn.com/gen/image/WzksMTQseyJmIjoiMkRJdGVtcy9GbGFza3MvV2FyZEZsYXNrMDMiLCJ3IjoxLCJoIjoyLCJzY2FsZSI6MSwibGV2ZWwiOjF9XQ/d78b003b9a/WardFlask03.png","levelRequired":27,"baseType":"Iron Flask","itemClass":3,"sparkline":{"data":[0,-0.40,-0.55,-0.62,-0.57,-0.86,-1.65],"totalChange":-1.65},"lowConfidenceSparkline":{"data":[0,-0.40,-0.55,-0.62,-0.57,-0.86,-1.65],"totalChange":-1.65},"implicitModifiers":[{"text":"Restores Ward on use","optional":false}],"explicitModifiers":[{"text":"(20-40)% increased Duration","optional":false},{"text":"Recover 4% of Life per Endurance Charge on use\nLose all Endurance Charges on use","optional":false},{"text":"Gain 1 Endurance Charge per Second during Effect","optional":false},{"text":"Gain 1 Endurance Charge per Second during Flask Effect","optional":true}],"flavourText":"Nothing endures. All things end.\nThen, they begin again.","chaosValue":275.81,"exaltedValue":9.51,"divineValue":1.00,"count":27,"detailsId":"elixir-of-the-unbroken-circle","tradeInfo":[],"listingCount":734},{"id":7406,"name":"Zerphi's Last Breath","icon":"https://web.poecdn.com/gen/image/WzksMTQseyJmIjoiMkRJdGVtcy9GbGFza3MvWmVycGhpc0xhc3RCcmVhdGgiLCJ3IjoxLCJoIjoyLCJzY2FsZSI6MSwibGV2ZWwiOjEsInJlbGljIjowfV0/cb96da81bd/ZerphisLastBreath.png","levelRequired":18,"baseType":"Grand Mana Flask","itemClass":9,"sparkline":{"data":[null,null,0,-0.06,-0.01,-0.25,-0.92],"totalChange":-0.92},"lowConfidenceSparkline":{"data":[0,-93.77,-99.18,-99.18,-99.18,-99.19,-99.19],"totalChange":-99.19},"implicitModifiers":[],"explicitModifiers":[{"text":"50% increased Charges per use","optional":false},{"text":"50% increased Charges used","optional":true},{"text":"Grants Last Breath when you Use a Skill during Flask Effect, for (450-600)% of Mana Cost","optional":true},{"text":"Grants Last Breath when you Use a Skill during Effect, for (450-600)% of Mana Cost","optional":false}],"flavourText":"\"Proof that if you devote yourself to a god of death,\nyou may be spared from its wrath.\"\n- Icius Perandus, Antiquities Collection, Item 408","chaosValue":133.72,"exaltedValue":4.61,"divineValue":0.48,"count":5,"detailsId":"zerphis-last-breath-relic","tradeInfo":[],"listingCount":243},{"id":60420,"name":"Vessel of Vinktar","icon":"https://web.poecdn.com/gen/image/WzksMTQseyJmIjoiMkRJdGVtcy9GbGFza3MvVmlua3RhckZsYXNrIiwidyI6MSwiaCI6Miwic2NhbGUiOjEsImxldmVsIjoxfV0/caf5220901/VinktarFlask.png","levelRequired":68,"baseType":"Topaz Flask","itemClass":3,"sparkline":{"data":[0,0,10.67,4,0,-11.67,-1.67],"totalChange":-1.67},"lowConfidenceSparkline":{"data":[0,0,10.67,4,0,-11.67,-1.67],"totalChange":-1.67},"implicitModifiers":[],"explicitModifiers":[{"text":"(80-150)% increased Charges per use","optional":true},{"text":"(80-149)% increased Charges used","optional":true},{"text":"Shocks nearby Enemies during Effect, causing 10% increased Damage taken","optional":false},{"text":"Shocks nearby Enemies during Flask effect, causing 10% increased Damage taken","optional":true},{"text":"You are Shocked during Effect, causing 50% increased Damage taken","optional":false},{"text":"You are Shocked during Flask effect, causing 50% increased Damage taken","optional":true},{"text":"(25-40)% increased Effect of Shocks you inflict during Flask effect","optional":true},{"text":"Damage Penetrates 6% Lightning Resistance during Flask effect","optional":true},{"text":"Damage Penetrates (6-10)% Lightning Resistance during Effect","optional":true},{"text":"(20-50)% of Physical Damage Converted to Lightning during Effect","optional":true},{"text":"Adds (10-35) to (55-130) Lightning Damage to Attacks during Effect","optional":true},{"text":"(25-40)% increased Effect of Shocks you inflict during Effect","optional":true},{"text":"Adds (10-35) to (55-130) Lightning Damage to Spells during Effect","optional":true},{"text":"Shocks you inflict during Flask effect spread to other Enemies in a radius of 20","optional":true},{"text":"Shocks you inflict during Effect spread to other Enemies in a radius of 20","optional":true},{"text":"Shocks you inflict during Effect spread to other Enemies within 2 metres","optional":true},{"text":"20% of Lightning Damage Leeched as Life during Flask effect","optional":true},{"text":"(20-30)% of Lightning Damage Leeched as Mana during Effect","optional":true},{"text":"Life and Mana Leech are instant during effect","optional":true},{"text":"(20-30)% of Lightning Damage Leeched as Life during Effect","optional":false}],"flavourText":"The great city of storms, washed away by Vinktar's thirst for power.","chaosValue":59.00,"exaltedValue":2.03,"divineValue":0.21,"count":195,"detailsId":"vessel-of-vinktar","tradeInfo":[],"listingCount":4758},{"id":1394,"name":"Taste of Hate","icon":"https://web.poecdn.com/gen/image/WzksMTQseyJmIjoiMkRJdGVtcy9GbGFza3MvVGFzdGVPZkhhdGUiLCJ3IjoxLCJoIjoyLCJzY2FsZSI6MSwibGV2ZWwiOjF9XQ/37ff43c7ff/TasteOfHate.png","levelRequired":18,"baseType":"Sapphire Flask","itemClass":3,"sparkline":{"data":[0,14.46,20.48,20.48,20.48,20.48,20.48],"totalChange":20.48},"lowConfidenceSparkline":{"data":[0,14.46,20.48,20.48,20.48,20.48,20.48],"totalChange":20.48},"implicitModifiers":[],"explicitModifiers":[{"text":"(10-30)% of Physical Damage from Hits taken as Cold Damage during Flask effect","optional":true},{"text":"(10-30)% of Physical Damage from Hits taken as Cold Damage during Effect","optional":false},{"text":"Gain (10-30)% of Physical Damage as Extra Cold Damage during effect","optional":false},{"text":"30% chance to Avoid being Chilled during Effect","optional":false},{"text":"30% chance to Avoid being Chilled during Flask effect","optional":true},{"text":"30% chance to Avoid being Frozen during Effect","optional":false},{"text":"30% chance to Avoid being Frozen during Flask effect","optional":true}],"flavourText":"A sip will freeze your lips,\nA swig will chill your heart,\nA glass will still your soul.","chaosValue":50.00,"exaltedValue":1.72,"divineValue":0.18,"count":258,"detailsId":"taste-of-hate","tradeInfo":[],"listingCount":8967},{"id":1956,"name":"Sin's Rebirth","icon":"https://web.poecdn.com/gen/image/WzksMTQseyJmIjoiMkRJdGVtcy9GbGFza3MvU2luIiwidyI6MSwiaCI6Miwic2NhbGUiOjEsImxldmVsIjoxfV0/897bffaad1/Sin.png","levelRequired":27,"baseType":"Stibnite Flask","itemClass":3,"sparkline":{"data":[0,0,49.39,125,151.22,143.90,143.90],"totalChange":143.90},"lowConfidenceSparkline":{"data":[0,0,49.39,125,151.22,143.90,143.90],"totalChange":143.90},"implicitModifiers":[{"text":"Creates a Smoke Cloud on Use","optional":false}],"explicitModifiers":[{"text":"Grants Immunity to Ignite for 4 seconds if used while Ignited\nRemoves all Burning when used","optional":false},{"text":"Grants Immunity to Ignite for 1 second if used while Ignited\nRemoves all Burning when used","optional":true},{"text":"Unholy Might during Effect","optional":false},{"text":"Gain Unholy Might during Flask Effect","optional":true},{"text":"Immunity to Ignite during Flask effect\nRemoves Burning on use","optional":true}],"flavourText":"And from the ashes he rose, like a black cloud.\nThe Sin of one became the Sin of many.","chaosValue":40.00,"exaltedValue":1.38,"divineValue":0.15,"count":30,"detailsId":"sins-rebirth","tradeInfo":[],"listingCount":1949},{"id":109029,"name":"Replica Witchfire Brew","icon":"https://web.poecdn.com/gen/image/WzksMTQseyJmIjoiMkRJdGVtcy9GbGFza3MvV2l0Y2hGaXJlQnJldyIsInciOjEsImgiOjIsInNjYWxlIjoxLCJsZXZlbCI6MX1d/1696a739f5/WitchFireBrew.png","levelRequired":48,"baseType":"Stibnite Flask","itemClass":3,"sparkline":{"data":[0,20.5,18,18,24,23,60],"totalChange":60},"lowConfidenceSparkline":{"data":[0,20.5,18,18,24,23,60],"totalChange":60},"implicitModifiers":[{"text":"Creates a Smoke Cloud on Use","optional":false}],"explicitModifiers":[{"text":"(1-10)% increased Charges per use","optional":true},{"text":"(1-10)% reduced Charges per use","optional":true},{"text":"Grants Level 21 Vulnerability Curse Aura during Effect","optional":false}],"flavourText":"\"Nobody will listen to me, because I'm the only one that sees it.\nNothing left to do now but drink until this world makes sense.\"\n- Researcher Graven","chaosValue":32.00,"exaltedValue":1.10,"divineValue":0.12,"count":24,"detailsId":"replica-witchfire-brew","tradeInfo":[],"listingCount":141},{"id":68096,"name":"Vorana's Preparation","icon":"https://web.poecdn.com/gen/image/WzksMTQseyJmIjoiMkRJdGVtcy9GbGFza3MvQWRhcHRhdGlvbkZsYXNrMDMiLCJ3IjoxLCJoIjoyLCJzY2FsZSI6MSwibGV2ZWwiOjF9XQ/f67d3bf6f2/AdaptationFlask03.png","levelRequired":27,"baseType":"Iron Flask","itemClass":3,"sparkline":{"data":[0,4.17,4.17,4.17,4.17,4.17,4.17],"totalChange":4.17},"lowConfidenceSparkline":{"data":[0,4.17,4.17,4.17,4.17,4.17,4.17],"totalChange":4.17},"implicitModifiers":[{"text":"Restores Ward on use","optional":false}],"explicitModifiers":[{"text":"(1-10)% increased Charges used","optional":true},{"text":"(1-10)% reduced Charges used","optional":true},{"text":"(1-10)% reduced Charges per use","optional":true},{"text":"(1-10)% increased Charges per use","optional":true},{"text":"Debilitate nearby Enemies for 2 Seconds when Effect ends","optional":false},{"text":"Debilitate nearby Enemies for 2 Seconds when Flask Effect ends","optional":true},{"text":"Effect is removed when Ward Breaks","optional":false},{"text":"Flask Effect is removed when Ward Breaks","optional":true},{"text":"Culling Strike during Flask Effect","optional":true},{"text":"Culling Strike during Effect","optional":false}],"flavourText":"Vorana trained her mercenaries\nthus: strike true and survive.","chaosValue":25.00,"exaltedValue":0.86,"divineValue":0.09,"count":30,"detailsId":"voranas-preparation","tradeInfo":[],"listingCount":995},{"id":44550,"name":"Replica Rumi's Concoction","icon":"https://web.poecdn.com/gen/image/WzksMTQseyJmIjoiMkRJdGVtcy9GbGFza3MvQmxvY2tGbGFzayIsInciOjEsImgiOjIsInNjYWxlIjoxLCJsZXZlbCI6MX1d/3bc27f19d5/BlockFlask.png","levelRequired":68,"baseType":"Granite Flask","itemClass":3,"sparkline":{"data":[0,0,-2,-4,-4,-2,-2],"totalChange":-2},"lowConfidenceSparkline":{"data":[0,0,-2,-4,-4,-2,-2],"totalChange":-2},"implicitModifiers":[],"explicitModifiers":[{"text":"Gain 1 Endurance Charge on use","optional":false},{"text":"You gain an Endurance Charge on use","optional":true},{"text":"Petrified during Effect","optional":false},{"text":"Petrified during Flask Effect","optional":true},{"text":"+(35-50)% Chance to Block Attack Damage during Flask effect","optional":true},{"text":"+(35-50)% Chance to Block Attack Damage during Effect","optional":false},{"text":"90% reduced Duration","optional":false},{"text":"+(20-30)% Chance to Block Spell Damage during Flask effect","optional":true},{"text":"+(20-30)% Chance to Block Spell Damage during Effect","optional":false}],"flavourText":"\"The most terrifying split second of my life.\" \n- Researcher Graven","chaosValue":24.50,"exaltedValue":0.84,"divineValue":0.09,"count":44,"detailsId":"replica-rumis-concoction","tradeInfo":[],"listingCount":849},{"id":467,"name":"Dying Sun","icon":"https://web.poecdn.com/gen/image/WzksMTQseyJmIjoiMkRJdGVtcy9GbGFza3MvU2hhcGVyc0ZsYXNrIiwidyI6MSwiaCI6Miwic2NhbGUiOjEsImxldmVsIjoxfV0/c6e2f8118d/ShapersFlask.png","levelRequired":68,"baseType":"Ruby Flask","itemClass":3,"sparkline":{"data":[0,0,0,0,0,0,0],"totalChange":0},"lowConfidenceSparkline":{"data":[0,0,0,0,0,0,0],"totalChange":0},"implicitModifiers":[],"explicitModifiers":[{"text":"(1-10)% reduced Charges used","optional":true},{"text":"(1-150)% increased Charges used","optional":true},{"text":"(1-10)% reduced Charges per use","optional":true},{"text":"(1-150)% increased Charges per use","optional":true},{"text":"(40-60)% less Duration","optional":true},{"text":"(40-71)% reduced Duration","optional":true},{"text":"(10-30)% increased Area of Effect during Flask Effect","optional":true},{"text":"(10-30)% increased Area of Effect during Effect","optional":false},{"text":"Skills fire 2 additional Projectiles during Effect","optional":false},{"text":"Skills fire 2 additional Projectiles during Flask Effect","optional":true}],"flavourText":"All things must die.\nWhether you burn out or explode is up to you.","chaosValue":20.00,"exaltedValue":0.69,"divineValue":0.07,"count":392,"detailsId":"dying-sun","tradeInfo":[],"listingCount":14767},{"id":1904,"name":"Zerphi's Last Breath","icon":"https://web.poecdn.com/gen/image/WzksMTQseyJmIjoiMkRJdGVtcy9GbGFza3MvWmVycGhpc0xhc3RCcmVhdGgiLCJ3IjoxLCJoIjoyLCJzY2FsZSI6MSwibGV2ZWwiOjF9XQ/bf8cb7b943/ZerphisLastBreath.png","levelRequired":18,"baseType":"Grand Mana Flask","itemClass":3,"sparkline":{"data":[0,0,0,0,19,0,0],"totalChange":0},"lowConfidenceSparkline":{"data":[0,0,0,0,19,0,0],"totalChange":0},"implicitModifiers":[],"explicitModifiers":[{"text":"50% increased Charges used","optional":true},{"text":"50% increased Charges per use","optional":false},{"text":"Grants Last Breath when you Use a Skill during Flask Effect, for (450-800)% of Mana Cost","optional":true},{"text":"Grants Last Breath when you Use a Skill during Effect, for (450-800)% of Mana Cost","optional":false}],"flavourText":"\"Proof that if you devote yourself to a god of death,\nyou may be spared from its wrath.\"\n- Icius Perandus, Antiquities Collection, Item 408","chaosValue":20.00,"exaltedValue":0.69,"divineValue":0.07,"count":33,"detailsId":"zerphis-last-breath","tradeInfo":[],"listingCount":3548},{"id":44298,"name":"Replica Sorrow of the Divine","icon":"https://web.poecdn.com/gen/image/WzksMTQseyJmIjoiMkRJdGVtcy9GbGFza3MvU29ycm93T2ZUaGVEaXZpbmUiLCJ3IjoxLCJoIjoyLCJzY2FsZSI6MSwibGV2ZWwiOjF9XQ/5d9eb26bd6/SorrowOfTheDivine.png","levelRequired":27,"baseType":"Sulphur Flask","itemClass":3,"sparkline":{"data":[0,0,0,33.33,33.33,33.33,33.33],"totalChange":33.33},"lowConfidenceSparkline":{"data":[0,0,0,33.33,33.33,33.33,33.33],"totalChange":33.33},"implicitModifiers":[{"text":"Creates Consecrated Ground on Use","optional":false}],"explicitModifiers":[{"text":"Life Recovery from Flasks also applies to Energy Shield during Effect","optional":false},{"text":"(25-50)% increased Duration","optional":false},{"text":"Eldritch Battery during Effect","optional":false},{"text":"Life Recovery from Flasks also applies to Energy Shield during Flask Effect","optional":true},{"text":"Eldritch Battery during Flask effect","optional":true}],"flavourText":"\"Success! Prototype #54 has tapped into that sliver of divinity that exists within.\nFaith fuels the flesh, and the flesh fuels the fire...\"","chaosValue":20.00,"exaltedValue":0.69,"divineValue":0.07,"count":44,"detailsId":"replica-sorrow-of-the-divine","tradeInfo":[],"listingCount":934},{"id":19060,"name":"Cinderswallow Urn","icon":"https://web.poecdn.com/gen/image/WzksMTQseyJmIjoiMkRJdGVtcy9GbGFza3MvVmlhbG9mVW5saWZlIiwidyI6MSwiaCI6Miwic2NhbGUiOjEsImxldmVsIjoxfV0/9911226887/VialofUnlife.png","levelRequired":48,"baseType":"Silver Flask","itemClass":3,"sparkline":{"data":[0,6.92,-1.89,-2.52,-8.18,-5.66,-5.66],"totalChange":-5.66},"lowConfidenceSparkline":{"data":[0,6.92,-1.89,-2.52,-8.18,-5.66,-5.66],"totalChange":-5.66},"implicitModifiers":[],"explicitModifiers":[{"text":"Recharges 1 Charge when you Consume an Ignited corpse","optional":true},{"text":"+90 to Maximum Charges","optional":true},{"text":"(8-12)% increased Movement Speed during Flask effect","optional":true},{"text":"Recharges 5 Charges when you Consume an Ignited corpse","optional":true},{"text":"(8-12)% increased Movement Speed during Effect","optional":true},{"text":"(175-200)% increased Charges used","optional":true},{"text":"(175-200)% increased Charges per use","optional":true},{"text":"(20-25)% reduced Mana Cost of Skills during Flask Effect","optional":true},{"text":"(60-80)% reduced Reflected Damage taken during Flask Effect","optional":true},{"text":"(40-80)% increased Critical Strike Chance during Effect","optional":true},{"text":"(20-30)% increased Rarity of Items found during Effect","optional":true},{"text":"(20-25)% reduced Mana Cost of Skills during Effect","optional":true},{"text":"Regenerate 3% of Life per second during Effect","optional":true},{"text":"15% of Damage Taken from Hits is Leeched as Life during Effect","optional":true},{"text":"50% Chance to Avoid being Stunned during Effect","optional":true},{"text":"(60-80)% reduced Reflected Damage taken during Effect","optional":true},{"text":"Enemies Ignited by you during Effect take (7-10)% increased Damage","optional":false},{"text":"Enemies Ignited by you during Flask Effect take (7-10)% increased Damage","optional":true},{"text":"Regenerate 3% of Life per second during Flask Effect","optional":true},{"text":"15% of Damage Taken from Hits is Leeched as Life during Flask Effect","optional":true},{"text":"(20-30)% increased Rarity of Items found during Flask Effect","optional":true},{"text":"Recover (1-3)% of Life when you Kill an Enemy during Flask Effect","optional":true},{"text":"Recover (1-3)% of Mana when you Kill an Enemy during Flask Effect","optional":true},{"text":"(40-80)% increased Critical Strike Chance during Flask Effect","optional":true},{"text":"Recover (1-3)% of Mana when you Kill an Enemy during Effect","optional":true},{"text":"Recover (1-3)% of Life when you Kill an Enemy during Effect","optional":true},{"text":"50% Chance to avoid being Stunned during Flask Effect","optional":true},{"text":"Recover (1-3)% of Energy Shield when you Kill an Enemy during Flask Effect","optional":true},{"text":"Recover (1-3)% of Energy Shield when you Kill an Enemy during Effect","optional":true}],"flavourText":"A controlled burn is sometimes necessary for new life.","chaosValue":15.00,"exaltedValue":0.52,"divineValue":0.05,"count":399,"detailsId":"cinderswallow-urn","tradeInfo":[],"listingCount":16308},{"id":1073,"name":"Rumi's Concoction","icon":"https://web.poecdn.com/gen/image/WzksMTQseyJmIjoiMkRJdGVtcy9GbGFza3MvQmxvY2tGbGFzayIsInciOjEsImgiOjIsInNjYWxlIjoxLCJsZXZlbCI6MX1d/3bc27f19d5/BlockFlask.png","levelRequired":68,"baseType":"Granite Flask","itemClass":3,"sparkline":{"data":[0,-22.86,14.29,40,32.86,42.86,42.86],"totalChange":42.86},"lowConfidenceSparkline":{"data":[0,-22.86,14.29,40,32.86,42.86,42.86],"totalChange":42.86},"implicitModifiers":[],"explicitModifiers":[{"text":"+(8-40)% Chance to Block Attack Damage during Flask effect","optional":true},{"text":"+(8-40)% Chance to Block Attack Damage during Effect","optional":false},{"text":"+(4-20)% Chance to Block Spell Damage during Flask effect","optional":true},{"text":"+(4-20)% Chance to Block Spell Damage during Effect","optional":false}],"flavourText":"\"Yesterday I was clever, so I wanted to change the world.\nToday I am wise, so I am changing myself.\"\n-Rumi of the Vaal","chaosValue":10.00,"exaltedValue":0.34,"divineValue":0.04,"count":326,"detailsId":"rumis-concoction","tradeInfo":[],"listingCount":14807},{"id":44448,"name":"Replica Lavianga's Spirit","icon":"https://web.poecdn.com/gen/image/WzksMTQseyJmIjoiMkRJdGVtcy9GbGFza3MvTGF2aWFuZ2FzT2lsIiwidyI6MSwiaCI6Miwic2NhbGUiOjEsImxldmVsIjoxfV0/44f064d737/LaviangasOil.png","levelRequired":50,"baseType":"Sanctified Mana Flask","itemClass":3,"sparkline":{"data":[0,0,6.25,0,6.25,10,25],"totalChange":25},"lowConfidenceSparkline":{"data":[0,0,6.25,0,6.25,10,25],"totalChange":25},"implicitModifiers":[],"explicitModifiers":[{"text":"(30-50)% increased Amount Recovered","optional":false},{"text":"50% reduced Recovery rate","optional":false},{"text":"(5-15)% increased Attack Speed during Flask effect","optional":true},{"text":"(5-15)% increased Attack Speed during Effect","optional":false},{"text":"(5-15)% increased Cast Speed during Flask effect","optional":true},{"text":"(5-15)% increased Cast Speed during Effect","optional":false},{"text":"10% increased Mana Cost of Skills during Effect","optional":false},{"text":"10% increased Mana Cost of Skills during Flask Effect","optional":true}],"flavourText":"\"An intriguing paradox.\"","chaosValue":10.00,"exaltedValue":0.34,"divineValue":0.04,"count":44,"detailsId":"replica-laviangas-spirit","tradeInfo":[],"listingCount":921},{"id":424,"name":"Divination Distillate","icon":"https://web.poecdn.com/gen/image/WzksMTQseyJmIjoiMkRJdGVtcy9GbGFza3MveUZsYXNrczE3IiwidyI6MSwiaCI6Miwic2NhbGUiOjEsImxldmVsIjoxfV0/df28fc612b/yFlasks17.png","levelRequired":30,"baseType":"Large Hybrid Flask","itemClass":3,"sparkline":{"data":[0,0,-5,-30,-50,-50,-50],"totalChange":-50},"lowConfidenceSparkline":{"data":[0,0,-5,-30,-50,-50,-50],"totalChange":-50},"implicitModifiers":[],"explicitModifiers":[{"text":"+(4-6)% to all maximum Elemental Resistances during Effect","optional":true},{"text":"(8-25)% increased Quantity of Items found during Flask effect","optional":true},{"text":"(8-25)% increased Quantity of Items found during Effect","optional":false},{"text":"(20-60)% increased Rarity of Items found during Flask effect","optional":true},{"text":"(20-60)% increased Rarity of Items found during Effect","optional":false},{"text":"+50% to Elemental Resistances during Flask Effect","optional":true},{"text":"+(4-6)% to all maximum Elemental Resistances during Flask effect","optional":true},{"text":"25% increased Light Radius during Flask effect","optional":true},{"text":"+50% to Elemental Resistances during Effect","optional":true},{"text":"25% increased Light Radius during Effect","optional":false}],"flavourText":"Knowledge is fermented in pain and loss\nDistilled with reflection\nTo quench the thirst of those\nwho dream of enlightenment","chaosValue":5.00,"exaltedValue":0.17,"divineValue":0.02,"count":372,"detailsId":"divination-distillate","tradeInfo":[],"listingCount":12085},{"id":763,"name":"Lion's Roar","icon":"https://web.poecdn.com/gen/image/WzksMTQseyJmIjoiMkRJdGVtcy9GbGFza3MveUZsYXNrNSIsInciOjEsImgiOjIsInNjYWxlIjoxLCJsZXZlbCI6MX1d/69fe070e32/yFlask5.png","levelRequired":27,"baseType":"Granite Flask","itemClass":3,"sparkline":{"data":[0,0,0,0,0,0,0],"totalChange":0},"lowConfidenceSparkline":{"data":[0,0,0,0,0,0,0],"totalChange":0},"implicitModifiers":[],"explicitModifiers":[{"text":"(70-100)% increased Charges used","optional":true},{"text":"(70-100)% increased Charges per use","optional":true},{"text":"Knocks Back Enemies in an Area when you use a Flask","optional":false},{"text":"75% chance to cause Enemies to Flee on use","optional":false},{"text":"Adds Knockback to Melee Attacks during Flask effect","optional":true},{"text":"Adds Knockback to Melee Attacks during Effect","optional":false},{"text":"(7-35)% more Melee Physical Damage during effect","optional":false}],"flavourText":"A sprinkle of hunger, a spoonful of menace\nand three generous cups of Might.","chaosValue":5.00,"exaltedValue":0.17,"divineValue":0.02,"count":295,"detailsId":"lions-roar","tradeInfo":[],"listingCount":14854},{"id":2075,"name":"The Wise Oak","icon":"https://web.poecdn.com/gen/image/WzksMTQseyJmIjoiMkRJdGVtcy9GbGFza3MvVGhlV2lzZU9hayIsInciOjEsImgiOjIsInNjYWxlIjoxLCJsZXZlbCI6MX1d/80a47134d5/TheWiseOak.png","levelRequired":8,"baseType":"Bismuth Flask","itemClass":3,"sparkline":{"data":[0,0,0,0,0,0,0],"totalChange":0},"lowConfidenceSparkline":{"data":[0,0,0,0,0,0,0],"totalChange":0},"implicitModifiers":[],"explicitModifiers":[{"text":"During Flask Effect, (6-10)% reduced Damage taken of each Element for which your Uncapped Elemental Resistance is lowest","optional":true},{"text":"During Effect, (6-10)% reduced Damage taken of each Element for which your Uncapped Elemental Resistance is lowest","optional":false},{"text":"During Flask Effect, Damage Penetrates (5-20)% Resistance of each Element for which your Uncapped Elemental Resistance is highest","optional":true},{"text":"During Effect, Damage Penetrates (5-20)% Resistance of each Element for which your Uncapped Elemental Resistance is highest","optional":false}],"flavourText":"The summer sun dries the soil and burns the leaves.\nThe autumn rain extinguishes the flames.\nThe spring bloom shades the wet earth.\nNature is an eternal tug of war.","chaosValue":5.00,"exaltedValue":0.17,"divineValue":0.02,"count":247,"detailsId":"the-wise-oak","tradeInfo":[],"listingCount":13161},{"id":306,"name":"Coruscating Elixir","icon":"https://web.poecdn.com/gen/image/WzksMTQseyJmIjoiMkRJdGVtcy9GbGFza3MvQ29ydXNFbGl4aXIiLCJ3IjoxLCJoIjoyLCJzY2FsZSI6MSwibGV2ZWwiOjF9XQ/26769c58f3/CorusElixir.png","levelRequired":18,"baseType":"Ruby Flask","itemClass":3,"sparkline":{"data":[0,0,0,0,-25,-2.25,-25],"totalChange":-25},"lowConfidenceSparkline":{"data":[0,0,0,0,-25,-2.25,-25],"totalChange":-25},"implicitModifiers":[],"explicitModifiers":[{"text":"Chaos Damage does not bypass Energy Shield during effect","optional":true},{"text":"Chaos Damage taken does not bypass Energy Shield during effect","optional":false},{"text":"Removes all but one Life on use\nRemoved life is Regenerated as Energy Shield over 2 seconds","optional":false},{"text":"(25-100)% increased Duration","optional":true}],"flavourText":"Let blood sear in your veins, \nLet the pain push outwards and turn away your enemy's blows.","chaosValue":3.00,"exaltedValue":0.10,"divineValue":0.01,"count":141,"detailsId":"coruscating-elixir","tradeInfo":[],"listingCount":5154},{"id":1893,"name":"Witchfire Brew","icon":"https://web.poecdn.com/gen/image/WzksMTQseyJmIjoiMkRJdGVtcy9GbGFza3MvV2l0Y2hGaXJlQnJldyIsInciOjEsImgiOjIsInNjYWxlIjoxLCJsZXZlbCI6MX1d/1696a739f5/WitchFireBrew.png","levelRequired":48,"baseType":"Stibnite Flask","itemClass":3,"sparkline":{"data":[0,36.36,36.36,27.27,36.36,36.36,36.36],"totalChange":36.36},"lowConfidenceSparkline":{"data":[0,36.36,36.36,27.27,36.36,36.36,36.36],"totalChange":36.36},"implicitModifiers":[{"text":"Creates a Smoke Cloud on Use","optional":false}],"explicitModifiers":[{"text":"(1-50)% increased Charges used","optional":true},{"text":"(1-10)% reduced Charges used","optional":true},{"text":"(1-10)% reduced Charges per use","optional":true},{"text":"(1-50)% increased Charges per use","optional":true},{"text":"(25-70)% increased Damage Over Time during Flask Effect","optional":true},{"text":"(25-70)% increased Damage Over Time during Effect","optional":true},{"text":"Grants Level 21 Despair Curse Aura during Flask Effect","optional":true},{"text":"Grants Level 21 Despair Curse Aura during Effect","optional":false}],"flavourText":"\"Think of those that cursed us, judged us, \nand burned our sisters upon the pyre. \nThink of their names as you drink, \nand even their children will feel what we do to them today.\" \n-Vadinya, to her coven","chaosValue":3.00,"exaltedValue":0.10,"divineValue":0.01,"count":221,"detailsId":"witchfire-brew","tradeInfo":[],"listingCount":10302},{"id":6896,"name":"Soul Catcher","icon":"https://web.poecdn.com/gen/image/WzksMTQseyJmIjoiMkRJdGVtcy9GbGFza3MvU291bENhdGNoZXIiLCJ3IjoxLCJoIjoyLCJzY2FsZSI6MSwibGV2ZWwiOjF9XQ/00e2d0f2b5/SoulCatcher.png","levelRequired":27,"baseType":"Quartz Flask","itemClass":3,"sparkline":{"data":[0,0,0,0,33.33,0,0],"totalChange":0},"lowConfidenceSparkline":{"data":[0,0,0,0,33.33,0,0],"totalChange":0},"implicitModifiers":[],"explicitModifiers":[{"text":"Cannot gain Mana during effect","optional":false},{"text":"Vaal Skills have (60-120)% increased Critical Strike Chance during effect","optional":true},{"text":"(60-120)% increased Critical Strike Chance with Vaal Skills during effect","optional":true},{"text":"Vaal Skills have 25% reduced Soul Cost during effect","optional":true},{"text":"Vaal Skills deal (60-120)% increased Damage during effect","optional":true},{"text":"Vaal Skills require 25% reduced Souls Per Use during effect","optional":true},{"text":"(60-120)% increased Damage with Vaal Skills during effect","optional":false},{"text":"Non-Aura Vaal Skills require 25% reduced Souls Per Use during Effect","optional":true},{"text":"Vaal Skills used during effect have (10-40)% reduced Soul Gain Prevention Duration","optional":false}],"flavourText":"Freedom is for the privileged, even in death.\n\n<default>{This item can be transformed on the Altar of Sacrifice along with Vial of the Ghost}","chaosValue":3.00,"exaltedValue":0.10,"divineValue":0.01,"count":187,"detailsId":"soul-catcher","tradeInfo":[],"listingCount":9665},{"id":125,"name":"Atziri's Promise","icon":"https://web.poecdn.com/gen/image/WzksMTQseyJmIjoiMkRJdGVtcy9GbGFza3MvQXR6aXJpc1Byb21pc2UiLCJ3IjoxLCJoIjoyLCJzY2FsZSI6MSwibGV2ZWwiOjF9XQ/8a5f4f13b4/AtzirisPromise.png","levelRequired":68,"baseType":"Amethyst Flask","itemClass":3,"sparkline":{"data":[0,0,0,0,-40,-40,-60],"totalChange":-60},"lowConfidenceSparkline":{"data":[0,0,0,0,-40,-40,-60],"totalChange":-60},"implicitModifiers":[],"explicitModifiers":[{"text":"2% of Chaos Damage Leeched as Life during Flask effect","optional":true},{"text":"Gain (5-25)% of Physical Damage as Extra Chaos Damage during effect","optional":false},{"text":"Gain (5-15)% of Elemental Damage as Extra Chaos Damage during effect","optional":false},{"text":"2% of Chaos Damage Leeched as Life during Effect","optional":false}],"flavourText":"\"Death needs not your understanding. It needs only your loyalty.\" \n- Atziri, Queen of the Vaal","chaosValue":2.00,"exaltedValue":0.07,"divineValue":0.01,"count":355,"detailsId":"atziris-promise","tradeInfo":[],"listingCount":33928},{"id":1679,"name":"The Writhing Jar","icon":"https://web.poecdn.com/gen/image/WzksMTQseyJmIjoiMkRJdGVtcy9GbGFza3MvV3JpdGhpbmdKYXIiLCJ3IjoxLCJoIjoyLCJzY2FsZSI6MSwibGV2ZWwiOjF9XQ/6d3e384036/WrithingJar.png","levelRequired":60,"baseType":"Hallowed Hybrid Flask","itemClass":3,"sparkline":{"data":[0,0,0,0,0,0,0],"totalChange":0},"lowConfidenceSparkline":{"data":[0,0,0,0,0,0,0],"totalChange":0},"implicitModifiers":[],"explicitModifiers":[{"text":"(10-20)% reduced Charges per use","optional":false},{"text":"(65-75)% reduced Amount Recovered","optional":false},{"text":"Instant Recovery","optional":false},{"text":"2 Enemy Writhing Worms escape the Flask when used\nWrithing Worms are destroyed when Hit","optional":false},{"text":"(10-20)% reduced Charges used","optional":true}],"flavourText":"To achieve godhood, they would cast off all that god has gifted us.\nMortality, compassion, even the sanctity of flesh.\n - High Templar Voll","chaosValue":2.00,"exaltedValue":0.07,"divineValue":0.01,"count":167,"detailsId":"the-writhing-jar","tradeInfo":[],"listingCount":6832},{"id":174,"name":"Blood of the Karui","icon":"https://web.poecdn.com/gen/image/WzksMTQseyJmIjoiMkRJdGVtcy9GbGFza3MvQmxvb2RPZlRoZUthcnVpIiwidyI6MSwiaCI6Miwic2NhbGUiOjEsImxldmVsIjoxfV0/f70bd57e9f/BloodOfTheKarui.png","levelRequired":50,"baseType":"Sanctified Life Flask","itemClass":3,"sparkline":{"data":[0,100,100,100,100,76,0],"totalChange":0},"lowConfidenceSparkline":{"data":[0,100,100,100,100,76,0],"totalChange":0},"implicitModifiers":[],"explicitModifiers":[{"text":"(50-100)% increased Life Recovered","optional":true},{"text":"(5-20)% increased Recovery rate","optional":true},{"text":"(22-50)% reduced Recovery rate","optional":true},{"text":"Cannot gain Life during effect","optional":true},{"text":"Recover Full Life at the end of the Flask Effect","optional":true},{"text":"Recover Full Life at the end of the Effect","optional":false}],"flavourText":"\"Kaom fought and killed for his people.\nKaom bled for his people.\nAnd so the people gave, the people bled,\nSo their King might go on.\"\n- Lavianga, Advisor to Kaom","chaosValue":1.00,"exaltedValue":0.03,"divineValue":0.00,"count":202,"detailsId":"blood-of-the-karui","tradeInfo":[],"listingCount":7732},{"id":427,"name":"Doedre's Elixir","icon":"https://web.poecdn.com/gen/image/WzksMTQseyJmIjoiMkRJdGVtcy9GbGFza3MveUZsYXNrNCIsInciOjEsImgiOjIsInNjYWxlIjoxLCJsZXZlbCI6MX1d/59c415efed/yFlask4.png","levelRequired":12,"baseType":"Greater Mana Flask","itemClass":3,"sparkline":{"data":[0,0,0,0,0,0,0],"totalChange":0},"lowConfidenceSparkline":{"data":[0,0,0,0,0,0,0],"totalChange":0},"implicitModifiers":[],"explicitModifiers":[{"text":"(50-300)% increased Charges used","optional":true},{"text":"(50-300)% increased Charges per use","optional":false},{"text":"Removes (20-80)% of your maximum Energy Shield on use","optional":false},{"text":"You take (10-50)% of your maximum Life as Chaos Damage on use","optional":false},{"text":"You gain (2-3) Endurance Charges on use","optional":true},{"text":"Gain 1 Endurance Charge on use","optional":true},{"text":"Gain (2-3) Endurance Charges on use","optional":true},{"text":"You gain a Frenzy Charge on use","optional":true},{"text":"You gain (2-3) Frenzy Charges on use","optional":true},{"text":"Gain (2-3) Frenzy Charges on use","optional":true},{"text":"Gain 1 Frenzy Charge on use","optional":true},{"text":"You gain an Endurance Charge on use","optional":true},{"text":"You gain (2-3) Power Charges on use","optional":true},{"text":"You gain a Power Charge on use","optional":true},{"text":"Gain (2-3) Power Charges on use","optional":true},{"text":"Gain 1 Power Charge on use","optional":true}],"flavourText":"Doedre Darktongue knew the Way of the Thaumaturge.\nIn order to receive, one must give... without hesitation.","chaosValue":1.00,"exaltedValue":0.03,"divineValue":0.00,"count":241,"detailsId":"doedres-elixir","tradeInfo":[],"listingCount":12937},{"id":537,"name":"Forbidden Taste","icon":"https://web.poecdn.com/gen/image/WzksMTQseyJmIjoiMkRJdGVtcy9GbGFza3MvUGhhbnRvbUJsb29kIiwidyI6MSwiaCI6Miwic2NhbGUiOjEsImxldmVsIjoxfV0/d04fc2ce16/PhantomBlood.png","levelRequired":27,"baseType":"Quartz Flask","itemClass":3,"sparkline":{"data":[0,0,0,0,0,0,0],"totalChange":0},"lowConfidenceSparkline":{"data":[0,0,0,0,0,0,0],"totalChange":0},"implicitModifiers":[],"explicitModifiers":[{"text":"Recover Full Life on use","optional":true},{"text":"50% increased Charges used","optional":true},{"text":"50% increased Charges per use","optional":true},{"text":"Recover (50-100)% of Life on use","optional":true},{"text":"(8-25)% of Maximum Life taken as Chaos Damage per second","optional":false}],"flavourText":"Your reach exceeds your grasp.","chaosValue":1.00,"exaltedValue":0.03,"divineValue":0.00,"count":214,"detailsId":"forbidden-taste","tradeInfo":[],"listingCount":14542},{"id":712,"name":"Kiara's Determination","icon":"https://web.poecdn.com/gen/image/WzksMTQseyJmIjoiMkRJdGVtcy9GbGFza3MvS2lhcmFzRGV0ZXJtaW5hdGlvbiIsInciOjEsImgiOjIsInNjYWxlIjoxLCJsZXZlbCI6MX1d/591dcd7979/KiarasDetermination.png","levelRequired":27,"baseType":"Silver Flask","itemClass":3,"sparkline":{"data":[0,0,0,0,0,0,0],"totalChange":0},"lowConfidenceSparkline":{"data":[0,0,0,0,0,0,0],"totalChange":0},"implicitModifiers":[],"explicitModifiers":[{"text":"(50-80)% reduced Duration","optional":false},{"text":"Immunity to Freeze, Chill, Curses and Stuns during Effect","optional":false},{"text":"Immune to Freeze, Chill, Curses and Stuns during Flask Effect","optional":true}],"flavourText":"Travelers of the deep wood speak of a witch\nwhose ale provides a different kind\nof liquid courage.","chaosValue":1.00,"exaltedValue":0.03,"divineValue":0.00,"count":236,"detailsId":"kiaras-determination","tradeInfo":[],"listingCount":8466},{"id":739,"name":"Lavianga's Spirit","icon":"https://web.poecdn.com/gen/image/WzksMTQseyJmIjoiMkRJdGVtcy9GbGFza3MvTGF2aWFuZ2FzT2lsIiwidyI6MSwiaCI6Miwic2NhbGUiOjEsImxldmVsIjoxfV0/44f064d737/LaviangasOil.png","levelRequired":50,"baseType":"Sanctified Mana Flask","itemClass":3,"sparkline":{"data":[0,0,0,0,0,0,0],"totalChange":0},"lowConfidenceSparkline":{"data":[0,0,0,0,0,0,0],"totalChange":0},"implicitModifiers":[],"explicitModifiers":[{"text":"(30-50)% increased Amount Recovered","optional":false},{"text":"100% increased Recovery rate","optional":false},{"text":"Your Skills have no Mana Cost during Flask effect","optional":true},{"text":"Skills Cost no Mana during Effect","optional":false},{"text":"Your Skills Cost no Mana during Flask effect","optional":true}],"flavourText":"\"When the Ancestors fill your cup,\nIt is only good manners to drink your fill.\"\n- Lavianga, Advisor to Kaom","chaosValue":1.00,"exaltedValue":0.03,"divineValue":0.00,"count":180,"detailsId":"laviangas-spirit","tradeInfo":[],"listingCount":6482},{"id":1068,"name":"Rotgut","icon":"https://web.poecdn.com/gen/image/WzksMTQseyJmIjoiMkRJdGVtcy9GbGFza3MvUm90Z3V0IiwidyI6MSwiaCI6Miwic2NhbGUiOjEsImxldmVsIjoxfV0/80c2799242/Rotgut.png","levelRequired":40,"baseType":"Quicksilver Flask","itemClass":3,"sparkline":{"data":[0,0,0,0,0,0,0],"totalChange":0},"lowConfidenceSparkline":{"data":[0,0,0,0,0,0,0],"totalChange":0},"implicitModifiers":[],"explicitModifiers":[{"text":"(15-50)% chance to gain a Flask Charge when you deal a Critical Strike","optional":false},{"text":"(50-150)% increased Charges used","optional":true},{"text":"(50-150)% increased Charges per use","optional":true},{"text":"Consumes Frenzy Charges on use","optional":false},{"text":"Gain Onslaught for 1 second per Frenzy Charge on use","optional":true},{"text":"Gain Onslaught for (2-3) seconds per Frenzy Charge on use","optional":true},{"text":"(30-50)% increased Duration","optional":true},{"text":"(10-30)% increased Movement Speed during Flask effect","optional":true},{"text":"(10-30)% increased Movement Speed during Effect","optional":true}],"flavourText":"Rancid, rotten, and wicked are those that dare to taste my serum.","chaosValue":1.00,"exaltedValue":0.03,"divineValue":0.00,"count":177,"detailsId":"rotgut","tradeInfo":[],"listingCount":12387},{"id":1561,"name":"The Overflowing Chalice","icon":"https://web.poecdn.com/gen/image/WzksMTQseyJmIjoiMkRJdGVtcy9GbGFza3MvT3ZlcmZsb3dpbmdDaGFsaWNlIiwidyI6MSwiaCI6Miwic2NhbGUiOjEsImxldmVsIjoxfV0/ff0069d957/OverflowingChalice.png","levelRequired":27,"baseType":"Sulphur Flask","itemClass":3,"sparkline":{"data":[0,0,0,0,0,0,0],"totalChange":0},"lowConfidenceSparkline":{"data":[0,0,0,0,0,0,0],"totalChange":0},"implicitModifiers":[{"text":"Creates Consecrated Ground on Use","optional":false}],"explicitModifiers":[{"text":"(40-100)% increased Charge Recovery","optional":false},{"text":"(10-20)% increased Duration","optional":true},{"text":"(50-100)% increased Charges gained by Other Flasks during Effect","optional":false},{"text":"Gains no Charges during Effect of any Overflowing Chalice Flask","optional":false},{"text":"(50-100)% increased Charges gained by Other Flasks during Flask Effect","optional":true}],"flavourText":"Empty cup, full of promise.","chaosValue":1.00,"exaltedValue":0.03,"divineValue":0.00,"count":245,"detailsId":"the-overflowing-chalice","tradeInfo":[],"listingCount":13548},{"id":1614,"name":"The Sorrow of the Divine","icon":"https://web.poecdn.com/gen/image/WzksMTQseyJmIjoiMkRJdGVtcy9GbGFza3MvU29ycm93T2ZUaGVEaXZpbmUiLCJ3IjoxLCJoIjoyLCJzY2FsZSI6MSwibGV2ZWwiOjF9XQ/5d9eb26bd6/SorrowOfTheDivine.png","levelRequired":27,"baseType":"Sulphur Flask","itemClass":3,"sparkline":{"data":[0,0,0,0,0,0,0],"totalChange":0},"lowConfidenceSparkline":{"data":[0,0,0,0,0,0,0],"totalChange":0},"implicitModifiers":[{"text":"Creates Consecrated Ground on Use","optional":false}],"explicitModifiers":[{"text":"Life Recovery from Flasks also applies to Energy Shield during Effect","optional":true},{"text":"(25-50)% increased Duration","optional":false},{"text":"Life Recovery from Flasks also applies to Energy Shield during Flask Effect","optional":true},{"text":"Zealot's Oath during Effect","optional":false},{"text":"Zealot's Oath during Flask effect","optional":true}],"flavourText":"As man sins,\nGod weeps.","chaosValue":1.00,"exaltedValue":0.03,"divineValue":0.00,"count":200,"detailsId":"the-sorrow-of-the-divine","tradeInfo":[],"listingCount":9302},{"id":2283,"name":"Coralito's Signature","icon":"https://web.poecdn.com/gen/image/WzksMTQseyJmIjoiMkRJdGVtcy9GbGFza3MvR29yZ29uc0ZsYXNrIiwidyI6MSwiaCI6Miwic2NhbGUiOjEsImxldmVsIjoxfV0/8fa50a1974/GorgonsFlask.png","levelRequired":27,"baseType":"Diamond Flask","itemClass":3,"sparkline":{"data":[0,0,0,0,0,0,0],"totalChange":0},"lowConfidenceSparkline":{"data":[0,0,0,0,0,0,0],"totalChange":0},"implicitModifiers":[],"explicitModifiers":[{"text":"25% chance to Poison on Hit during Effect","optional":false},{"text":"Your Critical Strikes do not deal extra Damage during Effect","optional":false},{"text":"25% chance to Poison on Hit during Flask effect","optional":true},{"text":"+(20-30)% to Damage over Time Multiplier for Poison from Critical Strikes during Flask effect","optional":true},{"text":"Your Critical Strikes do not deal extra Damage during Flask effect","optional":true},{"text":"+(20-30)% to Damage over Time Multiplier for Poison from Critical Strikes during Effect","optional":true},{"text":"(50-75)% increased Duration of Poisons you inflict during Effect","optional":true},{"text":"(50-75)% increased Duration of Poisons you inflict during Flask effect","optional":true},{"text":"Take (30-250) Chaos Damage per Second during Flask effect","optional":true},{"text":"Take (30-250) Chaos Damage per Second during Effect","optional":false},{"text":"Grants Perfect Agony during Flask effect","optional":true},{"text":"Grants Perfect Agony during effect","optional":true}],"flavourText":"\"What cruelty it is, that to be judged a success,\nsuch great work must go uncredited.\" \n- Coralito, Brotherhood of Silence","chaosValue":1.00,"exaltedValue":0.03,"divineValue":0.00,"count":176,"detailsId":"coralitos-signature","tradeInfo":[],"listingCount":6968}]}