{"lines":[{"id":60076,"name":"Tainted Oil","icon":"https://web.poecdn.com/gen/image/WzI1LDE0LHsiZiI6IjJESXRlbXMvQ3VycmVuY3kvT2lscy9WYWFsT2lsIiwidyI6MSwiaCI6MSwic2NhbGUiOjF9XQ/54c3400bd8/VaalOil.png","baseType":"Tainted Oil","stackSize":10,"itemClass":5,"sparkline":{"data":[0,0,-1.25,0,-4.58,-4.17,-4.17],"totalChange":-4.17},"lowConfidenceSparkline":{"data":[0,0,-1.25,0,-4.58,-4.17,-4.17],"totalChange":-4.17},"implicitModifiers":[],"explicitModifiers":[],"flavourText":"","chaosValue":230.00,"exaltedValue":7.93,"divineValue":0.83,"count":75,"detailsId":"tainted-oil","tradeInfo":[],"listingCount":707},{"id":22607,"name":"Golden Oil","icon":"https://web.poecdn.com/gen/image/WzI1LDE0LHsiZiI6IjJESXRlbXMvQ3VycmVuY3kvT2lscy9Hb2xkZW5PaWwiLCJ3IjoxLCJoIjoxLCJzY2FsZSI6MX1d/69094a06e9/GoldenOil.png","baseType":"Golden Oil","stackSize":10,"itemClass":5,"sparkline":{"data":[0,-1.06,-0.82,0,0,0,0],"totalChange":0},"lowConfidenceSparkline":{"data":[0,-1.06,-0.82,0,0,0,0],"totalChange":0},"implicitModifiers":[],"explicitModifiers":[],"flavourText":"","chaosValue":85.00,"exaltedValue":2.93,"divineValue":0.31,"count":216,"detailsId":"golden-oil","tradeInfo":[],"listingCount":2971},{"id":22533,"name":"Silver Oil","icon":"https://web.poecdn.com/gen/image/WzI1LDE0LHsiZiI6IjJESXRlbXMvQ3VycmVuY3kvT2lscy9TaWx2ZXJPaWwiLCJ3IjoxLCJoIjoxLCJzY2FsZSI6MX1d/fb57de2d95/SilverOil.png","baseType":"Silver Oil","stackSize":10,"itemClass":5,"sparkline":{"data":[0,1,10.25,5,12.25,10,10],"totalChange":10},"lowConfidenceSparkline":{"data":[0,1,10.25,5,12.25,10,10],"totalChange":10},"implicitModifiers":[],"explicitModifiers":[],"flavourText":"","chaosValue":44.00,"exaltedValue":1.52,"divineValue":0.16,"count":129,"detailsId":"silver-oil","tradeInfo":[],"listingCount":1918},{"id":22535,"name":"Opalescent Oil","icon":"https://web.poecdn.com/gen/image/WzI1LDE0LHsiZiI6IjJESXRlbXMvQ3VycmVuY3kvT2lscy9PcGFsZXNjZW50T2lsIiwidyI6MSwiaCI6MSwic2NhbGUiOjF9XQ/11d5d92171/OpalescentOil.png","baseType":"Opalescent Oil","stackSize":10,"itemClass":5,"sparkline":{"data":[0,1.07,0,0,1.43,7.14,7.14],"totalChange":7.14},"lowConfidenceSparkline":{"data":[0,1.07,0,0,1.43,7.14,7.14],"totalChange":7.14},"implicitModifiers":[],"explicitModifiers":[],"flavourText":"","chaosValue":15.00,"exaltedValue":0.52,"divineValue":0.05,"count":107,"detailsId":"opalescent-oil","tradeInfo":[],"listingCount":2264},{"id":98283,"name":"Reflective Oil","icon":"https://web.poecdn.com/gen/image/WzI1LDE0LHsiZiI6IjJESXRlbXMvQ3VycmVuY3kvT2lscy9NaXJyb3JPaWwiLCJ3IjoxLCJoIjoxLCJzY2FsZSI6MX1d/1c90ed676a/MirrorOil.png","baseType":"Reflective Oil","stackSize":10,"itemClass":5,"sparkline":{"data":[0,0.88,2.62,9.25,9.38,9.5,12.5],"totalChange":12.5},"lowConfidenceSparkline":{"data":[0,0.88,2.62,9.25,9.38,9.5,12.5],"totalChange":12.5},"implicitModifiers":[],"explicitModifiers":[],"flavourText":"","chaosValue":9.00,"exaltedValue":0.31,"divineValue":0.03,"count":61,"detailsId":"reflective-oil","tradeInfo":[],"listingCount":633},{"id":22531,"name":"Black Oil","icon":"https://web.poecdn.com/gen/image/WzI1LDE0LHsiZiI6IjJESXRlbXMvQ3VycmVuY3kvT2lscy9CbGFja09pbCIsInciOjEsImgiOjEsInNjYWxlIjoxfV0/763ed79fad/BlackOil.png","baseType":"Black Oil","stackSize":10,"itemClass":5,"sparkline":{"data":[0,0,0,0,0,0,0],"totalChange":0},"lowConfidenceSparkline":{"data":[0,0,0,0,0,0,0],"totalChange":0},"implicitModifiers":[],"explicitModifiers":[],"flavourText":"","chaosValue":5.00,"exaltedValue":0.17,"divineValue":0.02,"count":113,"detailsId":"black-oil","tradeInfo":[],"listingCount":2648},{"id":22530,"name":"Crimson Oil","icon":"https://web.poecdn.com/gen/image/WzI1LDE0LHsiZiI6IjJESXRlbXMvQ3VycmVuY3kvT2lscy9Dcmltc29uT2lsIiwidyI6MSwiaCI6MSwic2NhbGUiOjF9XQ/54fb620c7e/CrimsonOil.png","baseType":"Crimson Oil","stackSize":10,"itemClass":5,"sparkline":{"data":[0,-6.39,-4.44,-4.44,11.11,9.72,2.78],"totalChange":2.78},"lowConfidenceSparkline":{"data":[0,-6.39,-4.44,-4.44,11.11,9.72,2.78],"totalChange":2.78},"implicitModifiers":[],"explicitModifiers":[],"flavourText":"","chaosValue":3.70,"exaltedValue":0.13,"divineValue":0.01,"count":112,"detailsId":"crimson-oil","tradeInfo":[],"listingCount":2686},{"id":22529,"name":"Violet Oil","icon":"https://web.poecdn.com/gen/image/WzI1LDE0LHsiZiI6IjJESXRlbXMvQ3VycmVuY3kvT2lscy9WaW9sZXRPaWwiLCJ3IjoxLCJoIjoxLCJzY2FsZSI6MX1d/64c679a735/VioletOil.png","baseType":"Violet Oil","stackSize":10,"itemClass":5,"sparkline":{"data":[0,0,0,0,0,0,0],"totalChange":0},"lowConfidenceSparkline":{"data":[0,0,0,0,0,0,0],"totalChange":0},"implicitModifiers":[],"explicitModifiers":[],"flavourText":"","chaosValue":1.50,"exaltedValue":0.05,"divineValue":0.01,"count":109,"detailsId":"violet-oil","tradeInfo":[],"listingCount":2875},{"id":42286,"name":"Indigo Oil","icon":"https://web.poecdn.com/gen/image/WzI1LDE0LHsiZiI6IjJESXRlbXMvQ3VycmVuY3kvT2lscy9JbmRpZ29PaWwiLCJ3IjoxLCJoIjoxLCJzY2FsZSI6MX1d/f9356f7cb0/IndigoOil.png","baseType":"Indigo Oil","stackSize":10,"itemClass":5,"sparkline":{"data":[0,0,0,0,0,0,0],"totalChange":0},"lowConfidenceSparkline":{"data":[0,0,0,0,0,0,0],"totalChange":0},"implicitModifiers":[],"explicitModifiers":[],"flavourText":"","chaosValue":1.00,"exaltedValue":0.03,"divineValue":0.00,"count":101,"detailsId":"indigo-oil","tradeInfo":[],"listingCount":2309},{"id":22528,"name":"Azure Oil","icon":"https://web.poecdn.com/gen/image/WzI1LDE0LHsiZiI6IjJESXRlbXMvQ3VycmVuY3kvT2lscy9BenVyZU9pbCIsInciOjEsImgiOjEsInNjYWxlIjoxfV0/926343421b/AzureOil.png","baseType":"Azure Oil","stackSize":10,"itemClass":5,"sparkline":{"data":[0,0,7.41,11.11,4.94,2.47,11.11],"totalChange":11.11},"lowConfidenceSparkline":{"data":[0,0,7.41,11.11,4.94,2.47,11.11],"totalChange":11.11},"implicitModifiers":[],"explicitModifiers":[],"flavourText":"","chaosValue":0.90,"exaltedValue":0.03,"divineValue":0.00,"count":111,"detailsId":"azure-oil","tradeInfo":[],"listingCount":3182},{"id":22526,"name":"Teal Oil","icon":"https://web.poecdn.com/gen/image/WzI1LDE0LHsiZiI6IjJESXRlbXMvQ3VycmVuY3kvT2lscy9UZWFsT2lsIiwidyI6MSwiaCI6MSwic2NhbGUiOjF9XQ/b6712a15cf/TealOil.png","baseType":"Teal Oil","stackSize":10,"itemClass":5,"sparkline":{"data":[0,0,0,0,0,0,0],"totalChange":0},"lowConfidenceSparkline":{"data":[0,0,0,0,0,0,0],"totalChange":0},"implicitModifiers":[],"explicitModifiers":[],"flavourText":"","chaosValue":0.50,"exaltedValue":0.02,"divineValue":0.00,"count":124,"detailsId":"teal-oil","tradeInfo":[],"listingCount":4003},{"id":22524,"name":"Verdant Oil","icon":"https://web.poecdn.com/gen/image/WzI1LDE0LHsiZiI6IjJESXRlbXMvQ3VycmVuY3kvT2lscy9WZXJkYW50T2lsIiwidyI6MSwiaCI6MSwic2NhbGUiOjF9XQ/55a911a67d/VerdantOil.png","baseType":"Verdant Oil","stackSize":10,"itemClass":5,"sparkline":{"data":[0,-4.55,-9.09,-4.55,-9.09,-4.55,-4.55],"totalChange":-4.55},"lowConfidenceSparkline":{"data":[0,-4.55,-9.09,-4.55,-9.09,-4.55,-4.55],"totalChange":-4.55},"implicitModifiers":[],"explicitModifiers":[],"flavourText":"","chaosValue":0.21,"exaltedValue":0.01,"divineValue":0.00,"count":178,"detailsId":"verdant-oil","tradeInfo":[],"listingCount":5002},{"id":22527,"name":"Amber Oil","icon":"https://web.poecdn.com/gen/image/WzI1LDE0LHsiZiI6IjJESXRlbXMvQ3VycmVuY3kvT2lscy9BbWJlck9pbCIsInciOjEsImgiOjEsInNjYWxlIjoxfV0/931f4d2fdd/AmberOil.png","baseType":"Amber Oil","stackSize":10,"itemClass":5,"sparkline":{"data":[0,0,0,0,0,0,0],"totalChange":0},"lowConfidenceSparkline":{"data":[0,0,0,0,0,0,0],"totalChange":0},"implicitModifiers":[],"explicitModifiers":[],"flavourText":"","chaosValue":0.20,"exaltedValue":0.01,"divineValue":0.00,"count":196,"detailsId":"amber-oil","tradeInfo":[],"listingCount":5807},{"id":22523,"name":"Sepia Oil","icon":"https://web.poecdn.com/gen/image/WzI1LDE0LHsiZiI6IjJESXRlbXMvQ3VycmVuY3kvT2lscy9TZXBpYU9pbCIsInciOjEsImgiOjEsInNjYWxlIjoxfV0/580407bed5/SepiaOil.png","baseType":"Sepia Oil","stackSize":10,"itemClass":5,"sparkline":{"data":[0,0,0,0,0,0,0],"totalChange":0},"lowConfidenceSparkline":{"data":[0,0,0,0,0,0,0],"totalChange":0},"implicitModifiers":[],"explicitModifiers":[],"flavourText":"","chaosValue":0.10,"exaltedValue":0.00,"divineValue":0.00,"count":211,"detailsId":"sepia-oil","tradeInfo":[],"listingCount":6901},{"id":22525,"name":"Clear Oil","icon":"https://web.poecdn.com/gen/image/WzI1LDE0LHsiZiI6IjJESXRlbXMvQ3VycmVuY3kvT2lscy9DbGVhck9pbCIsInciOjEsImgiOjEsInNjYWxlIjoxfV0/de298bd226/ClearOil.png","baseType":"Clear Oil","stackSize":10,"itemClass":5,"sparkline":{"data":[0,0,0,0,0,0,0],"totalChange":0},"lowConfidenceSparkline":{"data":[0,0,0,0,0,0,0],"totalChange":0},"implicitModifiers":[],"explicitModifiers":[],"flavourText":"","chaosValue":0.10,"exaltedValue":0.00,"divineValue":0.00,"count":227,"detailsId":"clear-oil","tradeInfo":[],"listingCount":8156}]}