{"lines":[{"id":60221,"name":"Winged Abyss Scarab","icon":"https://web.poecdn.com/gen/image/WzI1LDE0LHsiZiI6IjJESXRlbXMvQ3VycmVuY3kvU2NhcmFicy9UaWVyNFNjYXJhYkFieXNzIiwidyI6MSwiaCI6MSwic2NhbGUiOjF9XQ/c16297c4d3/Tier4ScarabAbyss.png","baseType":"Winged Abyss Scarab","stackSize":10,"itemClass":0,"sparkline":{"data":[0,0,0,0,0,0,17.8],"totalChange":17.8},"lowConfidenceSparkline":{"data":[0,0,0,0,0,0,17.8],"totalChange":17.8},"implicitModifiers":[],"explicitModifiers":[{"text":"Area contains 2 additional Abysses\nAbysses in Area spawn 50% increased Monsters\nAbysses in Area that do not lead to an Abyssal Depths lead to a Stygian Spire","optional":false},{"text":"Area contains 3 additional Abysses\nAbysses in Areas spawn 100% increased Monsters","optional":true}],"flavourText":"The Abyssals creep forth by night and by storm. Their eons underground were not\na respite, but an amassing, and now they number beyond comprehension.","chaosValue":117.80,"exaltedValue":4.06,"divineValue":0.43,"count":48,"detailsId":"winged-abyss-scarab","tradeInfo":[],"listingCount":700},{"id":42678,"name":"Winged Shaper Scarab","icon":"https://web.poecdn.com/gen/image/WzI1LDE0LHsiZiI6IjJESXRlbXMvQ3VycmVuY3kvU2NhcmFicy9UaWVyNFNjYXJhYlNoYXBlciIsInciOjEsImgiOjEsInNjYWxlIjoxfV0/1c759412df/Tier4ScarabShaper.png","baseType":"Winged Shaper Scarab","stackSize":10,"itemClass":0,"sparkline":{"data":[0,-11.12,-1.32,37.51,39.76,54.29,66.19],"totalChange":66.19},"lowConfidenceSparkline":{"data":[0,-11.12,-1.32,37.51,39.76,54.29,66.19],"totalChange":66.19},"implicitModifiers":[],"explicitModifiers":[{"text":"Adds Shaper Influence outcome to Map Area\n150% more Rare Shaper Items found in Area","optional":false}],"flavourText":"The Watchers have gone silent, yet they scream still.\nSomething lurks among the stars of our dreams, knocking at the door,\nwhispering with the voices of long lost friends...","chaosValue":112.26,"exaltedValue":3.87,"divineValue":0.41,"count":43,"detailsId":"winged-shaper-scarab","tradeInfo":[],"listingCount":728},{"id":42748,"name":"Winged Reliquary Scarab","icon":"https://web.poecdn.com/gen/image/WzI1LDE0LHsiZiI6IjJESXRlbXMvQ3VycmVuY3kvU2NhcmFicy9UaWVyNFNjYXJhYlVuaXF1ZSIsInciOjEsImgiOjEsInNjYWxlIjoxfV0/e234573349/Tier4ScarabUnique.png","baseType":"Winged Reliquary Scarab","stackSize":10,"itemClass":0,"sparkline":{"data":[0,0.26,-0.66,2.00,10.77,10.83,11.84],"totalChange":11.84},"lowConfidenceSparkline":{"data":[0,0.26,-0.66,2.00,10.77,10.83,11.84],"totalChange":11.84},"implicitModifiers":[],"explicitModifiers":[{"text":"250% more Unique Items found in Area","optional":false}],"flavourText":"The books were burned, and the scribes set themselves aflame.\nWhat secret so terrible could they have discovered?\nThough centuries have passed, we must investigate this for ourselves.","chaosValue":110.32,"exaltedValue":3.80,"divineValue":0.40,"count":55,"detailsId":"winged-reliquary-scarab","tradeInfo":[],"listingCount":984},{"id":70514,"name":"Winged Expedition Scarab","icon":"https://web.poecdn.com/gen/image/WzI1LDE0LHsiZiI6IjJESXRlbXMvQ3VycmVuY3kvU2NhcmFicy9UaWVyNFNjYXJhYkV4cGVkaXRpb24iLCJ3IjoxLCJoIjoxLCJzY2FsZSI6MX1d/b4dd63608b/Tier4ScarabExpedition.png","baseType":"Winged Expedition Scarab","stackSize":10,"itemClass":0,"sparkline":{"data":[0,-0.40,-0.56,-1.84,-0.57,-0.82,18.01],"totalChange":18.01},"lowConfidenceSparkline":{"data":[0,-0.40,-0.56,-1.84,-0.57,-0.82,18.01],"totalChange":18.01},"implicitModifiers":[],"explicitModifiers":[{"text":"Area contains an additional Expedition Encounter\nArea contains 50% increased number of Runic Monster Markers\n20% increased number of Explosives\nRemnants in area have an additional Suffix","optional":false}],"flavourText":"Darkness surges in the shadows of the past. Ancient evils stir. The stars\nwatch, forever aloof, forever menacing. None remain who know the\nsecret, so we are defenseless in the face of the unknown.","chaosValue":110.32,"exaltedValue":3.80,"divineValue":0.40,"count":49,"detailsId":"winged-expedition-scarab","tradeInfo":[],"listingCount":895},{"id":42692,"name":"Winged Elder Scarab","icon":"https://web.poecdn.com/gen/image/WzI1LDE0LHsiZiI6IjJESXRlbXMvQ3VycmVuY3kvU2NhcmFicy9UaWVyNFNjYXJhYkVsZGVyIiwidyI6MSwiaCI6MSwic2NhbGUiOjF9XQ/1d6efecde2/Tier4ScarabElder.png","baseType":"Winged Elder Scarab","stackSize":10,"itemClass":0,"sparkline":{"data":[0,-2.21,-6.93,-4.99,2.72,11.51,11.21],"totalChange":11.21},"lowConfidenceSparkline":{"data":[0,-2.21,-6.93,-4.99,2.72,11.51,11.21],"totalChange":11.21},"implicitModifiers":[],"explicitModifiers":[{"text":"Adds Elder Influence outcome to Map Area\n150% more Rare Elder Items found in Area","optional":false}],"flavourText":"We are all equally fools for our childish notions.\nThat dread force Decay cannot be defeated by self-sacrifice.","chaosValue":108.26,"exaltedValue":3.73,"divineValue":0.39,"count":39,"detailsId":"winged-elder-scarab","tradeInfo":[],"listingCount":729},{"id":108964,"name":"Winged Ultimatum Scarab","icon":"https://web.poecdn.com/gen/image/WzI1LDE0LHsiZiI6IjJESXRlbXMvQ3VycmVuY3kvU2NhcmFicy9UaWVyNFNjYXJhYlVsdGltYXR1bSIsInciOjEsImgiOjEsInNjYWxlIjoxfV0/67b8b8b39c/Tier4ScarabUltimatum.png","baseType":"Winged Ultimatum Scarab","stackSize":10,"itemClass":0,"sparkline":{"data":[0,-0.14,1.70,1.83,6.73,9.01,9.45],"totalChange":9.45},"lowConfidenceSparkline":{"data":[0,-0.14,1.70,1.83,6.73,9.01,9.45],"totalChange":9.45},"implicitModifiers":[],"explicitModifiers":[{"text":"Area contains an Ultimatum Encounter\nUltimatum Monsters grant 200% increased Experience\nUltimatum Encounters grant rewards as though you completed 2 additional Rounds","optional":false}],"flavourText":"The silent war of shadows and struggle must be set aside.\nOrder and Chaos must ally against the coming tide.","chaosValue":100.00,"exaltedValue":3.45,"divineValue":0.36,"count":49,"detailsId":"winged-ultimatum-scarab","tradeInfo":[],"listingCount":271},{"id":42604,"name":"Winged Sulphite Scarab","icon":"https://web.poecdn.com/gen/image/WzI1LDE0LHsiZiI6IjJESXRlbXMvQ3VycmVuY3kvU2NhcmFicy9UaWVyNFNjYXJhYlN1bHBoaXRlIiwidyI6MSwiaCI6MSwic2NhbGUiOjF9XQ/91ecb97f73/Tier4ScarabSulphite.png","baseType":"Winged Sulphite Scarab","stackSize":10,"itemClass":0,"sparkline":{"data":[0,-6.43,9.18,11.73,-0.07,-0.11,10.57],"totalChange":10.57},"lowConfidenceSparkline":{"data":[0,-6.43,9.18,11.73,-0.07,-0.11,10.57],"totalChange":10.57},"implicitModifiers":[],"explicitModifiers":[{"text":"Area contains Niko\nMap owner gains 100% more Sulphite","optional":false}],"flavourText":"Madness marches in machine form.\nHarnessed lightning, grim faces, and cold ambition abounds.\nCivilisation will be its own undoing.","chaosValue":91.94,"exaltedValue":3.17,"divineValue":0.33,"count":38,"detailsId":"winged-sulphite-scarab","tradeInfo":[],"listingCount":887},{"id":42605,"name":"Winged Legion Scarab","icon":"https://web.poecdn.com/gen/image/WzI1LDE0LHsiZiI6IjJESXRlbXMvQ3VycmVuY3kvU2NhcmFicy9UaWVyNFNjYXJhYkxlZ2lvbiIsInciOjEsImgiOjEsInNjYWxlIjoxfV0/05b623a2a7/Tier4ScarabLegion.png","baseType":"Winged Legion Scarab","stackSize":10,"itemClass":0,"sparkline":{"data":[0,-2.60,-9.09,0,20.69,18.83,19.40],"totalChange":19.40},"lowConfidenceSparkline":{"data":[0,-2.60,-9.09,0,20.69,18.83,19.40],"totalChange":19.40},"implicitModifiers":[],"explicitModifiers":[{"text":"Area contains 2 additional Legion Encounters\nEach Legion contains a War Hoard\nEach Legion is accompanied by a General","optional":false}],"flavourText":"As the passage between Wraeclast and the land beyond time's reach is torn open,\nwe stand on the precipice of eternal war.\nAnd no one remains to hold us back.","chaosValue":91.94,"exaltedValue":3.17,"divineValue":0.33,"count":62,"detailsId":"winged-legion-scarab","tradeInfo":[],"listingCount":1022},{"id":42606,"name":"Winged Divination Scarab","icon":"https://web.poecdn.com/gen/image/WzI1LDE0LHsiZiI6IjJESXRlbXMvQ3VycmVuY3kvU2NhcmFicy9UaWVyNFNjYXJhYkRpdmluYXRpb24iLCJ3IjoxLCJoIjoxLCJzY2FsZSI6MX1d/e6539f578d/Tier4ScarabDivination.png","baseType":"Winged Divination Scarab","stackSize":10,"itemClass":0,"sparkline":{"data":[0,2.35,3.84,3.80,3.85,3.55,2.73],"totalChange":2.73},"lowConfidenceSparkline":{"data":[0,2.35,3.84,3.80,3.85,3.55,2.73],"totalChange":2.73},"implicitModifiers":[],"explicitModifiers":[{"text":"250% more Divination Cards found in Area","optional":false}],"flavourText":"Hinekora has sent the world another herald, but this hatungo walks another path.\nWe are left blinded, and subject to the vagaries of Fate.","chaosValue":91.94,"exaltedValue":3.17,"divineValue":0.33,"count":79,"detailsId":"winged-divination-scarab","tradeInfo":[],"listingCount":1531},{"id":42630,"name":"Winged Cartography Scarab","icon":"https://web.poecdn.com/gen/image/WzI1LDE0LHsiZiI6IjJESXRlbXMvQ3VycmVuY3kvU2NhcmFicy9UaWVyNFNjYXJhYk1hcHMiLCJ3IjoxLCJoIjoxLCJzY2FsZSI6MX1d/eec98e626c/Tier4ScarabMaps.png","baseType":"Winged Cartography Scarab","stackSize":10,"itemClass":0,"sparkline":{"data":[0,-0.12,5.76,42.31,42.39,41.97,40.84],"totalChange":40.84},"lowConfidenceSparkline":{"data":[0,-0.12,5.76,42.31,42.39,41.97,40.84],"totalChange":40.84},"implicitModifiers":[],"explicitModifiers":[{"text":"85% more Maps found in Area","optional":true},{"text":"85% increased Maps found in Area","optional":false}],"flavourText":"The Sealing Blade has been removed, and the agent of Decay\nshall feed upon this world until nothing remains but dust.","chaosValue":91.94,"exaltedValue":3.17,"divineValue":0.33,"count":30,"detailsId":"winged-cartography-scarab","tradeInfo":[],"listingCount":702},{"id":42657,"name":"Winged Bestiary Scarab","icon":"https://web.poecdn.com/gen/image/WzI1LDE0LHsiZiI6IjJESXRlbXMvQ3VycmVuY3kvU2NhcmFicy9UaWVyNFNjYXJhYkJlYXN0cyIsInciOjEsImgiOjEsInNjYWxlIjoxfV0/7d79b58e5e/Tier4ScarabBeasts.png","baseType":"Winged Bestiary Scarab","stackSize":10,"itemClass":0,"sparkline":{"data":[0,-2.89,-0.55,-0.62,-0.57,-0.86,-1.65],"totalChange":-1.65},"lowConfidenceSparkline":{"data":[0,-2.89,-0.55,-0.62,-0.57,-0.86,-1.65],"totalChange":-1.65},"implicitModifiers":[],"explicitModifiers":[{"text":"Area contains Einhar\nArea contains 5 additional Red Beasts","optional":false},{"text":"Area contains Einhar\nArea contains 5 additional Red Beasts from The Wilds\nCannot be used alongside a Bestiary Scarab","optional":true}],"flavourText":"Without an experienced Beastmaster to find them new realms,\nthe First Ones' ravaging hunt brings them ever closer to Wraeclast.","chaosValue":91.94,"exaltedValue":3.17,"divineValue":0.33,"count":46,"detailsId":"winged-bestiary-scarab","tradeInfo":[],"listingCount":748},{"id":42659,"name":"Winged Ambush Scarab","icon":"https://web.poecdn.com/gen/image/WzI1LDE0LHsiZiI6IjJESXRlbXMvQ3VycmVuY3kvU2NhcmFicy9UaWVyNFNjYXJhYlN0cm9uZ2JveGVzIiwidyI6MSwiaCI6MSwic2NhbGUiOjF9XQ/dd7b8bd53f/Tier4ScarabStrongboxes.png","baseType":"Winged Ambush Scarab","stackSize":10,"itemClass":0,"sparkline":{"data":[0,-0.40,-0.85,-0.78,-0.57,-0.86,-1.65],"totalChange":-1.65},"lowConfidenceSparkline":{"data":[0,-0.40,-0.85,-0.78,-0.57,-0.86,-1.65],"totalChange":-1.65},"implicitModifiers":[],"explicitModifiers":[{"text":"Area contains 9 additional Strongboxes","optional":false}],"flavourText":"In the absence of a strong martial presence, the renegades rise once more.\nTheir poisons threaten to cloud the land.","chaosValue":91.94,"exaltedValue":3.17,"divineValue":0.33,"count":70,"detailsId":"winged-ambush-scarab","tradeInfo":[],"listingCount":1083},{"id":42683,"name":"Winged Harbinger Scarab","icon":"https://web.poecdn.com/gen/image/WzI1LDE0LHsiZiI6IjJESXRlbXMvQ3VycmVuY3kvU2NhcmFicy9UaWVyNFNjYXJhYkhhcmJpbmdlcnMiLCJ3IjoxLCJoIjoxLCJzY2FsZSI6MX1d/81caefbf3f/Tier4ScarabHarbingers.png","baseType":"Winged Harbinger Scarab","stackSize":10,"itemClass":0,"sparkline":{"data":[0,-0.40,-0.55,-0.62,-0.57,-0.86,-1.65],"totalChange":-1.65},"lowConfidenceSparkline":{"data":[0,-0.40,-0.55,-0.62,-0.57,-0.86,-1.65],"totalChange":-1.65},"implicitModifiers":[],"explicitModifiers":[{"text":"Area contains 7 additional Harbingers","optional":false}],"flavourText":"The thousand year truce has faltered, for the inscrutable ones have imprisoned their own God.\nShould they invade again, there will be no warning.","chaosValue":91.94,"exaltedValue":3.17,"divineValue":0.33,"count":76,"detailsId":"winged-harbinger-scarab","tradeInfo":[],"listingCount":1240},{"id":60220,"name":"Winged Blight Scarab","icon":"https://web.poecdn.com/gen/image/WzI1LDE0LHsiZiI6IjJESXRlbXMvQ3VycmVuY3kvU2NhcmFicy9UaWVyNFNjYXJhYkJsaWdodCIsInciOjEsImgiOjEsInNjYWxlIjoxfV0/6dde3a6e88/Tier4ScarabBlight.png","baseType":"Winged Blight Scarab","stackSize":10,"itemClass":0,"sparkline":{"data":[0,5.71,43,45.19,45.98,47.17,45.94],"totalChange":45.94},"lowConfidenceSparkline":{"data":[0,5.71,43,45.19,45.98,47.17,45.94],"totalChange":45.94},"implicitModifiers":[],"explicitModifiers":[{"text":"Area contains an additional Blight Encounter\nBlight Encounters contain an additional Blight Boss\n50% chance for Blight Chests to contain an additional Reward\nLanes of Blight Encounters in Areas have an additional Reward Chest","optional":true},{"text":"Area contains a Blight Encounter\nBlight Encounters contain an additional Blight Boss\n50% chance for Blight Chests to contain an additional Reward\nLanes of Blight Encounters in Areas have an additional Reward Chest","optional":false}],"flavourText":"The fungal plague returns, and its roots have adapted.\nThe undiscovered Blightheart that Dhunan theorised\nmust still exist somewhere, yet none remain\nwith the skill to see to its destruction.","chaosValue":91.94,"exaltedValue":3.17,"divineValue":0.33,"count":52,"detailsId":"winged-blight-scarab","tradeInfo":[],"listingCount":737},{"id":42762,"name":"Winged Torment Scarab","icon":"https://web.poecdn.com/gen/image/WzI1LDE0LHsiZiI6IjJESXRlbXMvQ3VycmVuY3kvU2NhcmFicy9UaWVyNFNjYXJhYlRvcm1lbnQiLCJ3IjoxLCJoIjoxLCJzY2FsZSI6MX1d/b809b07f2b/Tier4ScarabTorment.png","baseType":"Winged Torment Scarab","stackSize":10,"itemClass":0,"sparkline":{"data":[0,1.61,1.73,1.66,1.77,3.70,0.18],"totalChange":0.18},"lowConfidenceSparkline":{"data":[0,1.61,1.73,1.66,1.77,3.70,0.18],"totalChange":0.18},"implicitModifiers":[],"explicitModifiers":[{"text":"Area is haunted by 12 additional Tormented Spirits","optional":false},{"text":"Area contains 12 additional Tormented Spirits","optional":true}],"flavourText":"Without a speaker of the dead, the countless anguished spirits only grow in number.\nThey have no voice, and no hope. The sun darkens with each passing year.","chaosValue":91.55,"exaltedValue":3.16,"divineValue":0.33,"count":39,"detailsId":"winged-torment-scarab","tradeInfo":[],"listingCount":642},{"id":42639,"name":"Winged Breach Scarab","icon":"https://web.poecdn.com/gen/image/WzI1LDE0LHsiZiI6IjJESXRlbXMvQ3VycmVuY3kvU2NhcmFicy9UaWVyNFNjYXJhYkJyZWFjaCIsInciOjEsImgiOjEsInNjYWxlIjoxfV0/0b375322d7/Tier4ScarabBreach.png","baseType":"Winged Breach Scarab","stackSize":10,"itemClass":0,"sparkline":{"data":[0,0.07,7.93,20.55,19.78,17.85,19.78],"totalChange":19.78},"lowConfidenceSparkline":{"data":[0,0.07,7.93,20.55,19.78,17.85,19.78],"totalChange":19.78},"implicitModifiers":[],"explicitModifiers":[{"text":"Area contains 2 additional Breaches\nBreaches in Area contain an additional Breach Boss' Clasped Hand\nBreach Hands in Area drop double Breach Splinters","optional":false},{"text":"Area contains 5 additional Breaches","optional":true}],"flavourText":"The Master Researcher's final commandment has failed.\nThe High Templar has seen the truth of our situation,\nand the world will be undone by his fear.","chaosValue":90.00,"exaltedValue":3.10,"divineValue":0.33,"count":51,"detailsId":"winged-breach-scarab","tradeInfo":[],"listingCount":848},{"id":42494,"name":"Fenumal Lure","icon":"https://web.poecdn.com/gen/image/WzI1LDE0LHsiZiI6IjJESXRlbXMvQ3VycmVuY3kvQmVzdGlhcnkvQ3VycmVuY3lTcGlkZXJBc3BlY3QiLCJ3IjoxLCJoIjoxLCJzY2FsZSI6MX1d/bf4835aab6/CurrencySpiderAspect.png","baseType":"Fenumal Lure","itemClass":0,"sparkline":{"data":[0,-0.15,-0.46,-0.53,-0.49,-0.73,-1.44],"totalChange":-1.44},"lowConfidenceSparkline":{"data":[0,-0.15,-0.46,-0.53,-0.49,-0.73,-1.44],"totalChange":-1.44},"implicitModifiers":[],"explicitModifiers":[{"text":"Area contains Einhar\nArea contains 4 additional Red Beasts from The Caverns\nCannot be used alongside a Bestiary Scarab","optional":false}],"flavourText":"","chaosValue":44.61,"exaltedValue":1.54,"divineValue":0.16,"count":20,"detailsId":"fenumal-lure","tradeInfo":[],"listingCount":1356},{"id":42558,"name":"Craicic Lure","icon":"https://web.poecdn.com/gen/image/WzI1LDE0LHsiZiI6IjJESXRlbXMvQ3VycmVuY3kvQmVzdGlhcnkvQ3VycmVuY3lDcmFiQXNwZWN0IiwidyI6MSwiaCI6MSwic2NhbGUiOjF9XQ/602d1dc44e/CurrencyCrabAspect.png","baseType":"Craicic Lure","itemClass":0,"sparkline":{"data":[0,-5.56,-11.11,-51.11,-51.11,-51.11,-51.11],"totalChange":-51.11},"lowConfidenceSparkline":{"data":[0,-5.56,-11.11,-51.11,-51.11,-51.11,-51.11],"totalChange":-51.11},"implicitModifiers":[],"explicitModifiers":[{"text":"Area contains Einhar\nArea contains 4 additional Red Beasts from The Deep\nCannot be used alongside a Bestiary Scarab","optional":false}],"flavourText":"","chaosValue":44.00,"exaltedValue":1.52,"divineValue":0.16,"count":35,"detailsId":"craicic-lure","tradeInfo":[],"listingCount":1089},{"id":42556,"name":"Saqawine Lure","icon":"https://web.poecdn.com/gen/image/WzI1LDE0LHsiZiI6IjJESXRlbXMvQ3VycmVuY3kvQmVzdGlhcnkvQ3VycmVuY3lTbmFrZUFzcGVjdCIsInciOjEsImgiOjEsInNjYWxlIjoxfV0/a8228222e2/CurrencySnakeAspect.png","baseType":"Saqawine Lure","itemClass":0,"sparkline":{"data":[0,0,-4.55,0,36.36,36.36,36.36],"totalChange":36.36},"lowConfidenceSparkline":{"data":[0,0,-4.55,0,36.36,36.36,36.36],"totalChange":36.36},"implicitModifiers":[],"explicitModifiers":[{"text":"Area contains Einhar\nArea contains 4 additional Red Beasts from The Sands\nCannot be used alongside a Bestiary Scarab","optional":false}],"flavourText":"","chaosValue":30.00,"exaltedValue":1.03,"divineValue":0.11,"count":22,"detailsId":"saqawine-lure","tradeInfo":[],"listingCount":1228},{"id":42505,"name":"Farric Lure","icon":"https://web.poecdn.com/gen/image/WzI1LDE0LHsiZiI6IjJESXRlbXMvQ3VycmVuY3kvQmVzdGlhcnkvQ3VycmVuY3lDYXRBc3BlY3QiLCJ3IjoxLCJoIjoxLCJzY2FsZSI6MX1d/f8cbe8eacc/CurrencyCatAspect.png","baseType":"Farric Lure","itemClass":0,"sparkline":{"data":[0,0,-13.93,-12.43,-12.4,-14.07,-16.43],"totalChange":-16.43},"lowConfidenceSparkline":{"data":[0,0,-13.93,-12.43,-12.4,-14.07,-16.43],"totalChange":-16.43},"implicitModifiers":[],"explicitModifiers":[{"text":"Area contains Einhar\nArea contains 4 additional Red Beasts from The Wilds\nCannot be used alongside a Bestiary Scarab","optional":false}],"flavourText":"","chaosValue":25.07,"exaltedValue":0.86,"divineValue":0.09,"count":18,"detailsId":"farric-lure","tradeInfo":[],"listingCount":1441},{"id":19007,"name":"Gilded Divination Scarab","icon":"https://web.poecdn.com/gen/image/WzI1LDE0LHsiZiI6IjJESXRlbXMvQ3VycmVuY3kvU2NhcmFicy9HcmVhdGVyU2NhcmFiRGl2aW5hdGlvbiIsInciOjEsImgiOjEsInNjYWxlIjoxfV0/8101d1a6e1/GreaterScarabDivination.png","baseType":"Gilded Divination Scarab","stackSize":10,"itemClass":0,"sparkline":{"data":[0,0,0,0,-2.16,-2.32,3.68],"totalChange":3.68},"lowConfidenceSparkline":{"data":[0,0,0,0,-2.16,-2.32,3.68],"totalChange":3.68},"implicitModifiers":[],"explicitModifiers":[{"text":"150% more Divination Cards found in Area","optional":false}],"flavourText":"Your centuries of service have been invaluable to us, Narumoa. Go now,\nreturn to Hinekora, and join your ancient kin in the halls of the dead.","chaosValue":19.70,"exaltedValue":0.68,"divineValue":0.07,"count":223,"detailsId":"gilded-divination-scarab","tradeInfo":[],"listingCount":2740},{"id":18991,"name":"Gilded Harbinger Scarab","icon":"https://web.poecdn.com/gen/image/WzI1LDE0LHsiZiI6IjJESXRlbXMvQ3VycmVuY3kvU2NhcmFicy9HcmVhdGVyU2NhcmFiSGFyYmluZ2VycyIsInciOjEsImgiOjEsInNjYWxlIjoxfV0/ce393cfd58/GreaterScarabHarbingers.png","baseType":"Gilded Harbinger Scarab","stackSize":10,"itemClass":0,"sparkline":{"data":[0,-0.39,-0.51,-0.61,-0.58,-0.83,-3.72],"totalChange":-3.72},"lowConfidenceSparkline":{"data":[0,-0.39,-0.51,-0.61,-0.58,-0.83,-3.72],"totalChange":-3.72},"implicitModifiers":[],"explicitModifiers":[{"text":"Area contains 4 additional Harbingers","optional":false}],"flavourText":"For your valour beyond the Gate, Sarina Titucius, we honour you with the first\nGilded Scarab awarded while its recipient still lives. Remain vigilant.","chaosValue":15.00,"exaltedValue":0.52,"divineValue":0.05,"count":244,"detailsId":"gilded-harbinger-scarab","tradeInfo":[],"listingCount":2517},{"id":19013,"name":"Gilded Ambush Scarab","icon":"https://web.poecdn.com/gen/image/WzI1LDE0LHsiZiI6IjJESXRlbXMvQ3VycmVuY3kvU2NhcmFicy9HcmVhdGVyU2NhcmFiU3Ryb25nYm94ZXMiLCJ3IjoxLCJoIjoxLCJzY2FsZSI6MX1d/8b46f6270a/GreaterScarabStrongboxes.png","baseType":"Gilded Ambush Scarab","stackSize":10,"itemClass":0,"sparkline":{"data":[0,-0.41,-3.79,-5.15,-5.15,-0.95,1.29],"totalChange":1.29},"lowConfidenceSparkline":{"data":[0,-0.41,-3.79,-5.15,-5.15,-0.95,1.29],"totalChange":1.29},"implicitModifiers":[],"explicitModifiers":[{"text":"Area contains 5 additional Strongboxes","optional":false}],"flavourText":"Master Warrior Rindwik fell to one opponent alone: old age.\nOnly the greatest soldiers can say as much.","chaosValue":14.95,"exaltedValue":0.52,"divineValue":0.05,"count":235,"detailsId":"gilded-ambush-scarab","tradeInfo":[],"listingCount":2467},{"id":19027,"name":"Gilded Reliquary Scarab","icon":"https://web.poecdn.com/gen/image/WzI1LDE0LHsiZiI6IjJESXRlbXMvQ3VycmVuY3kvU2NhcmFicy9HcmVhdGVyU2NhcmFiVW5pcXVlIiwidyI6MSwiaCI6MSwic2NhbGUiOjF9XQ/6ec6815d00/GreaterScarabUnique.png","baseType":"Gilded Reliquary Scarab","stackSize":10,"itemClass":0,"sparkline":{"data":[0,0,0,0,0,0,0],"totalChange":0},"lowConfidenceSparkline":{"data":[0,0,0,0,0,0,0],"totalChange":0},"implicitModifiers":[],"explicitModifiers":[{"text":"150% more Unique Items found in Area","optional":false}],"flavourText":"Go to your rest now, Sumei, Master Lorekeeper. The Order shall keep\ncontained the terrible secret that burdened your final years.","chaosValue":10.00,"exaltedValue":0.34,"divineValue":0.04,"count":198,"detailsId":"gilded-reliquary-scarab","tradeInfo":[],"listingCount":2410},{"id":18999,"name":"Gilded Bestiary Scarab","icon":"https://web.poecdn.com/gen/image/WzI1LDE0LHsiZiI6IjJESXRlbXMvQ3VycmVuY3kvU2NhcmFicy9HcmVhdGVyU2NhcmFiQmVhc3RzIiwidyI6MSwiaCI6MSwic2NhbGUiOjF9XQ/7225b9e62b/GreaterScarabBeasts.png","baseType":"Gilded Bestiary Scarab","stackSize":10,"itemClass":0,"sparkline":{"data":[0,0,0,0,0,12.12,14.38],"totalChange":14.38},"lowConfidenceSparkline":{"data":[0,0,0,0,0,12.12,14.38],"totalChange":14.38},"implicitModifiers":[],"explicitModifiers":[{"text":"Area contains Einhar\nArea contains 3 additional Red Beasts","optional":false}],"flavourText":"The Order was your clan in life, Agnar, Beastmaster, but the First Ones call\nback their favoured son. The gift of their Visions will pass to another.","chaosValue":9.15,"exaltedValue":0.32,"divineValue":0.03,"count":204,"detailsId":"gilded-bestiary-scarab","tradeInfo":[],"listingCount":2785},{"id":22342,"name":"Gilded Legion Scarab","icon":"https://web.poecdn.com/gen/image/WzI1LDE0LHsiZiI6IjJESXRlbXMvQ3VycmVuY3kvU2NhcmFicy9HcmVhdGVyU2NhcmFiTGVnaW9uIiwidyI6MSwiaCI6MSwic2NhbGUiOjF9XQ/a4fe4dfd58/GreaterScarabLegion.png","baseType":"Gilded Legion Scarab","stackSize":10,"itemClass":0,"sparkline":{"data":[0,0,0,-0.11,0,-0.33,-1.11],"totalChange":-1.11},"lowConfidenceSparkline":{"data":[0,0,0,-0.11,0,-0.33,-1.11],"totalChange":-1.11},"implicitModifiers":[],"explicitModifiers":[{"text":"Area contains an additional Legion Encounter\nEach Legion contains a War Hoard\nEach Legion is accompanied by a General","optional":false}],"flavourText":"Given the fate of Deacon Eutychus and the men under Cardinal Sanctus Vox,\nlet none dare the Domain, lest they too feed that vile hunger eternal.","chaosValue":8.90,"exaltedValue":0.31,"divineValue":0.03,"count":245,"detailsId":"gilded-legion-scarab","tradeInfo":[],"listingCount":2499},{"id":19010,"name":"Polished Divination Scarab","icon":"https://web.poecdn.com/gen/image/WzI1LDE0LHsiZiI6IjJESXRlbXMvQ3VycmVuY3kvU2NhcmFicy9Ob3JtYWxTY2FyYWJEaXZpbmF0aW9uIiwidyI6MSwiaCI6MSwic2NhbGUiOjF9XQ/7fb7abf05a/NormalScarabDivination.png","baseType":"Polished Divination Scarab","stackSize":10,"itemClass":0,"sparkline":{"data":[0,0,0,0,0,0,0],"totalChange":0},"lowConfidenceSparkline":{"data":[0,0,0,0,0,0,0],"totalChange":0},"implicitModifiers":[],"explicitModifiers":[{"text":"100% more Divination Cards found in Area","optional":false}],"flavourText":"Though your peers fear you, Narumoa, the elders have decided that your\nsecond sight is ideal for handling all artefacts that seek to subvert Fate.","chaosValue":8.00,"exaltedValue":0.28,"divineValue":0.03,"count":115,"detailsId":"polished-divination-scarab","tradeInfo":[],"listingCount":2205},{"id":60178,"name":"Gilded Blight Scarab","icon":"https://web.poecdn.com/gen/image/WzI1LDE0LHsiZiI6IjJESXRlbXMvQ3VycmVuY3kvU2NhcmFicy9HcmVhdGVyU2NhcmFiQmxpZ2h0IiwidyI6MSwiaCI6MSwic2NhbGUiOjF9XQ/cf36f28d45/GreaterScarabBlight.png","baseType":"Gilded Blight Scarab","stackSize":10,"itemClass":0,"sparkline":{"data":[0,7.86,7.99,7.86,7.99,7.59,6.78],"totalChange":6.78},"lowConfidenceSparkline":{"data":[0,7.86,7.99,7.86,7.99,7.59,6.78],"totalChange":6.78},"implicitModifiers":[],"explicitModifiers":[{"text":"Area contains an additional Blight Encounter\nBlight Encounters contain an additional Blight Boss\n50% chance for Blight Chests to contain an additional Reward","optional":true},{"text":"Area contains a Blight Encounter\nBlight Encounters contain an additional Blight Boss\n50% chance for Blight Chests to contain an additional Reward","optional":false}],"flavourText":"Be at rest, Blightmaster Dhunan, on the distant shores of\nyour home. A dangerous expedition, but one worthy for\nhe who gave his life to cleanse Wraeclast.","chaosValue":7.88,"exaltedValue":0.27,"divineValue":0.03,"count":228,"detailsId":"gilded-blight-scarab","tradeInfo":[],"listingCount":1973},{"id":18989,"name":"Gilded Breach Scarab","icon":"https://web.poecdn.com/gen/image/WzI1LDE0LHsiZiI6IjJESXRlbXMvQ3VycmVuY3kvU2NhcmFicy9HcmVhdGVyU2NhcmFiQnJlYWNoIiwidyI6MSwiaCI6MSwic2NhbGUiOjF9XQ/6c012fae5c/GreaterScarabBreach.png","baseType":"Gilded Breach Scarab","stackSize":10,"itemClass":0,"sparkline":{"data":[0,0,0,0,0,0,0],"totalChange":0},"lowConfidenceSparkline":{"data":[0,0,0,0,0,0,0],"totalChange":0},"implicitModifiers":[],"explicitModifiers":[{"text":"Area contains an additional Breach\nBreaches in Area contain an additional Breach Boss' Clasped Hand\nBreach Hands in Area drop double Breach Splinters","optional":false},{"text":"Area contains 3 additional Breaches","optional":true}],"flavourText":"Omid, Master Researcher, has left a final commandment upon his death:\nthe world must never know.","chaosValue":7.00,"exaltedValue":0.24,"divineValue":0.03,"count":265,"detailsId":"gilded-breach-scarab","tradeInfo":[],"listingCount":2873},{"id":19000,"name":"Gilded Sulphite Scarab","icon":"https://web.poecdn.com/gen/image/WzI1LDE0LHsiZiI6IjJESXRlbXMvQ3VycmVuY3kvU2NhcmFicy9HcmVhdGVyU2NhcmFiU3VscGhpdGUiLCJ3IjoxLCJoIjoxLCJzY2FsZSI6MX1d/2a3855535e/GreaterScarabSulphite.png","baseType":"Gilded Sulphite Scarab","stackSize":10,"itemClass":0,"sparkline":{"data":[0,0,0,0,0,0,0],"totalChange":0},"lowConfidenceSparkline":{"data":[0,0,0,0,0,0,0],"totalChange":0},"implicitModifiers":[],"explicitModifiers":[{"text":"Area contains Niko\nMap owner gains 60% more Sulphite","optional":false}],"flavourText":"Let him not be called Raethan the Betrayer. His discovery was too important\nto keep locked away. Now, for good or ill, it is in civilisation's hands.","chaosValue":7.00,"exaltedValue":0.24,"divineValue":0.03,"count":237,"detailsId":"gilded-sulphite-scarab","tradeInfo":[],"listingCount":3474},{"id":19019,"name":"Gilded Cartography Scarab","icon":"https://web.poecdn.com/gen/image/WzI1LDE0LHsiZiI6IjJESXRlbXMvQ3VycmVuY3kvU2NhcmFicy9HcmVhdGVyU2NhcmFiTWFwcyIsInciOjEsImgiOjEsInNjYWxlIjoxfV0/2567494a92/GreaterScarabMaps.png","baseType":"Gilded Cartography Scarab","stackSize":10,"itemClass":0,"sparkline":{"data":[0,0,0,0,0,0,0],"totalChange":0},"lowConfidenceSparkline":{"data":[0,0,0,0,0,0,0],"totalChange":0},"implicitModifiers":[],"explicitModifiers":[{"text":"50% increased Maps found in Area","optional":false},{"text":"50% more Maps found in Area","optional":true}],"flavourText":"Betucia, Bearer of the Sealing Blade, the Order of the Djinn survives\nbecause of your sacrifice, but will be forever wounded by your loss.","chaosValue":7.00,"exaltedValue":0.24,"divineValue":0.03,"count":201,"detailsId":"gilded-cartography-scarab","tradeInfo":[],"listingCount":2379},{"id":60162,"name":"Gilded Abyss Scarab","icon":"https://web.poecdn.com/gen/image/WzI1LDE0LHsiZiI6IjJESXRlbXMvQ3VycmVuY3kvU2NhcmFicy9HcmVhdGVyU2NhcmFiQWJ5c3MiLCJ3IjoxLCJoIjoxLCJzY2FsZSI6MX1d/e6bcf6b93d/GreaterScarabAbyss.png","baseType":"Gilded Abyss Scarab","stackSize":10,"itemClass":0,"sparkline":{"data":[0,0,0,0,0,0,0],"totalChange":0},"lowConfidenceSparkline":{"data":[0,0,0,0,0,0,0],"totalChange":0},"implicitModifiers":[],"explicitModifiers":[{"text":"Area contains an additional Abyss\nAbysses in Area spawn 50% increased Monsters\nAbysses in Area that do not lead to an Abyssal Depths lead to a Stygian Spire","optional":false},{"text":"Area contains 2 additional Abysses\nAbysses in Areas spawn 50% increased Monsters","optional":true}],"flavourText":"The Winter of the World has ended at the hands of the Three Sisters. We lay this scarab\nupon your ancient grave in thanks for your efforts, Honoured Founder. As you hoped,\nthe fate of your people will never befall another.","chaosValue":7.00,"exaltedValue":0.24,"divineValue":0.03,"count":215,"detailsId":"gilded-abyss-scarab","tradeInfo":[],"listingCount":1924},{"id":70512,"name":"Gilded Expedition Scarab","icon":"https://web.poecdn.com/gen/image/WzI1LDE0LHsiZiI6IjJESXRlbXMvQ3VycmVuY3kvU2NhcmFicy9HcmVhdGVyU2NhcmFiRXhwZWRpdGlvbiIsInciOjEsImgiOjEsInNjYWxlIjoxfV0/19a2dff87d/GreaterScarabExpedition.png","baseType":"Gilded Expedition Scarab","stackSize":10,"itemClass":0,"sparkline":{"data":[0,0,0,0,0,0,0],"totalChange":0},"lowConfidenceSparkline":{"data":[0,0,0,0,0,0,0],"totalChange":0},"implicitModifiers":[],"explicitModifiers":[{"text":"Area contains an additional Expedition Encounter\nArea contains 50% increased number of Runic Monster Markers\n20% increased number of Explosives","optional":false}],"flavourText":"We lay you to rest in the forest deep, Runesmith Revna, so that you may be\nforever hidden from the stars which so terrified you in your final days.\nMay the secret you took to your grave be lifted from your burdens.","chaosValue":7.00,"exaltedValue":0.24,"divineValue":0.03,"count":282,"detailsId":"gilded-expedition-scarab","tradeInfo":[],"listingCount":2676},{"id":22458,"name":"Polished Legion Scarab","icon":"https://web.poecdn.com/gen/image/WzI1LDE0LHsiZiI6IjJESXRlbXMvQ3VycmVuY3kvU2NhcmFicy9Ob3JtYWxTY2FyYWJMZWdpb24iLCJ3IjoxLCJoIjoxLCJzY2FsZSI6MX1d/0edb9242f1/NormalScarabLegion.png","baseType":"Polished Legion Scarab","stackSize":10,"itemClass":0,"sparkline":{"data":[0,-5.77,-6.89,-6.89,-7.82,-6.89,22.91],"totalChange":22.91},"lowConfidenceSparkline":{"data":[0,-5.77,-6.89,-6.89,-7.82,-6.89,22.91],"totalChange":22.91},"implicitModifiers":[],"explicitModifiers":[{"text":"Area contains an additional Legion Encounter\nEach Legion contains a War Hoard","optional":false}],"flavourText":"As our hand in the Chamber, we grant you, Deacon Eutychus,\naccess to a domain we lack the resources to explore.","chaosValue":6.60,"exaltedValue":0.23,"divineValue":0.02,"count":111,"detailsId":"polished-legion-scarab","tradeInfo":[],"listingCount":1951},{"id":18996,"name":"Polished Harbinger Scarab","icon":"https://web.poecdn.com/gen/image/WzI1LDE0LHsiZiI6IjJESXRlbXMvQ3VycmVuY3kvU2NhcmFicy9Ob3JtYWxTY2FyYWJIYXJiaW5nZXJzIiwidyI6MSwiaCI6MSwic2NhbGUiOjF9XQ/640ad00ede/NormalScarabHarbingers.png","baseType":"Polished Harbinger Scarab","stackSize":10,"itemClass":0,"sparkline":{"data":[0,-0.99,-0.99,-0.99,-2.15,-0.99,-0.99],"totalChange":-0.99},"lowConfidenceSparkline":{"data":[0,-0.99,-0.99,-0.99,-2.15,-0.99,-0.99],"totalChange":-0.99},"implicitModifiers":[],"explicitModifiers":[{"text":"Area contains 3 additional Harbingers","optional":false}],"flavourText":"For deciphering the language of the inscrutable ones, honoured Sarina,\nwe charge you with investigating their intent in our land.","chaosValue":6.00,"exaltedValue":0.21,"divineValue":0.02,"count":126,"detailsId":"polished-harbinger-scarab","tradeInfo":[],"listingCount":1970},{"id":19009,"name":"Gilded Elder Scarab","icon":"https://web.poecdn.com/gen/image/WzI1LDE0LHsiZiI6IjJESXRlbXMvQ3VycmVuY3kvU2NhcmFicy9HcmVhdGVyU2NhcmFiRWxkZXIiLCJ3IjoxLCJoIjoxLCJzY2FsZSI6MX1d/2bd3ed1eca/GreaterScarabElder.png","baseType":"Gilded Elder Scarab","stackSize":10,"itemClass":0,"sparkline":{"data":[0,0,0,0,0,0,0],"totalChange":0},"lowConfidenceSparkline":{"data":[0,0,0,0,0,0,0],"totalChange":0},"implicitModifiers":[],"explicitModifiers":[{"text":"Adds Elder Influence outcome to Map Area\n90% more Rare Elder Items found in Area","optional":false}],"flavourText":"Egrin of the Dark Between Stars, Forger of the Sealing Blade,\nlet your name be redeemed by your unexpected sacrifice.","chaosValue":6.00,"exaltedValue":0.21,"divineValue":0.02,"count":231,"detailsId":"gilded-elder-scarab","tradeInfo":[],"listingCount":2423},{"id":108957,"name":"Gilded Ultimatum Scarab","icon":"https://web.poecdn.com/gen/image/WzI1LDE0LHsiZiI6IjJESXRlbXMvQ3VycmVuY3kvU2NhcmFicy9HcmVhdGVyU2NhcmFiVWx0aW1hdHVtIiwidyI6MSwiaCI6MSwic2NhbGUiOjF9XQ/42d067c281/GreaterScarabUltimatum.png","baseType":"Gilded Ultimatum Scarab","stackSize":10,"itemClass":0,"sparkline":{"data":[0,0,1.48,18.11,18.11,18.11,18.11],"totalChange":18.11},"lowConfidenceSparkline":{"data":[0,0,1.48,18.11,18.11,18.11,18.11],"totalChange":18.11},"implicitModifiers":[],"explicitModifiers":[{"text":"Area contains an Ultimatum Encounter\nUltimatum Monsters grant 100% increased Experience\nUltimatum Encounters grant rewards as though you completed an additional Round","optional":false}],"flavourText":"It was our error, Ixchel Godstealer, that led to your fate. Chaos is not asleep,\nthus not a god, and for your eternal suffering, you have our eternal remorse.","chaosValue":6.00,"exaltedValue":0.21,"divineValue":0.02,"count":255,"detailsId":"gilded-ultimatum-scarab","tradeInfo":[],"listingCount":747},{"id":19017,"name":"Polished Ambush Scarab","icon":"https://web.poecdn.com/gen/image/WzI1LDE0LHsiZiI6IjJESXRlbXMvQ3VycmVuY3kvU2NhcmFicy9Ob3JtYWxTY2FyYWJTdHJvbmdib3hlcyIsInciOjEsImgiOjEsInNjYWxlIjoxfV0/46451362bc/NormalScarabStrongboxes.png","baseType":"Polished Ambush Scarab","stackSize":10,"itemClass":0,"sparkline":{"data":[0,-2.28,-3.91,-13.68,-18.57,-7.98,-12.87],"totalChange":-12.87},"lowConfidenceSparkline":{"data":[0,-2.28,-3.91,-13.68,-18.57,-7.98,-12.87],"totalChange":-12.87},"implicitModifiers":[],"explicitModifiers":[{"text":"Area contains 4 additional Strongboxes","optional":false}],"flavourText":"Your people were renegades, Rindwik, but you have proven your loyalty.\nYou will lead the martial defence of our expeditions.","chaosValue":5.35,"exaltedValue":0.18,"divineValue":0.02,"count":115,"detailsId":"polished-ambush-scarab","tradeInfo":[],"listingCount":1959},{"id":18992,"name":"Gilded Torment Scarab","icon":"https://web.poecdn.com/gen/image/WzI1LDE0LHsiZiI6IjJESXRlbXMvQ3VycmVuY3kvU2NhcmFicy9HcmVhdGVyU2NhcmFiVG9ybWVudCIsInciOjEsImgiOjEsInNjYWxlIjoxfV0/0dcb6987a3/GreaterScarabTorment.png","baseType":"Gilded Torment Scarab","stackSize":10,"itemClass":0,"sparkline":{"data":[0,0,0,0,0,0,0],"totalChange":0},"lowConfidenceSparkline":{"data":[0,0,0,0,0,0,0],"totalChange":0},"implicitModifiers":[],"explicitModifiers":[{"text":"Area is haunted by 7 additional Tormented Spirits","optional":false},{"text":"Area contains (6-7) additional Tormented Spirits","optional":true}],"flavourText":"Though you were swallowed by your own darkness, you saved countless others\nfrom eternal misery, young Tsarsk. You were not nothing, as you feared.","chaosValue":5.00,"exaltedValue":0.17,"divineValue":0.02,"count":223,"detailsId":"gilded-torment-scarab","tradeInfo":[],"listingCount":2221},{"id":18993,"name":"Gilded Shaper Scarab","icon":"https://web.poecdn.com/gen/image/WzI1LDE0LHsiZiI6IjJESXRlbXMvQ3VycmVuY3kvU2NhcmFicy9HcmVhdGVyU2NhcmFiU2hhcGVyIiwidyI6MSwiaCI6MSwic2NhbGUiOjF9XQ/8c0ef8557c/GreaterScarabShaper.png","baseType":"Gilded Shaper Scarab","stackSize":10,"itemClass":0,"sparkline":{"data":[0,-14.09,-14.09,-14.09,-14.09,-14.09,-14.09],"totalChange":-14.09},"lowConfidenceSparkline":{"data":[0,-14.09,-14.09,-14.09,-14.09,-14.09,-14.09],"totalChange":-14.09},"implicitModifiers":[],"explicitModifiers":[{"text":"Adds Shaper Influence outcome to Map Area\n90% more Rare Shaper Items found in Area","optional":false}],"flavourText":"Qianga of the Stars, Deliverer of the Sealing Blade to the Watchers, go now, and\nlet your half-dreamt life be troubled by nightmares of achromic hunger no more.","chaosValue":5.00,"exaltedValue":0.17,"divineValue":0.02,"count":230,"detailsId":"gilded-shaper-scarab","tradeInfo":[],"listingCount":2684},{"id":18973,"name":"Rusted Ambush Scarab","icon":"https://web.poecdn.com/gen/image/WzI1LDE0LHsiZiI6IjJESXRlbXMvQ3VycmVuY3kvU2NhcmFicy9MZXNzZXJTY2FyYWJTdHJvbmdib3hlcyIsInciOjEsImgiOjEsInNjYWxlIjoxfV0/5600ee7971/LesserScarabStrongboxes.png","baseType":"Rusted Ambush Scarab","stackSize":10,"itemClass":0,"sparkline":{"data":[0,-4.08,-4.08,-4.08,-4.08,-4.08,-4.08],"totalChange":-4.08},"lowConfidenceSparkline":{"data":[0,-4.08,-4.08,-4.08,-4.08,-4.08,-4.08],"totalChange":-4.08},"implicitModifiers":[],"explicitModifiers":[{"text":"Area contains 3 additional Strongboxes","optional":false}],"flavourText":"Your outlaw camp abandoned you when their surprise attack failed, young Rindwik.\nNow that you know we exist, we cannot let you go. You have two choices.","chaosValue":4.00,"exaltedValue":0.14,"divineValue":0.01,"count":149,"detailsId":"rusted-ambush-scarab","tradeInfo":[],"listingCount":2483},{"id":18997,"name":"Polished Cartography Scarab","icon":"https://web.poecdn.com/gen/image/WzI1LDE0LHsiZiI6IjJESXRlbXMvQ3VycmVuY3kvU2NhcmFicy9Ob3JtYWxTY2FyYWJNYXBzIiwidyI6MSwiaCI6MSwic2NhbGUiOjF9XQ/0baaf413d0/NormalScarabMaps.png","baseType":"Polished Cartography Scarab","stackSize":10,"itemClass":0,"sparkline":{"data":[0,0,0,0,0,33.33,33.33],"totalChange":33.33},"lowConfidenceSparkline":{"data":[0,0,0,0,0,33.33,33.33],"totalChange":33.33},"implicitModifiers":[],"explicitModifiers":[{"text":"35% increased Maps found in Area","optional":false},{"text":"35% more Maps found in Area","optional":true}],"flavourText":"For your loyalty and valour, honoured Betucia, we are proud to put\nthe requisition of dream-artefacts in your capable hands.","chaosValue":4.00,"exaltedValue":0.14,"divineValue":0.01,"count":108,"detailsId":"polished-cartography-scarab","tradeInfo":[],"listingCount":1875},{"id":70511,"name":"Polished Expedition Scarab","icon":"https://web.poecdn.com/gen/image/WzI1LDE0LHsiZiI6IjJESXRlbXMvQ3VycmVuY3kvU2NhcmFicy9Ob3JtYWxTY2FyYWJFeHBlZGl0aW9uIiwidyI6MSwiaCI6MSwic2NhbGUiOjF9XQ/a1f5997c7d/NormalScarabExpedition.png","baseType":"Polished Expedition Scarab","stackSize":10,"itemClass":0,"sparkline":{"data":[0,0,0,0,0,0,0],"totalChange":0},"lowConfidenceSparkline":{"data":[0,0,0,0,0,0,0],"totalChange":0},"implicitModifiers":[],"explicitModifiers":[{"text":"Area contains an additional Expedition Encounter\nArea contains 25% increased number of Runic Monster Markers\n20% increased number of Explosives","optional":false}],"flavourText":"As you delve into the mysteries of this world, apprentice Revna,\nremember to learn from the past, not be consumed by it.","chaosValue":4.00,"exaltedValue":0.14,"divineValue":0.01,"count":172,"detailsId":"polished-expedition-scarab","tradeInfo":[],"listingCount":2063},{"id":19005,"name":"Polished Bestiary Scarab","icon":"https://web.poecdn.com/gen/image/WzI1LDE0LHsiZiI6IjJESXRlbXMvQ3VycmVuY3kvU2NhcmFicy9Ob3JtYWxTY2FyYWJCZWFzdHMiLCJ3IjoxLCJoIjoxLCJzY2FsZSI6MX1d/0f4dc83dc5/NormalScarabBeasts.png","baseType":"Polished Bestiary Scarab","stackSize":10,"itemClass":0,"sparkline":{"data":[0,0,0,-18,-13.33,0,23.33],"totalChange":23.33},"lowConfidenceSparkline":{"data":[0,0,0,-18,-13.33,0,23.33],"totalChange":23.33},"implicitModifiers":[],"explicitModifiers":[{"text":"Area contains Einhar\nArea contains 2 additional Red Beasts","optional":false}],"flavourText":"None among us understand the beasts of this world better than you,\nhonoured Agnar. You will root out the mysteries of wild-artefacts.","chaosValue":3.70,"exaltedValue":0.13,"divineValue":0.01,"count":114,"detailsId":"polished-bestiary-scarab","tradeInfo":[],"listingCount":2617},{"id":18976,"name":"Rusted Harbinger Scarab","icon":"https://web.poecdn.com/gen/image/WzI1LDE0LHsiZiI6IjJESXRlbXMvQ3VycmVuY3kvU2NhcmFicy9MZXNzZXJTY2FyYWJIYXJiaW5nZXJzIiwidyI6MSwiaCI6MSwic2NhbGUiOjF9XQ/1940157b44/LesserScarabHarbingers.png","baseType":"Rusted Harbinger Scarab","stackSize":10,"itemClass":0,"sparkline":{"data":[0,-0.33,-0.33,-0.33,-0.33,0,2.33],"totalChange":2.33},"lowConfidenceSparkline":{"data":[0,-0.33,-0.33,-0.33,-0.33,0,2.33],"totalChange":2.33},"implicitModifiers":[],"explicitModifiers":[{"text":"Area contains 2 additional Harbingers","optional":false}],"flavourText":"Your ancestry has been much maligned by history, young Sarina Titucius,\nbut to the Order of the Djinn, you are born anew.","chaosValue":3.08,"exaltedValue":0.11,"divineValue":0.01,"count":143,"detailsId":"rusted-harbinger-scarab","tradeInfo":[],"listingCount":2652},{"id":18967,"name":"Rusted Divination Scarab","icon":"https://web.poecdn.com/gen/image/WzI1LDE0LHsiZiI6IjJESXRlbXMvQ3VycmVuY3kvU2NhcmFicy9MZXNzZXJTY2FyYWJEaXZpbmF0aW9uIiwidyI6MSwiaCI6MSwic2NhbGUiOjF9XQ/ac84db8246/LesserScarabDivination.png","baseType":"Rusted Divination Scarab","stackSize":10,"itemClass":0,"sparkline":{"data":[0,0,0,0,0,0,0],"totalChange":0},"lowConfidenceSparkline":{"data":[0,0,0,0,0,0,0],"totalChange":0},"implicitModifiers":[],"explicitModifiers":[{"text":"50% more Divination Cards found in Area","optional":false}],"flavourText":"You were a casualty of callous Karui warfare, ageless Narumoa, but the Order\nmended your wounds. You are bound to us now by your own code.","chaosValue":3.00,"exaltedValue":0.10,"divineValue":0.01,"count":158,"detailsId":"rusted-divination-scarab","tradeInfo":[],"listingCount":2743},{"id":18986,"name":"Polished Sulphite Scarab","icon":"https://web.poecdn.com/gen/image/WzI1LDE0LHsiZiI6IjJESXRlbXMvQ3VycmVuY3kvU2NhcmFicy9Ob3JtYWxTY2FyYWJTdWxwaGl0ZSIsInciOjEsImgiOjEsInNjYWxlIjoxfV0/3b6d388b91/NormalScarabSulphite.png","baseType":"Polished Sulphite Scarab","stackSize":10,"itemClass":0,"sparkline":{"data":[0,0,0,0,0,0,0],"totalChange":0},"lowConfidenceSparkline":{"data":[0,0,0,0,0,0,0],"totalChange":0},"implicitModifiers":[],"explicitModifiers":[{"text":"Area contains Niko\nMap owner gains 40% more Sulphite","optional":false}],"flavourText":"For harnessing and controlling the power of lightning, you, Raethan,\nare now charged with researching this new energy.","chaosValue":3.00,"exaltedValue":0.10,"divineValue":0.01,"count":166,"detailsId":"polished-sulphite-scarab","tradeInfo":[],"listingCount":2853},{"id":18987,"name":"Polished Breach Scarab","icon":"https://web.poecdn.com/gen/image/WzI1LDE0LHsiZiI6IjJESXRlbXMvQ3VycmVuY3kvU2NhcmFicy9Ob3JtYWxTY2FyYWJCcmVhY2giLCJ3IjoxLCJoIjoxLCJzY2FsZSI6MX1d/20276236e9/NormalScarabBreach.png","baseType":"Polished Breach Scarab","stackSize":10,"itemClass":0,"sparkline":{"data":[0,0,0,0,0,0,0],"totalChange":0},"lowConfidenceSparkline":{"data":[0,0,0,0,0,0,0],"totalChange":0},"implicitModifiers":[],"explicitModifiers":[{"text":"Area contains an additional Breach\nBreaches in Area contain an additional Breach Boss' Clasped Hand","optional":false},{"text":"Area contains 2 additional Breaches","optional":true}],"flavourText":"We task you, honoured Omid, with the investigation of this mysterious\n'Xoph' and artefacts related to rifts in the boundaries of our world.","chaosValue":3.00,"exaltedValue":0.10,"divineValue":0.01,"count":138,"detailsId":"polished-breach-scarab","tradeInfo":[],"listingCount":2636},{"id":19002,"name":"Polished Elder Scarab","icon":"https://web.poecdn.com/gen/image/WzI1LDE0LHsiZiI6IjJESXRlbXMvQ3VycmVuY3kvU2NhcmFicy9Ob3JtYWxTY2FyYWJFbGRlciIsInciOjEsImgiOjEsInNjYWxlIjoxfV0/c950788060/NormalScarabElder.png","baseType":"Polished Elder Scarab","stackSize":10,"itemClass":0,"sparkline":{"data":[0,1.69,1.69,1.69,1.69,1.69,1.69],"totalChange":1.69},"lowConfidenceSparkline":{"data":[0,1.69,1.69,1.69,1.69,1.69,1.69],"totalChange":1.69},"implicitModifiers":[],"explicitModifiers":[{"text":"Adds Elder Influence outcome to Map Area\n60% more Rare Elder Items found in Area","optional":false}],"flavourText":"Speaker of unclean truths, Egrin of the Dark Between Stars.\nWe curse you whose soul echoes the madness of the void!","chaosValue":3.00,"exaltedValue":0.10,"divineValue":0.01,"count":124,"detailsId":"polished-elder-scarab","tradeInfo":[],"listingCount":2034},{"id":19012,"name":"Polished Reliquary Scarab","icon":"https://web.poecdn.com/gen/image/WzI1LDE0LHsiZiI6IjJESXRlbXMvQ3VycmVuY3kvU2NhcmFicy9Ob3JtYWxTY2FyYWJVbmlxdWUiLCJ3IjoxLCJoIjoxLCJzY2FsZSI6MX1d/774d92ac8e/NormalScarabUnique.png","baseType":"Polished Reliquary Scarab","stackSize":10,"itemClass":0,"sparkline":{"data":[0,-2,-17.5,-25,-25,-25,-25],"totalChange":-25},"lowConfidenceSparkline":{"data":[0,-2,-17.5,-25,-25,-25,-25],"totalChange":-25},"implicitModifiers":[],"explicitModifiers":[{"text":"100% more Unique Items found in Area","optional":false}],"flavourText":"As the best of our lorekeepers, honoured Sumei, it is now your task\nto investigate the mysterious duplication of artefacts of power.","chaosValue":3.00,"exaltedValue":0.10,"divineValue":0.01,"count":117,"detailsId":"polished-reliquary-scarab","tradeInfo":[],"listingCount":1994},{"id":22453,"name":"Rusted Legion Scarab","icon":"https://web.poecdn.com/gen/image/WzI1LDE0LHsiZiI6IjJESXRlbXMvQ3VycmVuY3kvU2NhcmFicy9MZXNzZXJTY2FyYWJMZWdpb24iLCJ3IjoxLCJoIjoxLCJzY2FsZSI6MX1d/0006525c3c/LesserScarabLegion.png","baseType":"Rusted Legion Scarab","stackSize":10,"itemClass":0,"sparkline":{"data":[0,-2.60,-0.97,2.44,-2.60,-2.60,-2.60],"totalChange":-2.60},"lowConfidenceSparkline":{"data":[0,-2.60,-0.97,2.44,-2.60,-2.60,-2.60],"totalChange":-2.60},"implicitModifiers":[],"explicitModifiers":[{"text":"Area contains an additional Legion Encounter","optional":false}],"flavourText":"Your faith and our Order are not in opposition, young Eutychus. \nLet this be the start of a new era of cooperation.","chaosValue":3.00,"exaltedValue":0.10,"divineValue":0.01,"count":156,"detailsId":"rusted-legion-scarab","tradeInfo":[],"listingCount":2410},{"id":60022,"name":"Polished Abyss Scarab","icon":"https://web.poecdn.com/gen/image/WzI1LDE0LHsiZiI6IjJESXRlbXMvQ3VycmVuY3kvU2NhcmFicy9Ob3JtYWxTY2FyYWJBYnlzcyIsInciOjEsImgiOjEsInNjYWxlIjoxfV0/c78d645398/NormalScarabAbyss.png","baseType":"Polished Abyss Scarab","stackSize":10,"itemClass":0,"sparkline":{"data":[0,0,0,0,0,0,0],"totalChange":0},"lowConfidenceSparkline":{"data":[0,0,0,0,0,0,0],"totalChange":0},"implicitModifiers":[],"explicitModifiers":[{"text":"Area contains an additional Abyss\nAbysses in Area spawn 50% increased Monsters","optional":false},{"text":"Area contains an additional Abyss\nAbysses in Areas spawn 50% increased Monsters","optional":true}],"flavourText":"Your golems and your leadership have slowed the tide of death, Clayshaper.\nThe relics of power you bid us find have kept the Vastiri Plains from the brink\nof oblivion. The defences of the Maraketh will hold.","chaosValue":3.00,"exaltedValue":0.10,"divineValue":0.01,"count":122,"detailsId":"polished-abyss-scarab","tradeInfo":[],"listingCount":1333},{"id":60120,"name":"Polished Blight Scarab","icon":"https://web.poecdn.com/gen/image/WzI1LDE0LHsiZiI6IjJESXRlbXMvQ3VycmVuY3kvU2NhcmFicy9Ob3JtYWxTY2FyYWJCbGlnaHQiLCJ3IjoxLCJoIjoxLCJzY2FsZSI6MX1d/fda66abb96/NormalScarabBlight.png","baseType":"Polished Blight Scarab","stackSize":10,"itemClass":0,"sparkline":{"data":[0,0,0,0,0,0,0],"totalChange":0},"lowConfidenceSparkline":{"data":[0,0,0,0,0,0,0],"totalChange":0},"implicitModifiers":[],"explicitModifiers":[{"text":"Area contains an additional Blight Encounter\nBlight Encounters contain an additional Blight Boss","optional":true},{"text":"Area contains a Blight Encounter\nBlight Encounters contain an additional Blight Boss","optional":false}],"flavourText":"For using the techniques of your homeland to contain\nthe fungal plague, honoured Dhunan, you shall lead the war\nto eliminate it and end the century-cycle of infestation.","chaosValue":3.00,"exaltedValue":0.10,"divineValue":0.01,"count":138,"detailsId":"polished-blight-scarab","tradeInfo":[],"listingCount":1537},{"id":108959,"name":"Polished Ultimatum Scarab","icon":"https://web.poecdn.com/gen/image/WzI1LDE0LHsiZiI6IjJESXRlbXMvQ3VycmVuY3kvU2NhcmFicy9Ob3JtYWxTY2FyYWJVbHRpbWF0dW0iLCJ3IjoxLCJoIjoxLCJzY2FsZSI6MX1d/f7845be27d/NormalScarabUltimatum.png","baseType":"Polished Ultimatum Scarab","stackSize":10,"itemClass":0,"sparkline":{"data":[0,4.10,22.95,22.95,22.95,22.95,22.95],"totalChange":22.95},"lowConfidenceSparkline":{"data":[0,4.10,22.95,22.95,22.95,22.95,22.95],"totalChange":22.95},"implicitModifiers":[],"explicitModifiers":[{"text":"Area contains an Ultimatum Encounter\nUltimatum Monsters grant 100% increased Experience","optional":false}],"flavourText":"For infiltrating the Priesthood of Yaomac and returning with their sleeping form,\nIxchel, we honour you. Your next task must be to infiltrate the Temple of Chaos.","chaosValue":3.00,"exaltedValue":0.10,"divineValue":0.01,"count":145,"detailsId":"polished-ultimatum-scarab","tradeInfo":[],"listingCount":459},{"id":18966,"name":"Rusted Cartography Scarab","icon":"https://web.poecdn.com/gen/image/WzI1LDE0LHsiZiI6IjJESXRlbXMvQ3VycmVuY3kvU2NhcmFicy9MZXNzZXJTY2FyYWJNYXBzIiwidyI6MSwiaCI6MSwic2NhbGUiOjF9XQ/c982c28d52/LesserScarabMaps.png","baseType":"Rusted Cartography Scarab","stackSize":10,"itemClass":0,"sparkline":{"data":[0,0,0,0,0,0,0],"totalChange":0},"lowConfidenceSparkline":{"data":[0,0,0,0,0,0,0],"totalChange":0},"implicitModifiers":[],"explicitModifiers":[{"text":"20% increased Maps found in Area","optional":false},{"text":"20% more Maps found in Area","optional":true}],"flavourText":"Consider yourself an orphaned Eternal no longer, young Betucia.\nThe Order of the Djinn is your family now.","chaosValue":2.00,"exaltedValue":0.07,"divineValue":0.01,"count":160,"detailsId":"rusted-cartography-scarab","tradeInfo":[],"listingCount":2444},{"id":18970,"name":"Rusted Bestiary Scarab","icon":"https://web.poecdn.com/gen/image/WzI1LDE0LHsiZiI6IjJESXRlbXMvQ3VycmVuY3kvU2NhcmFicy9MZXNzZXJTY2FyYWJCZWFzdHMiLCJ3IjoxLCJoIjoxLCJzY2FsZSI6MX1d/ea23afd0ff/LesserScarabBeasts.png","baseType":"Rusted Bestiary Scarab","stackSize":10,"itemClass":0,"sparkline":{"data":[0,0,0,0,0,0,0],"totalChange":0},"lowConfidenceSparkline":{"data":[0,0,0,0,0,0,0],"totalChange":0},"implicitModifiers":[],"explicitModifiers":[{"text":"Area contains Einhar\nArea contains an additional Red Beast","optional":false}],"flavourText":"Feuding Ezomytes slaughtered your kin, young Agnar, but we pulled you\nfrom the flames. The Order of the Djinn is your clan now.","chaosValue":2.00,"exaltedValue":0.07,"divineValue":0.01,"count":196,"detailsId":"rusted-bestiary-scarab","tradeInfo":[],"listingCount":3546},{"id":18972,"name":"Rusted Breach Scarab","icon":"https://web.poecdn.com/gen/image/WzI1LDE0LHsiZiI6IjJESXRlbXMvQ3VycmVuY3kvU2NhcmFicy9MZXNzZXJTY2FyYWJCcmVhY2giLCJ3IjoxLCJoIjoxLCJzY2FsZSI6MX1d/37bd40da6c/LesserScarabBreach.png","baseType":"Rusted Breach Scarab","stackSize":10,"itemClass":0,"sparkline":{"data":[0,0,0,0,0,0,0],"totalChange":0},"lowConfidenceSparkline":{"data":[0,0,0,0,0,0,0],"totalChange":0},"implicitModifiers":[],"explicitModifiers":[{"text":"Area contains an additional Breach","optional":false}],"flavourText":"The Ember-dwellers sought to throw you to their volcanic god, young Omid,\nbut we caught you instead. The Order of the Djinn is your tribe now.","chaosValue":2.00,"exaltedValue":0.07,"divineValue":0.01,"count":200,"detailsId":"rusted-breach-scarab","tradeInfo":[],"listingCount":3867},{"id":18977,"name":"Rusted Sulphite Scarab","icon":"https://web.poecdn.com/gen/image/WzI1LDE0LHsiZiI6IjJESXRlbXMvQ3VycmVuY3kvU2NhcmFicy9MZXNzZXJTY2FyYWJTdWxwaGl0ZSIsInciOjEsImgiOjEsInNjYWxlIjoxfV0/1e18c30014/LesserScarabSulphite.png","baseType":"Rusted Sulphite Scarab","stackSize":10,"itemClass":0,"sparkline":{"data":[0,0,0,0,0,0,0],"totalChange":0},"lowConfidenceSparkline":{"data":[0,0,0,0,0,0,0],"totalChange":0},"implicitModifiers":[],"explicitModifiers":[{"text":"Area contains Niko\nMap owner gains 20% more Sulphite","optional":false}],"flavourText":"As the first Brinerot to join the Order, you have much to prove,\nyoung Raethan. We are confident you will succeed.","chaosValue":2.00,"exaltedValue":0.07,"divineValue":0.01,"count":193,"detailsId":"rusted-sulphite-scarab","tradeInfo":[],"listingCount":3510},{"id":18984,"name":"Polished Shaper Scarab","icon":"https://web.poecdn.com/gen/image/WzI1LDE0LHsiZiI6IjJESXRlbXMvQ3VycmVuY3kvU2NhcmFicy9Ob3JtYWxTY2FyYWJTaGFwZXIiLCJ3IjoxLCJoIjoxLCJzY2FsZSI6MX1d/f92a75e584/NormalScarabShaper.png","baseType":"Polished Shaper Scarab","stackSize":10,"itemClass":0,"sparkline":{"data":[0,0,0,0,0,3.75,0],"totalChange":0},"lowConfidenceSparkline":{"data":[0,0,0,0,0,3.75,0],"totalChange":0},"implicitModifiers":[],"explicitModifiers":[{"text":"Adds Shaper Influence outcome to Map Area\n60% more Rare Shaper Items found in Area","optional":false}],"flavourText":"Bold dreamer, Qianga of the Stars, she of the Celestial Cold! These titles\nwe bestow upon the one among us whose soul speaks to the ineffable.","chaosValue":2.00,"exaltedValue":0.07,"divineValue":0.01,"count":131,"detailsId":"polished-shaper-scarab","tradeInfo":[],"listingCount":2806},{"id":18998,"name":"Polished Torment Scarab","icon":"https://web.poecdn.com/gen/image/WzI1LDE0LHsiZiI6IjJESXRlbXMvQ3VycmVuY3kvU2NhcmFicy9Ob3JtYWxTY2FyYWJUb3JtZW50IiwidyI6MSwiaCI6MSwic2NhbGUiOjF9XQ/b93daed118/NormalScarabTorment.png","baseType":"Polished Torment Scarab","stackSize":10,"itemClass":0,"sparkline":{"data":[0,0,0,0,0,0,0],"totalChange":0},"lowConfidenceSparkline":{"data":[0,0,0,0,0,0,0],"totalChange":0},"implicitModifiers":[],"explicitModifiers":[{"text":"Area is haunted by 5 additional Tormented Spirits","optional":false},{"text":"Area contains (4-5) additional Tormented Spirits","optional":true}],"flavourText":"Your tortured soul long kept you isolated from your peers, Tsarsk, but has attracted\nnew kindred in kind. You are tasked with appeasing these anguished spirits.","chaosValue":2.00,"exaltedValue":0.07,"divineValue":0.01,"count":122,"detailsId":"polished-torment-scarab","tradeInfo":[],"listingCount":1929},{"id":60074,"name":"Rusted Blight Scarab","icon":"https://web.poecdn.com/gen/image/WzI1LDE0LHsiZiI6IjJESXRlbXMvQ3VycmVuY3kvU2NhcmFicy9MZXNzZXJTY2FyYWJCbGlnaHQiLCJ3IjoxLCJoIjoxLCJzY2FsZSI6MX1d/c35814598b/LesserScarabBlight.png","baseType":"Rusted Blight Scarab","stackSize":10,"itemClass":0,"sparkline":{"data":[0,0,0,0,0,0,0],"totalChange":0},"lowConfidenceSparkline":{"data":[0,0,0,0,0,0,0],"totalChange":0},"implicitModifiers":[],"explicitModifiers":[{"text":"Area contains an additional Blight Encounter","optional":true},{"text":"Area contains a Blight Encounter","optional":false}],"flavourText":"We pulled you from the raging ocean, young Dhunan,\nbut we cannot return you to your home. The Order of the Djinn\noffers you a place on Wraeclast.","chaosValue":2.00,"exaltedValue":0.07,"divineValue":0.01,"count":198,"detailsId":"rusted-blight-scarab","tradeInfo":[],"listingCount":1799},{"id":60098,"name":"Rusted Abyss Scarab","icon":"https://web.poecdn.com/gen/image/WzI1LDE0LHsiZiI6IjJESXRlbXMvQ3VycmVuY3kvU2NhcmFicy9MZXNzZXJTY2FyYWJBYnlzcyIsInciOjEsImgiOjEsInNjYWxlIjoxfV0/5afc346c84/LesserScarabAbyss.png","baseType":"Rusted Abyss Scarab","stackSize":10,"itemClass":0,"sparkline":{"data":[0,0,0,0,0,0,0],"totalChange":0},"lowConfidenceSparkline":{"data":[0,0,0,0,0,0,0],"totalChange":0},"implicitModifiers":[],"explicitModifiers":[{"text":"Area contains an additional Abyss","optional":false}],"flavourText":"As the hordes of bone and blood and foul magic surge across the Vastiri Plains,\nthe scant survivors of our akhara agree to your alliance, ash-scarred Ahkeli.\nDisorder means death. Order may mean life.","chaosValue":2.00,"exaltedValue":0.07,"divineValue":0.01,"count":192,"detailsId":"rusted-abyss-scarab","tradeInfo":[],"listingCount":1635},{"id":70501,"name":"Rusted Expedition Scarab","icon":"https://web.poecdn.com/gen/image/WzI1LDE0LHsiZiI6IjJESXRlbXMvQ3VycmVuY3kvU2NhcmFicy9MZXNzZXJTY2FyYWJFeHBlZGl0aW9uIiwidyI6MSwiaCI6MSwic2NhbGUiOjF9XQ/e9bb9fa480/LesserScarabExpedition.png","baseType":"Rusted Expedition Scarab","stackSize":10,"itemClass":0,"sparkline":{"data":[0,0,0,0,0,0,0],"totalChange":0},"lowConfidenceSparkline":{"data":[0,0,0,0,0,0,0],"totalChange":0},"implicitModifiers":[],"explicitModifiers":[{"text":"Area contains an additional Expedition Encounter","optional":false}],"flavourText":"Your people no longer walk this continent, young Revna,\nbut the Order of the Djinn will give you a new home.","chaosValue":2.00,"exaltedValue":0.07,"divineValue":0.01,"count":224,"detailsId":"rusted-expedition-scarab","tradeInfo":[],"listingCount":2715},{"id":108958,"name":"Rusted Ultimatum Scarab","icon":"https://web.poecdn.com/gen/image/WzI1LDE0LHsiZiI6IjJESXRlbXMvQ3VycmVuY3kvU2NhcmFicy9MZXNzZXJTY2FyYWJVbHRpbWF0dW0iLCJ3IjoxLCJoIjoxLCJzY2FsZSI6MX1d/e0bf2875db/LesserScarabUltimatum.png","baseType":"Rusted Ultimatum Scarab","stackSize":10,"itemClass":0,"sparkline":{"data":[0,0,0,0,0,0,0],"totalChange":0},"lowConfidenceSparkline":{"data":[0,0,0,0,0,0,0],"totalChange":0},"implicitModifiers":[],"explicitModifiers":[{"text":"Area contains an Ultimatum Encounter","optional":false}],"flavourText":"We pulled you from the piled dead, young Ixchel, while your people were going mad\nwith fear. The gods may have vanished, but the Order will watch over you now.","chaosValue":2.00,"exaltedValue":0.07,"divineValue":0.01,"count":172,"detailsId":"rusted-ultimatum-scarab","tradeInfo":[],"listingCount":498},{"id":18969,"name":"Rusted Elder Scarab","icon":"https://web.poecdn.com/gen/image/WzI1LDE0LHsiZiI6IjJESXRlbXMvQ3VycmVuY3kvU2NhcmFicy9MZXNzZXJTY2FyYWJFbGRlciIsInciOjEsImgiOjEsInNjYWxlIjoxfV0/11cabe4d12/LesserScarabElder.png","baseType":"Rusted Elder Scarab","stackSize":10,"itemClass":0,"sparkline":{"data":[0,1.99,15.23,3.97,-23.18,-4.64,15.89],"totalChange":15.89},"lowConfidenceSparkline":{"data":[0,1.99,15.23,3.97,-23.18,-4.64,15.89],"totalChange":15.89},"implicitModifiers":[],"explicitModifiers":[{"text":"Adds Elder Influence outcome to Map Area\n30% more Rare Elder Items found in Area","optional":false}],"flavourText":"Your visions led the Azmeri down into a world left abandoned by the Vaal.\nThey cast you out, young Egrin, but the Order of the Djinn accepts you.","chaosValue":1.75,"exaltedValue":0.06,"divineValue":0.01,"count":167,"detailsId":"rusted-elder-scarab","tradeInfo":[],"listingCount":2659},{"id":18968,"name":"Rusted Reliquary Scarab","icon":"https://web.poecdn.com/gen/image/WzI1LDE0LHsiZiI6IjJESXRlbXMvQ3VycmVuY3kvU2NhcmFicy9MZXNzZXJTY2FyYWJVbmlxdWUiLCJ3IjoxLCJoIjoxLCJzY2FsZSI6MX1d/72516960f1/LesserScarabUnique.png","baseType":"Rusted Reliquary Scarab","stackSize":10,"itemClass":0,"sparkline":{"data":[0,0,0,0,0,48,55],"totalChange":55},"lowConfidenceSparkline":{"data":[0,0,0,0,0,48,55],"totalChange":55},"implicitModifiers":[],"explicitModifiers":[{"text":"50% more Unique Items found in Area","optional":false}],"flavourText":"The Maraketh left you to die alone in the desert, young Sumei, but we\nsaw the potential in you. The Order of the Djinn is your akhara now.","chaosValue":1.55,"exaltedValue":0.05,"divineValue":0.01,"count":188,"detailsId":"rusted-reliquary-scarab","tradeInfo":[],"listingCount":2867},{"id":18971,"name":"Rusted Torment Scarab","icon":"https://web.poecdn.com/gen/image/WzI1LDE0LHsiZiI6IjJESXRlbXMvQ3VycmVuY3kvU2NhcmFicy9MZXNzZXJTY2FyYWJUb3JtZW50IiwidyI6MSwiaCI6MSwic2NhbGUiOjF9XQ/b4e843a49b/LesserScarabTorment.png","baseType":"Rusted Torment Scarab","stackSize":10,"itemClass":0,"sparkline":{"data":[0,0,0,0,0,0,0],"totalChange":0},"lowConfidenceSparkline":{"data":[0,0,0,0,0,0,0],"totalChange":0},"implicitModifiers":[],"explicitModifiers":[{"text":"Area is haunted by 3 additional Tormented Spirits","optional":false},{"text":"Area contains (2-3) additional Tormented Spirits","optional":true}],"flavourText":"Young Tsarsk, you were a broken and forgotten child lying glassy-eyed\nin a flesh-pit in Trarthus, but the Order found and cleansed you.","chaosValue":1.00,"exaltedValue":0.03,"divineValue":0.00,"count":176,"detailsId":"rusted-torment-scarab","tradeInfo":[],"listingCount":2799},{"id":18974,"name":"Rusted Shaper Scarab","icon":"https://web.poecdn.com/gen/image/WzI1LDE0LHsiZiI6IjJESXRlbXMvQ3VycmVuY3kvU2NhcmFicy9MZXNzZXJTY2FyYWJTaGFwZXIiLCJ3IjoxLCJoIjoxLCJzY2FsZSI6MX1d/9e83e315c9/LesserScarabShaper.png","baseType":"Rusted Shaper Scarab","stackSize":10,"itemClass":0,"sparkline":{"data":[0,0,0,0,0,0,0],"totalChange":0},"lowConfidenceSparkline":{"data":[0,0,0,0,0,0,0],"totalChange":0},"implicitModifiers":[],"explicitModifiers":[{"text":"Adds Shaper Influence outcome to Map Area\n30% more Rare Shaper Items found in Area","optional":false}],"flavourText":"The Peak-dwellers saw you as impure, young Qianga, but the Order of\nthe Djinn sees you as all the stronger for your uniqueness.","chaosValue":1.00,"exaltedValue":0.03,"divineValue":0.00,"count":174,"detailsId":"rusted-shaper-scarab","tradeInfo":[],"listingCount":3155}]}