{"lines":[{"id":70492,"name":"Kalguuran Delirium Orb","icon":"https://web.poecdn.com/gen/image/WzI1LDE0LHsiZiI6IjJESXRlbXMvQ3VycmVuY3kvRGVsaXJpdW0vRGVsaXJpdW1PcmJFeHBlZGl0aW9uIiwidyI6MSwiaCI6MSwic2NhbGUiOjF9XQ/a5ecb5219f/DeliriumOrbExpedition.png","baseType":"Kalguuran Delirium Orb","stackSize":10,"itemClass":5,"sparkline":{"data":[0,1.45,1.45,1.45,1.45,1.45,-14.23],"totalChange":-14.23},"lowConfidenceSparkline":{"data":[0,1.45,1.45,1.45,1.45,1.45,-14.23],"totalChange":-14.23},"implicitModifiers":[],"explicitModifiers":[{"text":"Modifies a Map item adding layers of Delirium with the Expedition Items reward type","optional":false}],"flavourText":"","chaosValue":59.18,"exaltedValue":2.04,"divineValue":0.21,"count":12,"detailsId":"kalguuran-delirium-orb","tradeInfo":[],"listingCount":677},{"id":40912,"name":"Primal Delirium Orb","icon":"https://web.poecdn.com/gen/image/WzI1LDE0LHsiZiI6IjJESXRlbXMvQ3VycmVuY3kvRGVsaXJpdW0vRGVsaXJpdW1PcmJUYWxpc21hbnMiLCJ3IjoxLCJoIjoxLCJzY2FsZSI6MX1d/726210e48c/DeliriumOrbTalismans.png","baseType":"Primal Delirium Orb","stackSize":10,"itemClass":5,"sparkline":{"data":[0,-0.40,-0.55,-55.28,-52.08,-45.66,-45.23],"totalChange":-45.23},"lowConfidenceSparkline":{"data":[0,-0.40,-0.55,-55.28,-52.08,-45.66,-45.23],"totalChange":-45.23},"implicitModifiers":[],"explicitModifiers":[{"text":"Modifies a Map item adding layers of Delirium with the Talismans reward type","optional":false}],"flavourText":"","chaosValue":51.20,"exaltedValue":1.77,"divineValue":0.19,"count":7,"detailsId":"primal-delirium-orb","tradeInfo":[],"listingCount":501},{"id":40925,"name":"Skittering Delirium Orb","icon":"https://web.poecdn.com/gen/image/WzI1LDE0LHsiZiI6IjJESXRlbXMvQ3VycmVuY3kvRGVsaXJpdW0vRGVsaXJpdW1PcmJTY2FyYWJzIiwidyI6MSwiaCI6MSwic2NhbGUiOjF9XQ/fa4c5160ca/DeliriumOrbScarabs.png","baseType":"Skittering Delirium Orb","stackSize":10,"itemClass":5,"sparkline":{"data":[0,-0.74,-1.12,-4.22,-5.71,-5.71,-5.71],"totalChange":-5.71},"lowConfidenceSparkline":{"data":[0,-0.74,-1.12,-4.22,-5.71,-5.71,-5.71],"totalChange":-5.71},"implicitModifiers":[],"explicitModifiers":[{"text":"Modifies a Map item adding layers of Delirium with the Scarabs reward type","optional":false}],"flavourText":"","chaosValue":38.00,"exaltedValue":1.31,"divineValue":0.14,"count":137,"detailsId":"skittering-delirium-orb","tradeInfo":[],"listingCount":1838},{"id":40910,"name":"Diviner's Delirium Orb","icon":"https://web.poecdn.com/gen/image/WzI1LDE0LHsiZiI6IjJESXRlbXMvQ3VycmVuY3kvRGVsaXJpdW0vRGVsaXJpdW1PcmJEaXZpbmF0aW9uQ2FyZHMiLCJ3IjoxLCJoIjoxLCJzY2FsZSI6MX1d/e47017caab/DeliriumOrbDivinationCards.png","baseType":"Diviner's Delirium Orb","stackSize":10,"itemClass":5,"sparkline":{"data":[0,6.06,6.06,5.70,6.06,5.55,5.76],"totalChange":5.76},"lowConfidenceSparkline":{"data":[0,6.06,6.06,5.70,6.06,5.55,5.76],"totalChange":5.76},"implicitModifiers":[],"explicitModifiers":[{"text":"Modifies a Map item adding layers of Delirium with the Divination Cards reward type","optional":false}],"flavourText":"","chaosValue":34.90,"exaltedValue":1.20,"divineValue":0.13,"count":185,"detailsId":"diviners-delirium-orb","tradeInfo":[],"listingCount":2261},{"id":108963,"name":"Challenging Delirium Orb","icon":"https://web.poecdn.com/gen/image/WzI1LDE0LHsiZiI6IjJESXRlbXMvQ3VycmVuY3kvRGVsaXJpdW0vRGVsaXJpdW1PcmJVbHRpbWF0dW0iLCJ3IjoxLCJoIjoxLCJzY2FsZSI6MX1d/382c6157d7/DeliriumOrbUltimatum.png","baseType":"Challenging Delirium Orb","stackSize":10,"itemClass":5,"sparkline":{"data":[0,0,0,5.26,5.26,5.26,10.53],"totalChange":10.53},"lowConfidenceSparkline":{"data":[0,0,0,5.26,5.26,5.26,10.53],"totalChange":10.53},"implicitModifiers":[],"explicitModifiers":[{"text":"Modifies a Map item adding layers of Delirium with the Ultimatum reward type","optional":false}],"flavourText":"","chaosValue":21.00,"exaltedValue":0.72,"divineValue":0.08,"count":23,"detailsId":"challenging-delirium-orb","tradeInfo":[],"listingCount":261},{"id":40919,"name":"Fine Delirium Orb","icon":"https://web.poecdn.com/gen/image/WzI1LDE0LHsiZiI6IjJESXRlbXMvQ3VycmVuY3kvRGVsaXJpdW0vRGVsaXJpdW1PcmJDdXJyZW5jeSIsInciOjEsImgiOjEsInNjYWxlIjoxfV0/edac9239bd/DeliriumOrbCurrency.png","baseType":"Fine Delirium Orb","stackSize":10,"itemClass":5,"sparkline":{"data":[0,0,0,0,0,0,0],"totalChange":0},"lowConfidenceSparkline":{"data":[0,0,0,0,0,0,0],"totalChange":0},"implicitModifiers":[],"explicitModifiers":[{"text":"Modifies a Map item adding layers of Delirium with the Currency Items reward type","optional":false}],"flavourText":"","chaosValue":20.00,"exaltedValue":0.69,"divineValue":0.07,"count":198,"detailsId":"fine-delirium-orb","tradeInfo":[],"listingCount":3240},{"id":40911,"name":"Obscured Delirium Orb","icon":"https://web.poecdn.com/gen/image/WzI1LDE0LHsiZiI6IjJESXRlbXMvQ3VycmVuY3kvRGVsaXJpdW0vRGVsaXJpdW1PcmJCcmVhY2giLCJ3IjoxLCJoIjoxLCJzY2FsZSI6MX1d/9182ffc9b8/DeliriumOrbBreach.png","baseType":"Obscured Delirium Orb","stackSize":10,"itemClass":5,"sparkline":{"data":[0,0,8,2,0,0,0],"totalChange":0},"lowConfidenceSparkline":{"data":[0,0,8,2,0,0,0],"totalChange":0},"implicitModifiers":[],"explicitModifiers":[{"text":"Modifies a Map item adding layers of Delirium with the Breach Items reward type","optional":false}],"flavourText":"","chaosValue":15.00,"exaltedValue":0.52,"divineValue":0.05,"count":46,"detailsId":"obscured-delirium-orb","tradeInfo":[],"listingCount":1294},{"id":40923,"name":"Timeless Delirium Orb","icon":"https://web.poecdn.com/gen/image/WzI1LDE0LHsiZiI6IjJESXRlbXMvQ3VycmVuY3kvRGVsaXJpdW0vRGVsaXJpdW1PcmJMZWdpb24iLCJ3IjoxLCJoIjoxLCJzY2FsZSI6MX1d/448f80d7c4/DeliriumOrbLegion.png","baseType":"Timeless Delirium Orb","stackSize":10,"itemClass":5,"sparkline":{"data":[0,0,1.43,7.14,7.14,7.14,7.14],"totalChange":7.14},"lowConfidenceSparkline":{"data":[0,0,1.43,7.14,7.14,7.14,7.14],"totalChange":7.14},"implicitModifiers":[],"explicitModifiers":[{"text":"Modifies a Map item adding layers of Delirium with the Legion reward type","optional":false}],"flavourText":"","chaosValue":15.00,"exaltedValue":0.52,"divineValue":0.05,"count":65,"detailsId":"timeless-delirium-orb","tradeInfo":[],"listingCount":1417},{"id":40917,"name":"Foreboding Delirium Orb","icon":"https://web.poecdn.com/gen/image/WzI1LDE0LHsiZiI6IjJESXRlbXMvQ3VycmVuY3kvRGVsaXJpdW0vRGVsaXJpdW1PcmJIYXJiaW5nZXIiLCJ3IjoxLCJoIjoxLCJzY2FsZSI6MX1d/707c1f792a/DeliriumOrbHarbinger.png","baseType":"Foreboding Delirium Orb","stackSize":10,"itemClass":5,"sparkline":{"data":[0,0,3.33,0,0,0,-2],"totalChange":-2},"lowConfidenceSparkline":{"data":[0,0,3.33,0,0,0,-2],"totalChange":-2},"implicitModifiers":[],"explicitModifiers":[{"text":"Modifies a Map item adding layers of Delirium with the Harbinger Items reward type","optional":false}],"flavourText":"","chaosValue":14.70,"exaltedValue":0.51,"divineValue":0.05,"count":100,"detailsId":"foreboding-delirium-orb","tradeInfo":[],"listingCount":1887},{"id":40909,"name":"Singular Delirium Orb","icon":"https://web.poecdn.com/gen/image/WzI1LDE0LHsiZiI6IjJESXRlbXMvQ3VycmVuY3kvRGVsaXJpdW0vRGVsaXJpdW1PcmJVbmlxdWVzIiwidyI6MSwiaCI6MSwic2NhbGUiOjF9XQ/69797d10bb/DeliriumOrbUniques.png","baseType":"Singular Delirium Orb","stackSize":10,"itemClass":5,"sparkline":{"data":[0,2,6.67,0,0,0,-3.33],"totalChange":-3.33},"lowConfidenceSparkline":{"data":[0,2,6.67,0,0,0,-3.33],"totalChange":-3.33},"implicitModifiers":[],"explicitModifiers":[{"text":"Modifies a Map item adding layers of Delirium with the Unique Items reward type","optional":false}],"flavourText":"","chaosValue":14.50,"exaltedValue":0.50,"divineValue":0.05,"count":76,"detailsId":"singular-delirium-orb","tradeInfo":[],"listingCount":1824},{"id":40903,"name":"Imperial Delirium Orb","icon":"https://web.poecdn.com/gen/image/WzI1LDE0LHsiZiI6IjJESXRlbXMvQ3VycmVuY3kvRGVsaXJpdW0vRGVsaXJpdW1PcmJMYWJ5cmludGgiLCJ3IjoxLCJoIjoxLCJzY2FsZSI6MX1d/50340fc6c8/DeliriumOrbLabyrinth.png","baseType":"Imperial Delirium Orb","stackSize":10,"itemClass":5,"sparkline":{"data":[0,0,-12.5,-12.5,0,-8.12,-13.75],"totalChange":-13.75},"lowConfidenceSparkline":{"data":[0,0,-12.5,-12.5,0,-8.12,-13.75],"totalChange":-13.75},"implicitModifiers":[],"explicitModifiers":[{"text":"Modifies a Map item adding layers of Delirium with the Labyrinth Items reward type","optional":false}],"flavourText":"","chaosValue":13.80,"exaltedValue":0.48,"divineValue":0.05,"count":37,"detailsId":"imperial-delirium-orb","tradeInfo":[],"listingCount":1749},{"id":40916,"name":"Thaumaturge's Delirium Orb","icon":"https://web.poecdn.com/gen/image/WzI1LDE0LHsiZiI6IjJESXRlbXMvQ3VycmVuY3kvRGVsaXJpdW0vRGVsaXJpdW1PcmJHZW1zIiwidyI6MSwiaCI6MSwic2NhbGUiOjF9XQ/9d5221762e/DeliriumOrbGems.png","baseType":"Thaumaturge's Delirium Orb","stackSize":10,"itemClass":5,"sparkline":{"data":[0,-1.67,-6.67,-6.67,-6.67,-6.67,-10.67],"totalChange":-10.67},"lowConfidenceSparkline":{"data":[0,-1.67,-6.67,-6.67,-6.67,-6.67,-10.67],"totalChange":-10.67},"implicitModifiers":[],"explicitModifiers":[{"text":"Modifies a Map item adding layers of Delirium with the Gems reward type","optional":false}],"flavourText":"","chaosValue":13.40,"exaltedValue":0.46,"divineValue":0.05,"count":67,"detailsId":"thaumaturges-delirium-orb","tradeInfo":[],"listingCount":1394},{"id":40904,"name":"Fragmented Delirium Orb","icon":"https://web.poecdn.com/gen/image/WzI1LDE0LHsiZiI6IjJESXRlbXMvQ3VycmVuY3kvRGVsaXJpdW0vRGVsaXJpdW1PcmJGcmFnbWVudHMiLCJ3IjoxLCJoIjoxLCJzY2FsZSI6MX1d/8f24162984/DeliriumOrbFragments.png","baseType":"Fragmented Delirium Orb","stackSize":10,"itemClass":5,"sparkline":{"data":[0,0,-0.67,-6.67,-6.67,-6.67,-13.33],"totalChange":-13.33},"lowConfidenceSparkline":{"data":[0,0,-0.67,-6.67,-6.67,-6.67,-13.33],"totalChange":-13.33},"implicitModifiers":[],"explicitModifiers":[{"text":"Modifies a Map item adding layers of Delirium with the Fragments reward type","optional":false}],"flavourText":"","chaosValue":13.00,"exaltedValue":0.45,"divineValue":0.05,"count":89,"detailsId":"fragmented-delirium-orb","tradeInfo":[],"listingCount":1587},{"id":40924,"name":"Whispering Delirium Orb","icon":"https://web.poecdn.com/gen/image/WzI1LDE0LHsiZiI6IjJESXRlbXMvQ3VycmVuY3kvRGVsaXJpdW0vRGVsaXJpdW1PcmJFc3NlbmNlIiwidyI6MSwiaCI6MSwic2NhbGUiOjF9XQ/4c854cba72/DeliriumOrbEssence.png","baseType":"Whispering Delirium Orb","stackSize":10,"itemClass":5,"sparkline":{"data":[0,0,0,0,-7.14,-7.14,-7.14],"totalChange":-7.14},"lowConfidenceSparkline":{"data":[0,0,0,0,-7.14,-7.14,-7.14],"totalChange":-7.14},"implicitModifiers":[],"explicitModifiers":[{"text":"Modifies a Map item adding layers of Delirium with the Essences reward type","optional":false}],"flavourText":"","chaosValue":13.00,"exaltedValue":0.45,"divineValue":0.05,"count":87,"detailsId":"whispering-delirium-orb","tradeInfo":[],"listingCount":1769},{"id":40905,"name":"Cartographer's Delirium Orb","icon":"https://web.poecdn.com/gen/image/WzI1LDE0LHsiZiI6IjJESXRlbXMvQ3VycmVuY3kvRGVsaXJpdW0vRGVsaXJpdW1PcmJNYXBzIiwidyI6MSwiaCI6MSwic2NhbGUiOjF9XQ/ad4a59a2fc/DeliriumOrbMaps.png","baseType":"Cartographer's Delirium Orb","stackSize":10,"itemClass":5,"sparkline":{"data":[0,0,0,-5,-8.33,-8.33,0],"totalChange":0},"lowConfidenceSparkline":{"data":[0,0,0,-5,-8.33,-8.33,0],"totalChange":0},"implicitModifiers":[],"explicitModifiers":[{"text":"Modifies a Map item adding layers of Delirium with the Map Items reward type","optional":false}],"flavourText":"","chaosValue":12.00,"exaltedValue":0.41,"divineValue":0.04,"count":72,"detailsId":"cartographers-delirium-orb","tradeInfo":[],"listingCount":1432},{"id":40922,"name":"Blighted Delirium Orb","icon":"https://web.poecdn.com/gen/image/WzI1LDE0LHsiZiI6IjJESXRlbXMvQ3VycmVuY3kvRGVsaXJpdW0vRGVsaXJpdW1PcmJCbGlnaHQiLCJ3IjoxLCJoIjoxLCJzY2FsZSI6MX1d/b609cfbb50/DeliriumOrbBlight.png","baseType":"Blighted Delirium Orb","stackSize":10,"itemClass":5,"sparkline":{"data":[0,2.86,-14.29,-14.29,-7.14,-10,-16.43],"totalChange":-16.43},"lowConfidenceSparkline":{"data":[0,2.86,-14.29,-14.29,-7.14,-10,-16.43],"totalChange":-16.43},"implicitModifiers":[],"explicitModifiers":[{"text":"Modifies a Map item adding layers of Delirium with the Blight reward type","optional":false}],"flavourText":"","chaosValue":11.70,"exaltedValue":0.40,"divineValue":0.04,"count":68,"detailsId":"blighted-delirium-orb","tradeInfo":[],"listingCount":1434},{"id":40907,"name":"Abyssal Delirium Orb","icon":"https://web.poecdn.com/gen/image/WzI1LDE0LHsiZiI6IjJESXRlbXMvQ3VycmVuY3kvRGVsaXJpdW0vRGVsaXJpdW1PcmJBYnlzcyIsInciOjEsImgiOjEsInNjYWxlIjoxfV0/9c2b5d6d64/DeliriumOrbAbyss.png","baseType":"Abyssal Delirium Orb","stackSize":10,"itemClass":5,"sparkline":{"data":[0,0,-6.98,-6.98,-6.98,-14.73,-14.73],"totalChange":-14.73},"lowConfidenceSparkline":{"data":[0,0,-6.98,-6.98,-6.98,-14.73,-14.73],"totalChange":-14.73},"implicitModifiers":[],"explicitModifiers":[{"text":"Modifies a Map item adding layers of Delirium with the Abyss Items reward type","optional":false}],"flavourText":"","chaosValue":11.00,"exaltedValue":0.38,"divineValue":0.04,"count":70,"detailsId":"abyssal-delirium-orb","tradeInfo":[],"listingCount":1571},{"id":40913,"name":"Armoursmith's Delirium Orb","icon":"https://web.poecdn.com/gen/image/WzI1LDE0LHsiZiI6IjJESXRlbXMvQ3VycmVuY3kvRGVsaXJpdW0vRGVsaXJpdW1PcmJBcm1vdXIiLCJ3IjoxLCJoIjoxLCJzY2FsZSI6MX1d/3f5099006e/DeliriumOrbArmour.png","baseType":"Armoursmith's Delirium Orb","stackSize":10,"itemClass":5,"sparkline":{"data":[0,-1.79,-1.79,-1.79,-1.79,-3.57,-1.79],"totalChange":-1.79},"lowConfidenceSparkline":{"data":[0,-1.79,-1.79,-1.79,-1.79,-3.57,-1.79],"totalChange":-1.79},"implicitModifiers":[],"explicitModifiers":[{"text":"Modifies a Map item adding layers of Delirium with the Armour reward type","optional":false}],"flavourText":"","chaosValue":11.00,"exaltedValue":0.38,"divineValue":0.04,"count":125,"detailsId":"armoursmiths-delirium-orb","tradeInfo":[],"listingCount":2364},{"id":40921,"name":"Blacksmith's Delirium Orb","icon":"https://web.poecdn.com/gen/image/WzI1LDE0LHsiZiI6IjJESXRlbXMvQ3VycmVuY3kvRGVsaXJpdW0vRGVsaXJpdW1PcmJXZWFwb25zIiwidyI6MSwiaCI6MSwic2NhbGUiOjF9XQ/1a249fbf02/DeliriumOrbWeapons.png","baseType":"Blacksmith's Delirium Orb","stackSize":10,"itemClass":5,"sparkline":{"data":[0,0,0,0,0,0,0],"totalChange":0},"lowConfidenceSparkline":{"data":[0,0,0,0,0,0,0],"totalChange":0},"implicitModifiers":[],"explicitModifiers":[{"text":"Modifies a Map item adding layers of Delirium with the Weapons reward type","optional":false}],"flavourText":"","chaosValue":11.00,"exaltedValue":0.38,"divineValue":0.04,"count":124,"detailsId":"blacksmiths-delirium-orb","tradeInfo":[],"listingCount":2398},{"id":40914,"name":"Fossilised Delirium Orb","icon":"https://web.poecdn.com/gen/image/WzI1LDE0LHsiZiI6IjJESXRlbXMvQ3VycmVuY3kvRGVsaXJpdW0vRGVsaXJpdW1PcmJGb3NzaWxzIiwidyI6MSwiaCI6MSwic2NhbGUiOjF9XQ/ea3a92a762/DeliriumOrbFossils.png","baseType":"Fossilised Delirium Orb","stackSize":10,"itemClass":5,"sparkline":{"data":[0,0,0,0,0,0,-3.64],"totalChange":-3.64},"lowConfidenceSparkline":{"data":[0,0,0,0,0,0,-3.64],"totalChange":-3.64},"implicitModifiers":[],"explicitModifiers":[{"text":"Modifies a Map item adding layers of Delirium with the Fossils reward type","optional":false}],"flavourText":"","chaosValue":10.60,"exaltedValue":0.37,"divineValue":0.04,"count":67,"detailsId":"fossilised-delirium-orb","tradeInfo":[],"listingCount":1585},{"id":40906,"name":"Jeweller's Delirium Orb","icon":"https://web.poecdn.com/gen/image/WzI1LDE0LHsiZiI6IjJESXRlbXMvQ3VycmVuY3kvRGVsaXJpdW0vRGVsaXJpdW1PcmJUcmlua2V0cyIsInciOjEsImgiOjEsInNjYWxlIjoxfV0/51a3def31b/DeliriumOrbTrinkets.png","baseType":"Jeweller's Delirium Orb","stackSize":10,"itemClass":5,"sparkline":{"data":[0,0,0,0,0,0,0],"totalChange":0},"lowConfidenceSparkline":{"data":[0,0,0,0,0,0,0],"totalChange":0},"implicitModifiers":[],"explicitModifiers":[{"text":"Modifies a Map item adding layers of Delirium with the Trinkets reward type","optional":false}],"flavourText":"","chaosValue":10.00,"exaltedValue":0.34,"divineValue":0.04,"count":121,"detailsId":"jewellers-delirium-orb","tradeInfo":[],"listingCount":2381}]}