{"lines":[{"id":69146,"name":"Exotic Coinage","icon":"https://web.poecdn.com/gen/image/WzI1LDE0LHsiZiI6IjJESXRlbXMvQ3VycmVuY3kvRXhwZWRpdGlvbi9CYXJ0ZXJSZWZyZXNoQ3VycmVuY3kiLCJ3IjoxLCJoIjoxLCJzY2FsZSI6MX1d/bf3e6fbe8f/BarterRefreshCurrency.png","baseType":"Exotic Coinage","stackSize":1000,"itemClass":5,"sparkline":{"data":[0,-0.85,-16.43,-29.18,-29.18,-29.18,-29.18],"totalChange":-29.18},"lowConfidenceSparkline":{"data":[0,-0.85,-16.43,-29.18,-29.18,-29.18,-29.18],"totalChange":-29.18},"implicitModifiers":[],"explicitModifiers":[],"flavourText":"","chaosValue":5.00,"exaltedValue":0.17,"divineValue":0.02,"count":64,"detailsId":"exotic-coinage","tradeInfo":[],"listingCount":1120},{"id":69149,"name":"Burial Medallion","icon":"https://web.poecdn.com/gen/image/WzI1LDE0LHsiZiI6IjJESXRlbXMvQ3VycmVuY3kvRXhwZWRpdGlvbi9EYW5uaWdSZXJvbGxDdXJyZW5jeSIsInciOjEsImgiOjEsInNjYWxlIjoxfV0/62d38b9f1d/DannigRerollCurrency.png","baseType":"Burial Medallion","stackSize":1000,"itemClass":5,"sparkline":{"data":[0,0.34,-18.92,-32.43,-29.73,-32.43,-32.43],"totalChange":-32.43},"lowConfidenceSparkline":{"data":[0,0.34,-18.92,-32.43,-29.73,-32.43,-32.43],"totalChange":-32.43},"implicitModifiers":[],"explicitModifiers":[],"flavourText":"","chaosValue":5.00,"exaltedValue":0.17,"divineValue":0.02,"count":60,"detailsId":"burial-medallion","tradeInfo":[],"listingCount":1244},{"id":69141,"name":"Scrap Metal","icon":"https://web.poecdn.com/gen/image/WzI1LDE0LHsiZiI6IjJESXRlbXMvQ3VycmVuY3kvRXhwZWRpdGlvbi9EZWFsZXJSZWZyZXNoQ3VycmVuY3kiLCJ3IjoxLCJoIjoxLCJzY2FsZSI6MX1d/f4db789e4b/DealerRefreshCurrency.png","baseType":"Scrap Metal","stackSize":1000,"itemClass":5,"sparkline":{"data":[0,0,0,0,0,0,0],"totalChange":0},"lowConfidenceSparkline":{"data":[0,0,0,0,0,0,0],"totalChange":0},"implicitModifiers":[],"explicitModifiers":[],"flavourText":"","chaosValue":1.00,"exaltedValue":0.03,"divineValue":0.00,"count":59,"detailsId":"scrap-metal","tradeInfo":[],"listingCount":1338},{"id":69150,"name":"Astragali","icon":"https://web.poecdn.com/gen/image/WzI1LDE0LHsiZiI6IjJESXRlbXMvQ3VycmVuY3kvRXhwZWRpdGlvbi9HYW1ibGVyUmVmcmVzaEN1cnJlbmN5IiwidyI6MSwiaCI6MSwic2NhbGUiOjF9XQ/f878f8fc1a/GamblerRefreshCurrency.png","baseType":"Astragali","stackSize":1000,"itemClass":5,"sparkline":{"data":[0,0,0,0,0,0,0],"totalChange":0},"lowConfidenceSparkline":{"data":[0,0,0,0,0,0,0],"totalChange":0},"implicitModifiers":[],"explicitModifiers":[],"flavourText":"","chaosValue":1.00,"exaltedValue":0.03,"divineValue":0.00,"count":79,"detailsId":"astragali","tradeInfo":[],"listingCount":2168}]}