{"lines":[{"id":93814,"name":"Incandescent Invitation","icon":"https://web.poecdn.com/gen/image/WzI1LDE0LHsiZiI6IjJESXRlbXMvUXVlc3RJdGVtcy9DbGVhbnNpbmdGaXJlT3JiUXVlc3Q1IiwidyI6MSwiaCI6MSwic2NhbGUiOjF9XQ/e6f9234053/CleansingFireOrbQuest5.png","baseType":"Incandescent Invitation","itemClass":0,"sparkline":{"data":[0,-0.29,-0.45,-0.52,-0.47,-0.75,-1.55],"totalChange":-1.55},"lowConfidenceSparkline":{"data":[0,-0.29,-0.45,-0.52,-0.47,-0.75,-1.55],"totalChange":-1.55},"implicitModifiers":[],"explicitModifiers":[],"flavourText":"From the corona of an ancient star,\nthe Searing Exarch seeks to master the Atlas.","chaosValue":275.81,"exaltedValue":9.51,"divineValue":1.00,"count":399,"detailsId":"incandescent-invitation","tradeInfo":[],"listingCount":4411},{"id":93816,"name":"Screaming Invitation","icon":"https://web.poecdn.com/gen/image/WzI1LDE0LHsiZiI6IjJESXRlbXMvUXVlc3RJdGVtcy9UYW5nbGVkT3JiUXVlc3Q1IiwidyI6MSwiaCI6MSwic2NhbGUiOjF9XQ/75de691c2b/TangledOrbQuest5.png","baseType":"Screaming Invitation","itemClass":0,"sparkline":{"data":[0,-0.37,-0.53,-0.60,-0.55,-0.84,-1.63],"totalChange":-1.63},"lowConfidenceSparkline":{"data":[0,-0.37,-0.53,-0.60,-0.55,-0.84,-1.63],"totalChange":-1.63},"implicitModifiers":[],"explicitModifiers":[],"flavourText":"From the heart of the Tangle, the Eater of Worlds\nreaches out for control of the Atlas.","chaosValue":275.81,"exaltedValue":9.51,"divineValue":1.00,"count":373,"detailsId":"screaming-invitation","tradeInfo":[],"listingCount":4155},{"id":55759,"name":"Maven's Invitation: The Formed","icon":"https://web.poecdn.com/gen/image/WzI1LDE0LHsiZiI6IjJESXRlbXMvQ3VycmVuY3kvQXRsYXMvTnVsbFZvaWQxIiwidyI6MSwiaCI6MSwic2NhbGUiOjF9XQ/9e4850813c/NullVoid1.png","baseType":"Maven's Invitation: The Formed","itemClass":2,"sparkline":{"data":[0,0,-7.14,-12.55,-14.29,-6.79,-1.14],"totalChange":-1.14},"lowConfidenceSparkline":{"data":[0,0,-7.14,-12.55,-14.29,-6.79,-1.14],"totalChange":-1.14},"implicitModifiers":[],"explicitModifiers":[{"text":"Area has patches of Burning Ground","optional":true},{"text":"Area has patches of Shocked Ground which increase Damage taken by 50%","optional":true},{"text":"Area has patches of desecrated ground","optional":true},{"text":"Area has patches of Chilled Ground","optional":true},{"text":"Players are Cursed with Vulnerability, with 60% increased Effect","optional":true},{"text":"Players are Cursed with Temporal Chains, with 60% increased Effect","optional":true},{"text":"Players are Cursed with Enfeeble, with 60% increased Effect","optional":true},{"text":"Players have Elemental Equilibrium","optional":true},{"text":"(25-74)% more Monster Life","optional":true},{"text":"Monsters have (371-398)% increased Critical Strike Chance","optional":true},{"text":"Players are Cursed with Elemental Weakness, with 60% increased Effect","optional":true},{"text":"-(12-9)% maximum Player Resistances","optional":true},{"text":"Monsters have 70% chance to Avoid Elemental Ailments","optional":true},{"text":"Monsters have 100% increased Area of Effect","optional":true},{"text":"Cannot Leech Life from Monsters","optional":true},{"text":"+(41-45)% to Monster Critical Strike Multiplier","optional":true},{"text":"(22-25)% increased Monster Damage","optional":true},{"text":"Monsters reflect 18% of Physical Damage","optional":true},{"text":"Cannot Leech Mana from Monsters","optional":true},{"text":"(25-30)% increased Monster Movement Speed","optional":true},{"text":"+40% Monster Physical Damage Reduction","optional":true},{"text":"Monsters deal (90-108)% extra Physical Damage as Cold","optional":true},{"text":"Monsters reflect 18% of Elemental Damage","optional":true},{"text":"Area is inhabited by Abominations","optional":true},{"text":"Monsters are Hexproof","optional":true},{"text":"Monsters have a 20% chance to cause Elemental Ailments on Hit","optional":true},{"text":"Monsters Poison on Hit","optional":true},{"text":"Monsters deal (90-110)% extra Physical Damage as Fire","optional":true},{"text":"(35-45)% increased Monster Attack Speed","optional":true},{"text":"Monsters' skills Chain 2 additional times","optional":true},{"text":"Unique Boss has 35% increased Life","optional":true},{"text":"Monsters gain a Frenzy Charge on Hit","optional":true},{"text":"Monsters gain an Endurance Charge on Hit","optional":true},{"text":"+25% Monster Chaos Resistance","optional":true},{"text":"Monsters deal (91-110)% extra Physical Damage as Lightning","optional":true},{"text":"Monsters cannot be Stunned","optional":true},{"text":"All Monster Damage from Hits always Ignites","optional":true},{"text":"Players have Point Blank","optional":true},{"text":"Unique Boss deals 25% increased Damage","optional":true},{"text":"Unique Boss has 70% increased Area of Effect","optional":true},{"text":"Monsters have 50% increased Accuracy Rating","optional":true},{"text":"+40% Monster Elemental Resistance","optional":true},{"text":"Players have 60% less Recovery Rate of Life and Energy Shield","optional":true},{"text":"Monsters have a 50% chance to avoid Poison, Blind, and Bleeding","optional":true},{"text":"Monsters fire 2 additional Projectiles","optional":true},{"text":"(35-45)% increased Monster Cast Speed","optional":true},{"text":"Unique Boss has 30% increased Attack and Cast Speed","optional":true},{"text":"Players gain 50% reduced Flask Charges","optional":true},{"text":"Monsters gain a Power Charge on Hit","optional":true},{"text":"Monsters take (36-40)% reduced Extra Damage from Critical Strikes","optional":true},{"text":"60% less effect of Curses on Monsters","optional":true},{"text":"Players have 25% less Area of Effect","optional":true},{"text":"Monsters cannot be Taunted","optional":true},{"text":"Players have 30% less Armour","optional":true},{"text":"Player chance to Dodge is Unlucky","optional":true},{"text":"Monsters' Action Speed cannot be modified to below base value","optional":true},{"text":"Players have 40% reduced Chance to Block","optional":true}],"flavourText":"For those who must not endure it,\nthere may be found a perverse joy \nin watching the struggle for survival.","chaosValue":69.20,"exaltedValue":2.39,"divineValue":0.25,"count":209,"detailsId":"mavens-invitation:-the-formed","tradeInfo":[],"listingCount":4318},{"id":93100,"name":"Maven's Invitation: The Elderslayers","icon":"https://web.poecdn.com/gen/image/WzI1LDE0LHsiZiI6IjJESXRlbXMvQ3VycmVuY3kvQXRsYXMvTnVsbFZvaWQ2IiwidyI6MSwiaCI6MSwic2NhbGUiOjF9XQ/8f170ad68d/NullVoid6.png","baseType":"Maven's Invitation: The Elderslayers","itemClass":2,"sparkline":{"data":[0,-0.76,0.76,-6.87,-8.40,-8.40,-8.40],"totalChange":-8.40},"lowConfidenceSparkline":{"data":[0,-0.76,0.76,-6.87,-8.40,-8.40,-8.40],"totalChange":-8.40},"implicitModifiers":[],"explicitModifiers":[],"flavourText":"","chaosValue":60.00,"exaltedValue":2.07,"divineValue":0.22,"count":185,"detailsId":"mavens-invitation:-the-elderslayers","tradeInfo":[],"listingCount":3037},{"id":55756,"name":"Maven's Invitation: The Twisted","icon":"https://web.poecdn.com/gen/image/WzI1LDE0LHsiZiI6IjJESXRlbXMvQ3VycmVuY3kvQXRsYXMvTnVsbFZvaWQyIiwidyI6MSwiaCI6MSwic2NhbGUiOjF9XQ/3c5b06022e/NullVoid2.png","baseType":"Maven's Invitation: The Twisted","itemClass":2,"sparkline":{"data":[0,-0.45,-8.13,0.66,0.73,-9.09,1.01],"totalChange":1.01},"lowConfidenceSparkline":{"data":[0,-0.45,-8.13,0.66,0.73,-9.09,1.01],"totalChange":1.01},"implicitModifiers":[],"explicitModifiers":[{"text":"Area has patches of Shocked Ground which increase Damage taken by 50%","optional":true},{"text":"Area has patches of Chilled Ground","optional":true},{"text":"Area has patches of desecrated ground","optional":true},{"text":"Area has patches of Burning Ground","optional":true},{"text":"Players are Cursed with Temporal Chains, with 60% increased Effect","optional":true},{"text":"Players are Cursed with Enfeeble, with 60% increased Effect","optional":true},{"text":"Players have Elemental Equilibrium","optional":true},{"text":"Players are Cursed with Vulnerability, with 60% increased Effect","optional":true},{"text":"(25-49)% more Monster Life","optional":true},{"text":"-(12-9)% maximum Player Resistances","optional":true},{"text":"Players are Cursed with Elemental Weakness, with 60% increased Effect","optional":true},{"text":"Cannot Leech Life from Monsters","optional":true},{"text":"Monsters have 70% chance to Avoid Elemental Ailments","optional":true},{"text":"Cannot Leech Mana from Monsters","optional":true},{"text":"Monsters have 100% increased Area of Effect","optional":true},{"text":"Monsters have (361-400)% increased Critical Strike Chance","optional":true},{"text":"(22-25)% increased Monster Damage","optional":true},{"text":"Monsters deal (90-109)% extra Physical Damage as Lightning","optional":true},{"text":"+(41-45)% to Monster Critical Strike Multiplier","optional":true},{"text":"(25-30)% increased Monster Movement Speed","optional":true},{"text":"Monsters reflect 18% of Elemental Damage","optional":true},{"text":"Monsters deal (91-109)% extra Physical Damage as Cold","optional":true},{"text":"Unique Boss deals 25% increased Damage","optional":true},{"text":"Unique Boss has 35% increased Life","optional":true},{"text":"Monsters are Hexproof","optional":true},{"text":"(35-45)% increased Monster Attack Speed","optional":true},{"text":"Area is inhabited by Abominations","optional":true},{"text":"Monsters cannot be Stunned","optional":true},{"text":"Monsters reflect 18% of Physical Damage","optional":true},{"text":"+40% Monster Physical Damage Reduction","optional":true},{"text":"Monsters gain a Power Charge on Hit","optional":true},{"text":"Monsters Poison on Hit","optional":true},{"text":"Unique Boss has 30% increased Attack and Cast Speed","optional":true},{"text":"Monsters have 50% increased Accuracy Rating","optional":true},{"text":"60% less effect of Curses on Monsters","optional":true},{"text":"Unique Boss has 70% increased Area of Effect","optional":true},{"text":"Monsters cannot be Taunted","optional":true},{"text":"Players have 60% less Recovery Rate of Life and Energy Shield","optional":true},{"text":"(35-45)% increased Monster Cast Speed","optional":true},{"text":"Monsters deal (90-110)% extra Physical Damage as Fire","optional":true},{"text":"Monsters fire 2 additional Projectiles","optional":true},{"text":"Monsters' skills Chain 2 additional times","optional":true},{"text":"All Monster Damage from Hits always Ignites","optional":true},{"text":"+25% Monster Chaos Resistance","optional":true},{"text":"Monsters' Action Speed cannot be modified to below base value","optional":true},{"text":"Monsters take (36-40)% reduced Extra Damage from Critical Strikes","optional":true},{"text":"Players have 30% less Armour","optional":true},{"text":"Players have 25% less Area of Effect","optional":true},{"text":"Monsters gain a Frenzy Charge on Hit","optional":true},{"text":"Players have Point Blank","optional":true},{"text":"Monsters gain an Endurance Charge on Hit","optional":true},{"text":"+40% Monster Elemental Resistance","optional":true},{"text":"Players gain 50% reduced Flask Charges","optional":true},{"text":"Player chance to Dodge is Unlucky","optional":true},{"text":"Players have 40% reduced Chance to Block","optional":true},{"text":"Monsters have a 50% chance to avoid Poison, Blind, and Bleeding","optional":true},{"text":"Monsters have a 20% chance to cause Elemental Ailments on Hit","optional":true}],"flavourText":"For those who must not endure it,\nthere may be found a perverse joy \nin watching the struggle for survival.","chaosValue":40.00,"exaltedValue":1.38,"divineValue":0.15,"count":270,"detailsId":"mavens-invitation:-the-twisted","tradeInfo":[],"listingCount":4665},{"id":93813,"name":"Writhing Invitation","icon":"https://web.poecdn.com/gen/image/WzI1LDE0LHsiZiI6IjJESXRlbXMvUXVlc3RJdGVtcy9UYW5nbGVkT3JiUXVlc3QwIiwidyI6MSwiaCI6MSwic2NhbGUiOjF9XQ/5dbc2f3ffc/TangledOrbQuest0.png","baseType":"Writhing Invitation","itemClass":0,"sparkline":{"data":[0,0,0,11.11,11.11,11.11,11.11],"totalChange":11.11},"lowConfidenceSparkline":{"data":[0,0,0,11.11,11.11,11.11,11.11],"totalChange":11.11},"implicitModifiers":[],"explicitModifiers":[],"flavourText":"The Infinite Hunger awaits in a cosmic stomach where\nwhole civilisations are digested - but do not die.","chaosValue":10.00,"exaltedValue":0.34,"divineValue":0.04,"count":212,"detailsId":"writhing-invitation","tradeInfo":[],"listingCount":4246},{"id":93815,"name":"Polaric Invitation","icon":"https://web.poecdn.com/gen/image/WzI1LDE0LHsiZiI6IjJESXRlbXMvUXVlc3RJdGVtcy9DbGVhbnNpbmdGaXJlT3JiUXVlc3QwIiwidyI6MSwiaCI6MSwic2NhbGUiOjF9XQ/b2cc512e70/CleansingFireOrbQuest0.png","baseType":"Polaric Invitation","itemClass":0,"sparkline":{"data":[0,0,0,0,0,0,0],"totalChange":0},"lowConfidenceSparkline":{"data":[0,0,0,0,0,0,0],"totalChange":0},"implicitModifiers":[],"explicitModifiers":[],"flavourText":"Once within the grasp of the Black Star,\nthere can be no escape.","chaosValue":10.00,"exaltedValue":0.34,"divineValue":0.04,"count":229,"detailsId":"polaric-invitation","tradeInfo":[],"listingCount":3109},{"id":55757,"name":"Maven's Invitation: The Hidden","icon":"https://web.poecdn.com/gen/image/WzI1LDE0LHsiZiI6IjJESXRlbXMvQ3VycmVuY3kvQXRsYXMvTnVsbFZvaWQ0IiwidyI6MSwiaCI6MSwic2NhbGUiOjF9XQ/5a436a46d6/NullVoid4.png","baseType":"Maven's Invitation: The Hidden","itemClass":2,"sparkline":{"data":[0,0,0,0,0,0,0],"totalChange":0},"lowConfidenceSparkline":{"data":[0,0,0,0,0,0,0],"totalChange":0},"implicitModifiers":[],"explicitModifiers":[{"text":"Area has patches of desecrated ground","optional":true},{"text":"Players have Elemental Equilibrium","optional":true},{"text":"Area has patches of Shocked Ground which increase Damage taken by 50%","optional":true},{"text":"Area has patches of Chilled Ground","optional":true},{"text":"Area has patches of Burning Ground","optional":true},{"text":"Players are Cursed with Enfeeble, with 60% increased Effect","optional":true},{"text":"Players are Cursed with Vulnerability, with 60% increased Effect","optional":true},{"text":"Players are Cursed with Elemental Weakness, with 60% increased Effect","optional":true},{"text":"Cannot Leech Life from Monsters","optional":true},{"text":"Players are Cursed with Temporal Chains, with 60% increased Effect","optional":true},{"text":"Monsters have 70% chance to Avoid Elemental Ailments","optional":true},{"text":"(25-71)% more Monster Life","optional":true},{"text":"Monsters have (360-399)% increased Critical Strike Chance","optional":true},{"text":"-(12-9)% maximum Player Resistances","optional":true},{"text":"Cannot Leech Mana from Monsters","optional":true},{"text":"(25-30)% increased Monster Movement Speed","optional":true},{"text":"+(41-45)% to Monster Critical Strike Multiplier","optional":true},{"text":"Monsters have 100% increased Area of Effect","optional":true},{"text":"(35-45)% increased Monster Attack Speed","optional":true},{"text":"All Monster Damage from Hits always Ignites","optional":true},{"text":"Monsters cannot be Stunned","optional":true},{"text":"(22-25)% increased Monster Damage","optional":true},{"text":"Monsters deal (91-110)% extra Physical Damage as Fire","optional":true},{"text":"Area is inhabited by Abominations","optional":true},{"text":"(35-45)% increased Monster Cast Speed","optional":true},{"text":"Monsters cannot be Taunted","optional":true},{"text":"Monsters' skills Chain 2 additional times","optional":true},{"text":"Monsters deal (90-110)% extra Physical Damage as Lightning","optional":true},{"text":"Monsters reflect 18% of Elemental Damage","optional":true},{"text":"Monsters have 50% increased Accuracy Rating","optional":true},{"text":"Monsters reflect 18% of Physical Damage","optional":true},{"text":"Unique Boss deals 25% increased Damage","optional":true},{"text":"Monsters Poison on Hit","optional":true},{"text":"Unique Boss has 35% increased Life","optional":true},{"text":"Monsters' Action Speed cannot be modified to below base value","optional":true},{"text":"+40% Monster Physical Damage Reduction","optional":true},{"text":"Players have 30% less Armour","optional":true},{"text":"Monsters take (36-40)% reduced Extra Damage from Critical Strikes","optional":true},{"text":"+25% Monster Chaos Resistance","optional":true},{"text":"Monsters fire 2 additional Projectiles","optional":true},{"text":"Monsters gain an Endurance Charge on Hit","optional":true},{"text":"Monsters deal (91-109)% extra Physical Damage as Cold","optional":true},{"text":"Player chance to Dodge is Unlucky","optional":true},{"text":"Unique Boss has 30% increased Attack and Cast Speed","optional":true},{"text":"Monsters have a 50% chance to avoid Poison, Blind, and Bleeding","optional":true},{"text":"Monsters are Hexproof","optional":true},{"text":"Unique Boss has 70% increased Area of Effect","optional":true},{"text":"60% less effect of Curses on Monsters","optional":true},{"text":"Monsters gain a Power Charge on Hit","optional":true},{"text":"Players have 40% reduced Chance to Block","optional":true},{"text":"+40% Monster Elemental Resistance","optional":true},{"text":"Players have 60% less Recovery Rate of Life and Energy Shield","optional":true},{"text":"Monsters have a 20% chance to cause Elemental Ailments on Hit","optional":true},{"text":"Monsters gain a Frenzy Charge on Hit","optional":true},{"text":"Players have 25% less Area of Effect","optional":true},{"text":"Players gain 50% reduced Flask Charges","optional":true},{"text":"Players have Point Blank","optional":true}],"flavourText":"For those who must not endure it,\nthere may be found a perverse joy \nin watching the struggle for survival.","chaosValue":5.00,"exaltedValue":0.17,"divineValue":0.02,"count":167,"detailsId":"mavens-invitation:-the-hidden","tradeInfo":[],"listingCount":4882},{"id":55760,"name":"Maven's Invitation: The Feared","icon":"https://web.poecdn.com/gen/image/WzI1LDE0LHsiZiI6IjJESXRlbXMvQ3VycmVuY3kvQXRsYXMvTnVsbFZvaWQ1IiwidyI6MSwiaCI6MSwic2NhbGUiOjF9XQ/31ba48d1dc/NullVoid5.png","baseType":"Maven's Invitation: The Feared","itemClass":2,"sparkline":{"data":[0,0,0,0,0,0,0],"totalChange":0},"lowConfidenceSparkline":{"data":[0,0,0,0,0,0,0],"totalChange":0},"implicitModifiers":[],"explicitModifiers":[{"text":"Area has patches of Burning Ground","optional":true},{"text":"Area has patches of desecrated ground","optional":true},{"text":"Area has patches of Shocked Ground which increase Damage taken by 50%","optional":true},{"text":"Area has patches of Chilled Ground","optional":true},{"text":"Players are Cursed with Temporal Chains, with 60% increased Effect","optional":true},{"text":"Players have Elemental Equilibrium","optional":true},{"text":"Players are Cursed with Elemental Weakness, with 60% increased Effect","optional":true},{"text":"Players are Cursed with Vulnerability, with 60% increased Effect","optional":true},{"text":"Cannot Leech Life from Monsters","optional":true},{"text":"-(12-9)% maximum Player Resistances","optional":true},{"text":"Monsters have 100% increased Area of Effect","optional":true},{"text":"Players are Cursed with Enfeeble, with 60% increased Effect","optional":true},{"text":"Monsters have 70% chance to Avoid Elemental Ailments","optional":true},{"text":"Monsters have (360-400)% increased Critical Strike Chance","optional":true},{"text":"Cannot Leech Mana from Monsters","optional":true},{"text":"Monsters reflect 18% of Physical Damage","optional":true},{"text":"Monsters reflect 18% of Elemental Damage","optional":true},{"text":"(25-70)% more Monster Life","optional":true},{"text":"+(41-45)% to Monster Critical Strike Multiplier","optional":true},{"text":"Monsters fire 2 additional Projectiles","optional":true},{"text":"(22-25)% increased Monster Damage","optional":true},{"text":"(25-30)% increased Monster Movement Speed","optional":true},{"text":"Monsters deal (90-110)% extra Physical Damage as Fire","optional":true},{"text":"Unique Boss deals 25% increased Damage","optional":true},{"text":"(35-45)% increased Monster Attack Speed","optional":true},{"text":"Monsters take (36-40)% reduced Extra Damage from Critical Strikes","optional":true},{"text":"All Monster Damage from Hits always Ignites","optional":true},{"text":"Area is inhabited by Abominations","optional":true},{"text":"Monsters deal (90-110)% extra Physical Damage as Lightning","optional":true},{"text":"+40% Monster Physical Damage Reduction","optional":true},{"text":"Monsters cannot be Stunned","optional":true},{"text":"Monsters deal (90-109)% extra Physical Damage as Cold","optional":true},{"text":"Unique Boss has 30% increased Attack and Cast Speed","optional":true},{"text":"(36-45)% increased Monster Cast Speed","optional":true},{"text":"Monsters Poison on Hit","optional":true},{"text":"Monsters have a 20% chance to cause Elemental Ailments on Hit","optional":true},{"text":"Unique Boss has 35% increased Life","optional":true},{"text":"Players have 25% less Area of Effect","optional":true},{"text":"Players gain 50% reduced Flask Charges","optional":true},{"text":"+25% Monster Chaos Resistance","optional":true},{"text":"Monsters' skills Chain 2 additional times","optional":true},{"text":"Monsters gain a Power Charge on Hit","optional":true},{"text":"Monsters have a 50% chance to avoid Poison, Blind, and Bleeding","optional":true},{"text":"Monsters are Hexproof","optional":true},{"text":"Monsters have 50% increased Accuracy Rating","optional":true},{"text":"Monsters gain a Frenzy Charge on Hit","optional":true},{"text":"Players have 30% less Armour","optional":true},{"text":"Players have 60% less Recovery Rate of Life and Energy Shield","optional":true},{"text":"Monsters gain an Endurance Charge on Hit","optional":true},{"text":"60% less effect of Curses on Monsters","optional":true},{"text":"Monsters cannot be Taunted","optional":true},{"text":"Unique Boss has 70% increased Area of Effect","optional":true},{"text":"+40% Monster Elemental Resistance","optional":true},{"text":"Players have 40% reduced Chance to Block","optional":true},{"text":"Monsters' Action Speed cannot be modified to below base value","optional":true},{"text":"Player chance to Dodge is Unlucky","optional":true},{"text":"Players have Point Blank","optional":true}],"flavourText":"","chaosValue":5.00,"exaltedValue":0.17,"divineValue":0.02,"count":225,"detailsId":"mavens-invitation:-the-feared","tradeInfo":[],"listingCount":7736},{"id":55763,"name":"Maven's Invitation: The Forgotten","icon":"https://web.poecdn.com/gen/image/WzI1LDE0LHsiZiI6IjJESXRlbXMvQ3VycmVuY3kvQXRsYXMvTnVsbFZvaWQzIiwidyI6MSwiaCI6MSwic2NhbGUiOjF9XQ/48f3c7fecb/NullVoid3.png","baseType":"Maven's Invitation: The Forgotten","itemClass":2,"sparkline":{"data":[0,-11.75,-18.25,-25,-25,-25,-25],"totalChange":-25},"lowConfidenceSparkline":{"data":[0,-11.75,-18.25,-25,-25,-25,-25],"totalChange":-25},"implicitModifiers":[],"explicitModifiers":[{"text":"Area has patches of desecrated ground","optional":true},{"text":"Area has patches of Shocked Ground which increase Damage taken by 50%","optional":true},{"text":"Area has patches of Burning Ground","optional":true},{"text":"Area has patches of Chilled Ground","optional":true},{"text":"Players are Cursed with Elemental Weakness, with 60% increased Effect","optional":true},{"text":"Players have Elemental Equilibrium","optional":true},{"text":"Players are Cursed with Vulnerability, with 60% increased Effect","optional":true},{"text":"Monsters have 70% chance to Avoid Elemental Ailments","optional":true},{"text":"(22-25)% increased Monster Damage","optional":true},{"text":"Players are Cursed with Temporal Chains, with 60% increased Effect","optional":true},{"text":"-(12-9)% maximum Player Resistances","optional":true},{"text":"Players are Cursed with Enfeeble, with 60% increased Effect","optional":true},{"text":"Monsters reflect 18% of Elemental Damage","optional":true},{"text":"Monsters have 100% increased Area of Effect","optional":true},{"text":"Monsters reflect 18% of Physical Damage","optional":true},{"text":"(25-72)% more Monster Life","optional":true},{"text":"Monsters have (360-400)% increased Critical Strike Chance","optional":true},{"text":"(25-30)% increased Monster Movement Speed","optional":true},{"text":"Monsters are Hexproof","optional":true},{"text":"Monsters deal (90-110)% extra Physical Damage as Fire","optional":true},{"text":"+(41-45)% to Monster Critical Strike Multiplier","optional":true},{"text":"Monsters deal (90-110)% extra Physical Damage as Lightning","optional":true},{"text":"(35-45)% increased Monster Attack Speed","optional":true},{"text":"Monsters take (36-40)% reduced Extra Damage from Critical Strikes","optional":true},{"text":"Players have 60% less Recovery Rate of Life and Energy Shield","optional":true},{"text":"Monsters' skills Chain 2 additional times","optional":true},{"text":"Monsters fire 2 additional Projectiles","optional":true},{"text":"Monsters gain an Endurance Charge on Hit","optional":true},{"text":"Area is inhabited by Abominations","optional":true},{"text":"+40% Monster Physical Damage Reduction","optional":true},{"text":"Monsters gain a Power Charge on Hit","optional":true},{"text":"(36-45)% increased Monster Cast Speed","optional":true},{"text":"Monsters Poison on Hit","optional":true},{"text":"Players have Point Blank","optional":true},{"text":"Unique Boss has 35% increased Life","optional":true},{"text":"Players have 30% less Armour","optional":true},{"text":"Monsters cannot be Taunted","optional":true},{"text":"Monsters gain a Frenzy Charge on Hit","optional":true},{"text":"Unique Boss deals 25% increased Damage","optional":true},{"text":"60% less effect of Curses on Monsters","optional":true},{"text":"Monsters deal (90-110)% extra Physical Damage as Cold","optional":true},{"text":"Players have 40% reduced Chance to Block","optional":true},{"text":"Unique Boss has 70% increased Area of Effect","optional":true},{"text":"Monsters' Action Speed cannot be modified to below base value","optional":true},{"text":"Unique Boss has 30% increased Attack and Cast Speed","optional":true},{"text":"+25% Monster Chaos Resistance","optional":true},{"text":"Monsters cannot be Stunned","optional":true},{"text":"All Monster Damage from Hits always Ignites","optional":true},{"text":"Monsters have 50% increased Accuracy Rating","optional":true},{"text":"Players have 25% less Area of Effect","optional":true},{"text":"Players gain 50% reduced Flask Charges","optional":true},{"text":"+40% Monster Elemental Resistance","optional":true},{"text":"Monsters have a 50% chance to avoid Poison, Blind, and Bleeding","optional":true},{"text":"Monsters have a 20% chance to cause Elemental Ailments on Hit","optional":true},{"text":"Player chance to Dodge is Unlucky","optional":true}],"flavourText":"","chaosValue":3.00,"exaltedValue":0.10,"divineValue":0.01,"count":216,"detailsId":"mavens-invitation:-the-forgotten","tradeInfo":[],"listingCount":5205},{"id":92921,"name":"Maven's Invitation: The Atlas","icon":"https://web.poecdn.com/gen/image/WzI1LDE0LHsiZiI6IjJESXRlbXMvQ3VycmVuY3kvQXRsYXMvUHJvdmluZ0dyb3VuZEhhZXdhcmtIYW1sZXQ1IiwidyI6MSwiaCI6MSwic2NhbGUiOjF9XQ/d581ab6c29/ProvingGroundHaewarkHamlet5.png","baseType":"Maven's Invitation: The Atlas","itemClass":2,"sparkline":{"data":[0,0,0,0,0,0,0],"totalChange":0},"lowConfidenceSparkline":{"data":[0,0,0,0,0,0,0],"totalChange":0},"implicitModifiers":[],"explicitModifiers":[],"flavourText":"For those who must not endure it,\nthere may be found a perverse joy \nin watching the struggle for survival.","chaosValue":1.00,"exaltedValue":0.03,"divineValue":0.00,"count":399,"detailsId":"mavens-invitation:-the-atlas","tradeInfo":[],"listingCount":29639}]}