{"lines":[{"id":7662,"name":"Prime Chaotic Resonator","icon":"https://web.poecdn.com/gen/image/WzI1LDE0LHsiZiI6IjJESXRlbXMvQ3VycmVuY3kvRGVsdmUvUmVyb2xsMngyQyIsInciOjIsImgiOjIsInNjYWxlIjoxfV0/584267701b/Reroll2x2C.png","baseType":"Prime Chaotic Resonator","stackSize":10,"itemClass":5,"sparkline":{"data":[0,0,0,0,0,0,0],"totalChange":0},"lowConfidenceSparkline":{"data":[0,0,0,0,0,0,0],"totalChange":0},"implicitModifiers":[],"explicitModifiers":[],"flavourText":"","chaosValue":90.00,"exaltedValue":3.10,"divineValue":0.33,"count":250,"detailsId":"prime-chaotic-resonator","tradeInfo":[],"listingCount":2926},{"id":7657,"name":"Prime Alchemical Resonator","icon":"https://web.poecdn.com/gen/image/WzI1LDE0LHsiZiI6IjJESXRlbXMvQ3VycmVuY3kvRGVsdmUvVXBncmFkZTJ4MkMiLCJ3IjoyLCJoIjoyLCJzY2FsZSI6MX1d/5192b134c8/Upgrade2x2C.png","baseType":"Prime Alchemical Resonator","stackSize":10,"itemClass":5,"sparkline":{"data":[0,0,0,0,0,0,0],"totalChange":0},"lowConfidenceSparkline":{"data":[0,0,0,0,0,0,0],"totalChange":0},"implicitModifiers":[],"explicitModifiers":[],"flavourText":"","chaosValue":30.00,"exaltedValue":1.03,"divineValue":0.11,"count":13,"detailsId":"prime-alchemical-resonator","tradeInfo":[],"listingCount":1340},{"id":7646,"name":"Powerful Chaotic Resonator","icon":"https://web.poecdn.com/gen/image/WzI1LDE0LHsiZiI6IjJESXRlbXMvQ3VycmVuY3kvRGVsdmUvUmVyb2xsMngyQSIsInciOjIsImgiOjIsInNjYWxlIjoxfV0/b5be7d519f/Reroll2x2A.png","baseType":"Powerful Chaotic Resonator","stackSize":10,"itemClass":5,"sparkline":{"data":[0,0,0,0,0,0,0],"totalChange":0},"lowConfidenceSparkline":{"data":[0,0,0,0,0,0,0],"totalChange":0},"implicitModifiers":[],"explicitModifiers":[],"flavourText":"","chaosValue":5.00,"exaltedValue":0.17,"divineValue":0.02,"count":230,"detailsId":"powerful-chaotic-resonator","tradeInfo":[],"listingCount":6969},{"id":7636,"name":"Primitive Chaotic Resonator","icon":"https://web.poecdn.com/gen/image/WzI1LDE0LHsiZiI6IjJESXRlbXMvQ3VycmVuY3kvRGVsdmUvUmVyb2xsMXgxQSIsInciOjEsImgiOjEsInNjYWxlIjoxfV0/eea57ec0df/Reroll1x1A.png","baseType":"Primitive Chaotic Resonator","stackSize":10,"itemClass":5,"sparkline":{"data":[0,0,0,0,0,0,0],"totalChange":0},"lowConfidenceSparkline":{"data":[0,0,0,0,0,0,0],"totalChange":0},"implicitModifiers":[],"explicitModifiers":[],"flavourText":"","chaosValue":2.00,"exaltedValue":0.07,"divineValue":0.01,"count":399,"detailsId":"primitive-chaotic-resonator","tradeInfo":[],"listingCount":16468},{"id":7648,"name":"Potent Chaotic Resonator","icon":"https://web.poecdn.com/gen/image/WzI1LDE0LHsiZiI6IjJESXRlbXMvQ3VycmVuY3kvRGVsdmUvUmVyb2xsMngxQSIsInciOjEsImgiOjIsInNjYWxlIjoxfV0/1aa8e1c365/Reroll2x1A.png","baseType":"Potent Chaotic Resonator","stackSize":10,"itemClass":5,"sparkline":{"data":[0,0,0,0,0,0,0],"totalChange":0},"lowConfidenceSparkline":{"data":[0,0,0,0,0,0,0],"totalChange":0},"implicitModifiers":[],"explicitModifiers":[],"flavourText":"","chaosValue":2.00,"exaltedValue":0.07,"divineValue":0.01,"count":290,"detailsId":"potent-chaotic-resonator","tradeInfo":[],"listingCount":6564},{"id":7656,"name":"Powerful Alchemical Resonator","icon":"https://web.poecdn.com/gen/image/WzI1LDE0LHsiZiI6IjJESXRlbXMvQ3VycmVuY3kvRGVsdmUvVXBncmFkZTJ4MkEiLCJ3IjoyLCJoIjoyLCJzY2FsZSI6MX1d/30b32cdb00/Upgrade2x2A.png","baseType":"Powerful Alchemical Resonator","stackSize":10,"itemClass":5,"sparkline":{"data":[0,0,0,0,0,0,0],"totalChange":0},"lowConfidenceSparkline":{"data":[0,0,0,0,0,0,0],"totalChange":0},"implicitModifiers":[],"explicitModifiers":[],"flavourText":"","chaosValue":1.00,"exaltedValue":0.03,"divineValue":0.00,"count":61,"detailsId":"powerful-alchemical-resonator","tradeInfo":[],"listingCount":5959},{"id":7647,"name":"Potent Alchemical Resonator","icon":"https://web.poecdn.com/gen/image/WzI1LDE0LHsiZiI6IjJESXRlbXMvQ3VycmVuY3kvRGVsdmUvVXBncmFkZTJ4MUEiLCJ3IjoxLCJoIjoyLCJzY2FsZSI6MX1d/3acce880d2/Upgrade2x1A.png","baseType":"Potent Alchemical Resonator","stackSize":10,"itemClass":5,"sparkline":{"data":[0,5.26,5.26,5.26,5.26,4.21,-2.11],"totalChange":-2.11},"lowConfidenceSparkline":{"data":[0,5.26,5.26,5.26,5.26,4.21,-2.11],"totalChange":-2.11},"implicitModifiers":[],"explicitModifiers":[],"flavourText":"","chaosValue":0.93,"exaltedValue":0.03,"divineValue":0.00,"count":43,"detailsId":"potent-alchemical-resonator","tradeInfo":[],"listingCount":5356},{"id":7635,"name":"Primitive Alchemical Resonator","icon":"https://web.poecdn.com/gen/image/WzI1LDE0LHsiZiI6IjJESXRlbXMvQ3VycmVuY3kvRGVsdmUvVXBncmFkZTF4MUEiLCJ3IjoxLCJoIjoxLCJzY2FsZSI6MX1d/bf5a71a635/Upgrade1x1A.png","baseType":"Primitive Alchemical Resonator","stackSize":10,"itemClass":5,"sparkline":{"data":[0,26.09,28.99,30.43,37.68,31.88,27.54],"totalChange":27.54},"lowConfidenceSparkline":{"data":[0,26.09,28.99,30.43,37.68,31.88,27.54],"totalChange":27.54},"implicitModifiers":[],"explicitModifiers":[],"flavourText":"","chaosValue":0.88,"exaltedValue":0.03,"divineValue":0.00,"count":89,"detailsId":"primitive-alchemical-resonator","tradeInfo":[],"listingCount":15455}]}