{"lines":[{"id":107341,"name":"Omen of Fortune","icon":"https://web.poecdn.com/gen/image/WzI1LDE0LHsiZiI6IjJESXRlbXMvQ3VycmVuY3kvQXptZXJpL1Zvb2Rvb09tZW5zMVB1cnBsZSIsInciOjEsImgiOjEsInNjYWxlIjoxfV0/68c64f2338/VoodooOmens1Purple.png","baseType":"Omen of Fortune","itemClass":5,"sparkline":{"data":[0,-0.40,-0.56,-0.63,-0.58,-0.86,-5.59],"totalChange":-5.59},"lowConfidenceSparkline":{"data":[0,-0.40,-0.56,-0.63,-0.58,-0.86,-5.59],"totalChange":-5.59},"implicitModifiers":[],"explicitModifiers":[{"text":"Will be Consumed when you use an Orb of Chance\non an item which can become Unique to ensure it does so","optional":false}],"flavourText":"","chaosValue":5295.55,"exaltedValue":182.54,"divineValue":19.20,"count":27,"detailsId":"omen-of-fortune","tradeInfo":[],"listingCount":292},{"id":106344,"name":"Omen of Brilliance","icon":"https://web.poecdn.com/gen/image/WzI1LDE0LHsiZiI6IjJESXRlbXMvQ3VycmVuY3kvQXptZXJpL1Zvb2Rvb09tZW5zNEJsdWUiLCJ3IjoxLCJoIjoxLCJzY2FsZSI6MX1d/3492df192d/VoodooOmens4Blue.png","baseType":"Omen of Brilliance","itemClass":5,"sparkline":{"data":[],"totalChange":0},"lowConfidenceSparkline":{"data":[0,-0.40,-0.56,-0.63,-0.58,-0.86,19.93],"totalChange":19.93},"implicitModifiers":[],"explicitModifiers":[{"text":"Will be Consumed when you level up\nto grant 100% increased Experience gained for 60 seconds","optional":false}],"flavourText":"","chaosValue":1379.05,"exaltedValue":47.54,"divineValue":5.00,"count":1,"detailsId":"omen-of-brilliance","tradeInfo":[],"listingCount":30},{"id":106797,"name":"Omen of Connections","icon":"https://web.poecdn.com/gen/image/WzI1LDE0LHsiZiI6IjJESXRlbXMvQ3VycmVuY3kvQXptZXJpL1Zvb2Rvb09tZW5zM1B1cnBsZSIsInciOjEsImgiOjEsInNjYWxlIjoxfV0/73a387466a/VoodooOmens3Purple.png","baseType":"Omen of Connections","itemClass":5,"sparkline":{"data":[0,-0.40,-4.56,-3.61,-3.60,-4.74,-2.64],"totalChange":-2.64},"lowConfidenceSparkline":{"data":[0,-0.40,-4.56,-3.61,-3.60,-4.74,-2.64],"totalChange":-2.64},"implicitModifiers":[],"explicitModifiers":[{"text":"Will be Consumed when you use an Orb of Fusing\non an item to ensure maximum Links","optional":false}],"flavourText":"","chaosValue":819.16,"exaltedValue":28.24,"divineValue":2.97,"count":21,"detailsId":"omen-of-connections","tradeInfo":[],"listingCount":138},{"id":106541,"name":"Omen of Death-dancing","icon":"https://web.poecdn.com/gen/image/WzI1LDE0LHsiZiI6IjJESXRlbXMvQ3VycmVuY3kvQXptZXJpL1Zvb2Rvb09tZW5zMVllbGxvdyIsInciOjEsImgiOjEsInNjYWxlIjoxfV0/186596afad/VoodooOmens1Yellow.png","baseType":"Omen of Death-dancing","itemClass":5,"sparkline":{"data":[0,0,0,690.66,532.19,531.33,null],"totalChange":531.33},"lowConfidenceSparkline":{"data":[0,0,0,690.66,532.19,531.33,1968.56],"totalChange":1968.56},"implicitModifiers":[],"explicitModifiers":[{"text":"Will be Consumed when you reach 25% of Life\nto grant 75% chance to Avoid Damage from Hits for 4 seconds","optional":false}],"flavourText":"","chaosValue":661.94,"exaltedValue":22.82,"divineValue":2.40,"count":4,"detailsId":"omen-of-death-dancing","tradeInfo":[],"listingCount":245},{"id":106833,"name":"Omen of Blanching","icon":"https://web.poecdn.com/gen/image/WzI1LDE0LHsiZiI6IjJESXRlbXMvQ3VycmVuY3kvQXptZXJpL1Zvb2Rvb09tZW5zNFB1cnBsZSIsInciOjEsImgiOjEsInNjYWxlIjoxfV0/e5f4838ca7/VoodooOmens4Purple.png","baseType":"Omen of Blanching","itemClass":5,"sparkline":{"data":[0,-1.26,-1.41,-1.16,28.29,116.42,114.49],"totalChange":114.49},"lowConfidenceSparkline":{"data":[0,-1.26,-1.41,-1.16,28.29,116.42,114.49],"totalChange":114.49},"implicitModifiers":[],"explicitModifiers":[{"text":"Will be Consumed when you use a Chromatic Orb\non an item to make 1-3 Sockets become White","optional":false}],"flavourText":"","chaosValue":606.78,"exaltedValue":20.92,"divineValue":2.20,"count":29,"detailsId":"omen-of-blanching","tradeInfo":[],"listingCount":316},{"id":106604,"name":"Omen of Amelioration","icon":"https://web.poecdn.com/gen/image/WzI1LDE0LHsiZiI6IjJESXRlbXMvQ3VycmVuY3kvQXptZXJpL1Zvb2Rvb09tZW5zMUJsdWUiLCJ3IjoxLCJoIjoxLCJzY2FsZSI6MX1d/2ef7acaf03/VoodooOmens1Blue.png","baseType":"Omen of Amelioration","itemClass":5,"sparkline":{"data":[0,0,49.72,74.51,99.33,74.37,382.66],"totalChange":382.66},"lowConfidenceSparkline":{"data":[0,0,49.72,74.51,99.33,74.37,382.66],"totalChange":382.66},"implicitModifiers":[],"explicitModifiers":[{"text":"Will be Consumed when you Die\nto prevent 75% of Experience loss","optional":false}],"flavourText":"","chaosValue":386.13,"exaltedValue":13.31,"divineValue":1.40,"count":38,"detailsId":"omen-of-amelioration","tradeInfo":[],"listingCount":476},{"id":106500,"name":"Omen of Acceleration","icon":"https://web.poecdn.com/gen/image/WzI1LDE0LHsiZiI6IjJESXRlbXMvQ3VycmVuY3kvQXptZXJpL1Zvb2Rvb09tZW5zMVllbGxvdyIsInciOjEsImgiOjEsInNjYWxlIjoxfV0/186596afad/VoodooOmens1Yellow.png","baseType":"Omen of Acceleration","itemClass":5,"sparkline":{"data":[],"totalChange":0},"lowConfidenceSparkline":{"data":[0,852.38,852.38,852.38,852.38,852.38,852.38],"totalChange":852.38},"implicitModifiers":[],"explicitModifiers":[{"text":"Will be Consumed when you level up\nto create an Acceleration Shrine","optional":false}],"flavourText":"","chaosValue":180.00,"exaltedValue":6.20,"divineValue":0.65,"count":2,"detailsId":"omen-of-acceleration","tradeInfo":[],"listingCount":57},{"id":106505,"name":"Omen of Death's Door","icon":"https://web.poecdn.com/gen/image/WzI1LDE0LHsiZiI6IjJESXRlbXMvQ3VycmVuY3kvQXptZXJpL1Zvb2Rvb09tZW5zNFllbGxvdyIsInciOjEsImgiOjEsInNjYWxlIjoxfV0/c65d1281e2/VoodooOmens4Yellow.png","baseType":"Omen of Death's Door","itemClass":5,"sparkline":{"data":[0,0,-3.55,-3.55,-6.38,null,null],"totalChange":-6.38},"lowConfidenceSparkline":{"data":[0,0,-3.55,-3.55,-6.38,1.42,1.42],"totalChange":1.42},"implicitModifiers":[],"explicitModifiers":[{"text":"Will be Consumed when you reach 25% of Life\nto grant Shade Form for 3 seconds","optional":false}],"flavourText":"","chaosValue":143.00,"exaltedValue":4.93,"divineValue":0.52,"count":4,"detailsId":"omen-of-deaths-door","tradeInfo":[],"listingCount":181},{"id":106575,"name":"Omen of Bequeathal","icon":"https://web.poecdn.com/gen/image/WzI1LDE0LHsiZiI6IjJESXRlbXMvQ3VycmVuY3kvQXptZXJpL1Zvb2Rvb09tZW5zMUJsdWUiLCJ3IjoxLCJoIjoxLCJzY2FsZSI6MX1d/2ef7acaf03/VoodooOmens1Blue.png","baseType":"Omen of Bequeathal","itemClass":5,"sparkline":{"data":[0,-5,-6.43,-6.43,-11.5,-11.5,-11.5],"totalChange":-11.5},"lowConfidenceSparkline":{"data":[0,-5,-6.43,-6.43,-11.5,-11.5,-11.5],"totalChange":-11.5},"implicitModifiers":[],"explicitModifiers":[{"text":"Will be Consumed when you Die\nto add 300% of lost Experience to Gems","optional":false}],"flavourText":"","chaosValue":123.90,"exaltedValue":4.27,"divineValue":0.45,"count":17,"detailsId":"omen-of-bequeathal","tradeInfo":[],"listingCount":346},{"id":106620,"name":"Omen of Adrenaline","icon":"https://web.poecdn.com/gen/image/WzI1LDE0LHsiZiI6IjJESXRlbXMvQ3VycmVuY3kvQXptZXJpL1Zvb2Rvb09tZW5zM1llbGxvdyIsInciOjEsImgiOjEsInNjYWxlIjoxfV0/f262a79371/VoodooOmens3Yellow.png","baseType":"Omen of Adrenaline","itemClass":5,"sparkline":{"data":[0,8.57,8.57,8.57,0,334.29,null],"totalChange":334.29},"lowConfidenceSparkline":{"data":[0,8.57,8.57,8.57,0,334.29,1579.71],"totalChange":1579.71},"implicitModifiers":[],"explicitModifiers":[{"text":"Will be Consumed when you reach 25% of Life\nto grant Adrenaline for 10 seconds","optional":false}],"flavourText":"","chaosValue":117.58,"exaltedValue":4.05,"divineValue":0.43,"count":3,"detailsId":"omen-of-adrenaline","tradeInfo":[],"listingCount":203},{"id":106479,"name":"Omen of Return","icon":"https://web.poecdn.com/gen/image/WzI1LDE0LHsiZiI6IjJESXRlbXMvQ3VycmVuY3kvQXptZXJpL1Zvb2Rvb09tZW5zMkJsdWUiLCJ3IjoxLCJoIjoxLCJzY2FsZSI6MX1d/67b6654753/VoodooOmens2Blue.png","baseType":"Omen of Return","itemClass":5,"sparkline":{"data":[],"totalChange":0},"lowConfidenceSparkline":{"data":[0,0,0,0,0,0,2],"totalChange":2},"implicitModifiers":[],"explicitModifiers":[{"text":"Will be Consumed when you Die\nto create a Portal to Town","optional":false}],"flavourText":"","chaosValue":102.00,"exaltedValue":3.52,"divineValue":0.37,"count":2,"detailsId":"omen-of-return","tradeInfo":[],"listingCount":43},{"id":106457,"name":"Omen of Revenge","icon":"https://web.poecdn.com/gen/image/WzI1LDE0LHsiZiI6IjJESXRlbXMvQ3VycmVuY3kvQXptZXJpL1Zvb2Rvb09tZW5zMUJsdWUiLCJ3IjoxLCJoIjoxLCJzY2FsZSI6MX1d/2ef7acaf03/VoodooOmens1Blue.png","baseType":"Omen of Revenge","itemClass":5,"sparkline":{"data":[0,-0.32,-53.91,-53.91,-61.27,null,null],"totalChange":-61.27},"lowConfidenceSparkline":{"data":[0,-0.32,-53.91,-53.91,-61.27,-2.37,32.01],"totalChange":32.01},"implicitModifiers":[],"explicitModifiers":[{"text":"Will be Consumed when you Die\nto make each nearby enemy permanently take 25% more Damage","optional":false}],"flavourText":"","chaosValue":82.48,"exaltedValue":2.84,"divineValue":0.30,"count":4,"detailsId":"omen-of-revenge","tradeInfo":[],"listingCount":227},{"id":106528,"name":"Omen of Refreshment","icon":"https://web.poecdn.com/gen/image/WzI1LDE0LHsiZiI6IjJESXRlbXMvQ3VycmVuY3kvQXptZXJpL1Zvb2Rvb09tZW5zMlllbGxvdyIsInciOjEsImgiOjEsInNjYWxlIjoxfV0/c1c1cc7c84/VoodooOmens2Yellow.png","baseType":"Omen of Refreshment","itemClass":5,"sparkline":{"data":[0,-9.38,-9.38,56.25,56.25,56.25,null],"totalChange":56.25},"lowConfidenceSparkline":{"data":[0,-9.38,-9.38,56.25,56.25,56.25,126.81],"totalChange":126.81},"implicitModifiers":[],"explicitModifiers":[{"text":"Will be Consumed when you reach 25% of Life\nto Refill all Flasks","optional":false}],"flavourText":"","chaosValue":72.58,"exaltedValue":2.50,"divineValue":0.26,"count":4,"detailsId":"omen-of-refreshment","tradeInfo":[],"listingCount":140},{"id":106404,"name":"Omen of the Soul Devourer","icon":"https://web.poecdn.com/gen/image/WzI1LDE0LHsiZiI6IjJESXRlbXMvQ3VycmVuY3kvQXptZXJpL1Zvb2Rvb09tZW5zM0JsdWUiLCJ3IjoxLCJoIjoxLCJzY2FsZSI6MX1d/c90fccd068/VoodooOmens3Blue.png","baseType":"Omen of the Soul Devourer","itemClass":5,"sparkline":{"data":[0,0,0,0,0,null,0],"totalChange":0},"lowConfidenceSparkline":{"data":[0,0,0,0,0,64.29,0],"totalChange":0},"implicitModifiers":[],"explicitModifiers":[{"text":"Will be Consumed when you level up\nto grant Soul Eater for 5 minutes","optional":false}],"flavourText":"","chaosValue":70.00,"exaltedValue":2.41,"divineValue":0.25,"count":5,"detailsId":"omen-of-the-soul-devourer","tradeInfo":[],"listingCount":69},{"id":106725,"name":"Omen of the Jeweller","icon":"https://web.poecdn.com/gen/image/WzI1LDE0LHsiZiI6IjJESXRlbXMvQ3VycmVuY3kvQXptZXJpL1Zvb2Rvb09tZW5zMlB1cnBsZSIsInciOjEsImgiOjEsInNjYWxlIjoxfV0/9033727556/VoodooOmens2Purple.png","baseType":"Omen of the Jeweller","itemClass":5,"sparkline":{"data":[0,-35.42,-35.42,-35.42,-35.42,-41.67,-41.67],"totalChange":-41.67},"lowConfidenceSparkline":{"data":[0,-35.42,-35.42,-35.42,-35.42,-41.67,-41.67],"totalChange":-41.67},"implicitModifiers":[],"explicitModifiers":[{"text":"Will be Consumed when you use a Jeweller's Orb\non an item to ensure maximum Sockets","optional":false}],"flavourText":"","chaosValue":28.00,"exaltedValue":0.97,"divineValue":0.10,"count":40,"detailsId":"omen-of-the-jeweller","tradeInfo":[],"listingCount":472}]}