{"lines":[{"id":39826,"name":"Vial of the Ghost","icon":"https://web.poecdn.com/gen/image/WzI1LDE0LHsiZiI6IjJESXRlbXMvQ3VycmVuY3kvVmlhbFNvdWxDYXRjaGVyIiwidyI6MSwiaCI6MSwic2NhbGUiOjF9XQ/41cbc9ed1d/VialSoulCatcher.png","baseType":"Vial of the Ghost","stackSize":10,"itemClass":5,"sparkline":{"data":[],"totalChange":0},"lowConfidenceSparkline":{"data":[0,-0.40,-0.55,-0.62,-0.57,-0.86,-1.65],"totalChange":-1.65},"implicitModifiers":[],"explicitModifiers":[],"flavourText":"With great tragedy and power,\nthe dead are netted in anguish.","chaosValue":1379.05,"exaltedValue":47.54,"divineValue":5.00,"count":1,"detailsId":"vial-of-the-ghost","tradeInfo":[],"listingCount":65},{"id":39823,"name":"Vial of Awakening","icon":"https://web.poecdn.com/gen/image/WzI1LDE0LHsiZiI6IjJESXRlbXMvQ3VycmVuY3kvVmlhbFNsdW1iZXIiLCJ3IjoxLCJoIjoxLCJzY2FsZSI6MX1d/153f99e185/VialSlumber.png","baseType":"Vial of Awakening","stackSize":10,"itemClass":5,"sparkline":{"data":[0,-0.42,2.69,-0.22,-0.35,-0.57,1.78],"totalChange":1.78},"lowConfidenceSparkline":{"data":[0,-0.42,2.69,-0.22,-0.35,-0.57,1.78],"totalChange":1.78},"implicitModifiers":[],"explicitModifiers":[],"flavourText":"The eyes of Apep flicker open and the Poisoned One stirs.","chaosValue":260.65,"exaltedValue":8.98,"divineValue":0.95,"count":9,"detailsId":"vial-of-awakening","tradeInfo":[],"listingCount":387},{"id":39819,"name":"Vial of Transcendence","icon":"https://web.poecdn.com/gen/image/WzI1LDE0LHsiZiI6IjJESXRlbXMvQ3VycmVuY3kvVmlhbFRlbXBlcmVkRmxlc2giLCJ3IjoxLCJoIjoxLCJzY2FsZSI6MX1d/ff6f1f931e/VialTemperedFlesh.png","baseType":"Vial of Transcendence","stackSize":10,"itemClass":5,"sparkline":{"data":[0,2.62,19.15,19.15,18.95,18.95,-1.80],"totalChange":-1.80},"lowConfidenceSparkline":{"data":[0,2.62,19.15,19.15,18.95,18.95,-1.80],"totalChange":-1.80},"implicitModifiers":[],"explicitModifiers":[],"flavourText":"It is not our flesh, our thoughts, or our soul that limits us;\nit is the distinction between them.","chaosValue":97.41,"exaltedValue":3.36,"divineValue":0.35,"count":41,"detailsId":"vial-of-transcendence","tradeInfo":[],"listingCount":2043},{"id":39818,"name":"Vial of Dominance","icon":"https://web.poecdn.com/gen/image/WzI1LDE0LHsiZiI6IjJESXRlbXMvQ3VycmVuY3kvVmlhbEFyY2hpdGVjdHNIYW5kIiwidyI6MSwiaCI6MSwic2NhbGUiOjF9XQ/dbe46fb20c/VialArchitectsHand.png","baseType":"Vial of Dominance","stackSize":10,"itemClass":5,"sparkline":{"data":[0,-19.35,-35.48,-19.35,-19.35,-19.35,-19.35],"totalChange":-19.35},"lowConfidenceSparkline":{"data":[0,-19.35,-35.48,-19.35,-19.35,-19.35,-19.35],"totalChange":-19.35},"implicitModifiers":[],"explicitModifiers":[],"flavourText":"Blood, slaves and stone.\nThe timeless edifice of Dominance.","chaosValue":50.00,"exaltedValue":1.72,"divineValue":0.18,"count":19,"detailsId":"vial-of-dominance","tradeInfo":[],"listingCount":964},{"id":39822,"name":"Vial of Consequence","icon":"https://web.poecdn.com/gen/image/WzI1LDE0LHsiZiI6IjJESXRlbXMvQ3VycmVuY3kvVmlhbENvd2FyZHNDaGFpbnMiLCJ3IjoxLCJoIjoxLCJzY2FsZSI6MX1d/49367d5e04/VialCowardsChains.png","baseType":"Vial of Consequence","stackSize":10,"itemClass":5,"sparkline":{"data":[0,-2.20,-4.64,-6.49,131.16,-11.25,-17.40],"totalChange":-17.40},"lowConfidenceSparkline":{"data":[0,-2.20,-4.64,-6.49,131.16,-11.25,-17.40],"totalChange":-17.40},"implicitModifiers":[],"explicitModifiers":[],"flavourText":"Your actions live but a moment;\ntheir repercussions never die.","chaosValue":46.81,"exaltedValue":1.61,"divineValue":0.17,"count":29,"detailsId":"vial-of-consequence","tradeInfo":[],"listingCount":1123},{"id":39824,"name":"Vial of Summoning","icon":"https://web.poecdn.com/gen/image/WzI1LDE0LHsiZiI6IjJESXRlbXMvQ3VycmVuY3kvVmlhbFNwaXJpdERyaW5rZXIiLCJ3IjoxLCJoIjoxLCJzY2FsZSI6MX1d/b4c71ef906/VialSpiritDrinker.png","baseType":"Vial of Summoning","stackSize":10,"itemClass":5,"sparkline":{"data":[0,6.38,6.38,-2.13,-4.26,-6.38,19.15],"totalChange":19.15},"lowConfidenceSparkline":{"data":[0,6.38,6.38,-2.13,-4.26,-6.38,19.15],"totalChange":19.15},"implicitModifiers":[],"explicitModifiers":[],"flavourText":"Call to place the demon gods of the past.","chaosValue":28.00,"exaltedValue":0.97,"divineValue":0.10,"count":24,"detailsId":"vial-of-summoning","tradeInfo":[],"listingCount":1473},{"id":39820,"name":"Vial of the Ritual","icon":"https://web.poecdn.com/gen/image/WzI1LDE0LHsiZiI6IjJESXRlbXMvQ3VycmVuY3kvVmlhbERhbmNlT2ZmZXJlZCIsInciOjEsImgiOjEsInNjYWxlIjoxfV0/a21fb783fd/VialDanceOffered.png","baseType":"Vial of the Ritual","stackSize":10,"itemClass":5,"sparkline":{"data":[0,17.95,12.82,10.26,5.13,0,-7.69],"totalChange":-7.69},"lowConfidenceSparkline":{"data":[0,17.95,12.82,10.26,5.13,0,-7.69],"totalChange":-7.69},"implicitModifiers":[],"explicitModifiers":[],"flavourText":"The ritual creates order. \nBoth in the minds of men and gods. \nThe ritual creates order.","chaosValue":3.60,"exaltedValue":0.12,"divineValue":0.01,"count":17,"detailsId":"vial-of-the-ritual","tradeInfo":[],"listingCount":1477},{"id":39821,"name":"Vial of Fate","icon":"https://web.poecdn.com/gen/image/WzI1LDE0LHsiZiI6IjJESXRlbXMvQ3VycmVuY3kvVmlhbFN0b3J5VmFhbCIsInciOjEsImgiOjEsInNjYWxlIjoxfV0/5cc747026e/VialStoryVaal.png","baseType":"Vial of Fate","stackSize":10,"itemClass":5,"sparkline":{"data":[0,0,0,0,0,0,0],"totalChange":0},"lowConfidenceSparkline":{"data":[0,0,0,0,0,0,0],"totalChange":0},"implicitModifiers":[],"explicitModifiers":[],"flavourText":"Ancient myths of flame, frost and thunder.\nWill we ever know the way forward?","chaosValue":3.00,"exaltedValue":0.10,"divineValue":0.01,"count":23,"detailsId":"vial-of-fate","tradeInfo":[],"listingCount":1436}]}