{"lines":[{"id":106802,"name":"Tattoo of the Ramako Makanga","icon":"https://web.poecdn.com/gen/image/WzI1LDE0LHsiZiI6IjJESXRlbXMvQ3VycmVuY3kvQW5jZXN0b3JzL1JhcmVEZXhUYXR0dG9vRXF1aXBtZW50IiwidyI6MSwiaCI6MSwic2NhbGUiOjF9XQ/a2e28f4b6c/RareDexTatttooEquipment.png","baseType":"Tattoo of the Ramako Makanga","stackSize":10,"itemClass":5,"sparkline":{"data":[0,0.13,0.11,0.20,2.16,1.42,1.13],"totalChange":1.13},"lowConfidenceSparkline":{"data":[0,0.13,0.11,0.20,2.16,1.42,1.13],"totalChange":1.13},"implicitModifiers":[],"explicitModifiers":[{"text":"Skills fire an additional Projectile","optional":false}],"flavourText":"","chaosValue":12392.14,"exaltedValue":427.17,"divineValue":44.93,"count":48,"detailsId":"tattoo-of-the-ramako-makanga","tradeInfo":[],"listingCount":397},{"id":107034,"name":"Tattoo of the Tawhoa Makanga","icon":"https://web.poecdn.com/gen/image/WzI1LDE0LHsiZiI6IjJESXRlbXMvQ3VycmVuY3kvQW5jZXN0b3JzL1JhcmVEZXhUYXR0dG9vRXF1aXBtZW50IiwidyI6MSwiaCI6MSwic2NhbGUiOjF9XQ/a2e28f4b6c/RareDexTatttooEquipment.png","baseType":"Tattoo of the Tawhoa Makanga","stackSize":10,"itemClass":5,"sparkline":{"data":[0,22.93,22.74,38.27,35.80,35.57,30.30],"totalChange":30.30},"lowConfidenceSparkline":{"data":[0,22.93,22.74,38.27,35.80,35.57,30.30],"totalChange":30.30},"implicitModifiers":[],"explicitModifiers":[{"text":"Flasks applied to you have 8% increased Effect","optional":false}],"flavourText":"","chaosValue":6040.24,"exaltedValue":208.21,"divineValue":21.90,"count":20,"detailsId":"tattoo-of-the-tawhoa-makanga","tradeInfo":[],"listingCount":165},{"id":107055,"name":"Tattoo of the Arohongui Makanga","icon":"https://web.poecdn.com/gen/image/WzI1LDE0LHsiZiI6IjJESXRlbXMvQ3VycmVuY3kvQW5jZXN0b3JzL1JhcmVEZXhUYXR0dG9vRXF1aXBtZW50IiwidyI6MSwiaCI6MSwic2NhbGUiOjF9XQ/a2e28f4b6c/RareDexTatttooEquipment.png","baseType":"Tattoo of the Arohongui Makanga","stackSize":10,"itemClass":5,"sparkline":{"data":[0,-1.50,9.18,14.88,16.62,17.49,18.81],"totalChange":18.81},"lowConfidenceSparkline":{"data":[0,-1.50,9.18,14.88,16.62,17.49,18.81],"totalChange":18.81},"implicitModifiers":[],"explicitModifiers":[{"text":"+1% to maximum Cold Resistance","optional":false}],"flavourText":"","chaosValue":5764.43,"exaltedValue":198.70,"divineValue":20.90,"count":14,"detailsId":"tattoo-of-the-arohongui-makanga","tradeInfo":[],"listingCount":175},{"id":106902,"name":"Tattoo of the Ngamahu Makanga","icon":"https://web.poecdn.com/gen/image/WzI1LDE0LHsiZiI6IjJESXRlbXMvQ3VycmVuY3kvQW5jZXN0b3JzL1JhcmVTdHJUYXR0dG9vRXF1aXBtZW50IiwidyI6MSwiaCI6MSwic2NhbGUiOjF9XQ/c7c5e8c4de/RareStrTatttooEquipment.png","baseType":"Tattoo of the Ngamahu Makanga","stackSize":10,"itemClass":5,"sparkline":{"data":[0,0.93,2.64,1.50,-6.51,-6.27,-11.05],"totalChange":-11.05},"lowConfidenceSparkline":{"data":[0,0.93,2.64,1.50,-6.51,-6.27,-11.05],"totalChange":-11.05},"implicitModifiers":[],"explicitModifiers":[{"text":"+1% to maximum Fire Resistance","optional":false}],"flavourText":"","chaosValue":4688.77,"exaltedValue":161.63,"divineValue":17.00,"count":18,"detailsId":"tattoo-of-the-ngamahu-makanga","tradeInfo":[],"listingCount":129},{"id":108016,"name":"Journey Tattoo of Makanui","icon":"https://web.poecdn.com/gen/image/WzI1LDE0LHsiZiI6IjJESXRlbXMvQ3VycmVuY3kvQW5jZXN0b3JzL1VuaXF1ZTRUYXR0dG9vRXF1aXBtZW50IiwidyI6MSwiaCI6MSwic2NhbGUiOjF9XQ/6e8c1bd4e6/Unique4TatttooEquipment.png","baseType":"Journey Tattoo of Makanui","stackSize":10,"itemClass":5,"sparkline":{"data":[0,2.82,2.43,4.63,5.78,5.64,4.79],"totalChange":4.79},"lowConfidenceSparkline":{"data":[0,2.82,2.43,4.63,5.78,5.64,4.79],"totalChange":4.79},"implicitModifiers":[],"explicitModifiers":[{"text":"Grants a random Keystone","optional":false}],"flavourText":"","chaosValue":4137.15,"exaltedValue":142.61,"divineValue":15.00,"count":61,"detailsId":"journey-tattoo-of-makanui","tradeInfo":[],"listingCount":497},{"id":106499,"name":"Honoured Tattoo of the Flock","icon":"https://web.poecdn.com/gen/image/WzI1LDE0LHsiZiI6IjJESXRlbXMvQ3VycmVuY3kvQW5jZXN0b3JzL0hpbmVrb3JhQ29tbW9uVGF0dHRvb0VxdWlwbWVudCIsInciOjEsImgiOjEsInNjYWxlIjoxfV0/80dfeda101/HinekoraCommonTatttooEquipment.png","baseType":"Honoured Tattoo of the Flock","stackSize":10,"itemClass":5,"sparkline":{"data":[0,-0.40,-0.56,-0.63,-0.58,-0.86,-1.66],"totalChange":-1.66},"lowConfidenceSparkline":{"data":[0,-0.40,-0.56,-0.63,-0.58,-0.86,-1.66],"totalChange":-1.66},"implicitModifiers":[],"explicitModifiers":[{"text":"1% increased effect of Non-Curse Auras from your Skills","optional":false}],"flavourText":"","chaosValue":2482.29,"exaltedValue":85.57,"divineValue":9.00,"count":67,"detailsId":"honoured-tattoo-of-the-flock","tradeInfo":[],"listingCount":468},{"id":106493,"name":"Honoured Tattoo of the Hatungo","icon":"https://web.poecdn.com/gen/image/WzI1LDE0LHsiZiI6IjJESXRlbXMvQ3VycmVuY3kvQW5jZXN0b3JzL0hpbmVrb3JhQ29tbW9uVGF0dHRvb0VxdWlwbWVudCIsInciOjEsImgiOjEsInNjYWxlIjoxfV0/80dfeda101/HinekoraCommonTatttooEquipment.png","baseType":"Honoured Tattoo of the Hatungo","stackSize":10,"itemClass":5,"sparkline":{"data":[0,-0.43,-0.59,-0.66,-0.61,-1.32,-1.69],"totalChange":-1.69},"lowConfidenceSparkline":{"data":[0,-0.43,-0.59,-0.66,-0.61,-1.32,-1.69],"totalChange":-1.69},"implicitModifiers":[],"explicitModifiers":[{"text":"1% increased Reservation Efficiency of Skills","optional":false}],"flavourText":"","chaosValue":2206.48,"exaltedValue":76.06,"divineValue":8.00,"count":58,"detailsId":"honoured-tattoo-of-the-hatungo","tradeInfo":[],"listingCount":426},{"id":106866,"name":"Tattoo of the Kitava Makanga","icon":"https://web.poecdn.com/gen/image/WzI1LDE0LHsiZiI6IjJESXRlbXMvQ3VycmVuY3kvQW5jZXN0b3JzL1JhcmVTdHJUYXR0dG9vRXF1aXBtZW50IiwidyI6MSwiaCI6MSwic2NhbGUiOjF9XQ/c7c5e8c4de/RareStrTatttooEquipment.png","baseType":"Tattoo of the Kitava Makanga","stackSize":10,"itemClass":5,"sparkline":{"data":[0,-34.55,-30.82,-39.03,-39.07,-2.28,-2.78],"totalChange":-2.78},"lowConfidenceSparkline":{"data":[0,-34.55,-30.82,-39.03,-39.07,-2.28,-2.78],"totalChange":-2.78},"implicitModifiers":[],"explicitModifiers":[{"text":"80% increased Maximum total Life Recovery per second from Leech","optional":false}],"flavourText":"","chaosValue":1908.61,"exaltedValue":65.79,"divineValue":6.92,"count":13,"detailsId":"tattoo-of-the-kitava-makanga","tradeInfo":[],"listingCount":123},{"id":106859,"name":"Honoured Tattoo of the Wise","icon":"https://web.poecdn.com/gen/image/WzI1LDE0LHsiZiI6IjJESXRlbXMvQ3VycmVuY3kvQW5jZXN0b3JzL0hpbmVrb3JhUmFyZUludFRhdHR0b29FcXVpcG1lbnQiLCJ3IjoxLCJoIjoxLCJzY2FsZSI6MX1d/77b2de82f9/HinekoraRareIntTatttooEquipment.png","baseType":"Honoured Tattoo of the Wise","stackSize":10,"itemClass":5,"sparkline":{"data":[0,-0.76,0.03,-0.23,-0.54,3.31,0.17],"totalChange":0.17},"lowConfidenceSparkline":{"data":[0,-0.76,0.03,-0.23,-0.54,3.31,0.17],"totalChange":0.17},"implicitModifiers":[],"explicitModifiers":[{"text":"+1 to Level of all Intelligence Skill Gems","optional":false}],"flavourText":"","chaosValue":1847.93,"exaltedValue":63.70,"divineValue":6.70,"count":28,"detailsId":"honoured-tattoo-of-the-wise","tradeInfo":[],"listingCount":329},{"id":106369,"name":"Tattoo of the Ramako Shaman","icon":"https://web.poecdn.com/gen/image/WzI1LDE0LHsiZiI6IjJESXRlbXMvQ3VycmVuY3kvQW5jZXN0b3JzL0NvbW1vbkRleFRhdHR0b29FcXVpcG1lbnQiLCJ3IjoxLCJoIjoxLCJzY2FsZSI6MX1d/b80711f45f/CommonDexTatttooEquipment.png","baseType":"Tattoo of the Ramako Shaman","stackSize":10,"itemClass":5,"sparkline":{"data":[0,19.24,24.53,25.49,69.20,73.25,62.62],"totalChange":62.62},"lowConfidenceSparkline":{"data":[0,19.24,24.53,25.49,69.20,73.25,62.62],"totalChange":62.62},"implicitModifiers":[],"explicitModifiers":[{"text":"+2% chance to Suppress Spell Damage","optional":false}],"flavourText":"","chaosValue":1420.42,"exaltedValue":48.96,"divineValue":5.15,"count":31,"detailsId":"tattoo-of-the-ramako-shaman","tradeInfo":[],"listingCount":256},{"id":106843,"name":"Tattoo of the Tasalio Makanga","icon":"https://web.poecdn.com/gen/image/WzI1LDE0LHsiZiI6IjJESXRlbXMvQ3VycmVuY3kvQW5jZXN0b3JzL1JhcmVJbnRUYXR0dG9vRXF1aXBtZW50IiwidyI6MSwiaCI6MSwic2NhbGUiOjF9XQ/b43cc22fc6/RareIntTatttooEquipment.png","baseType":"Tattoo of the Tasalio Makanga","stackSize":10,"itemClass":5,"sparkline":{"data":[0,-0.40,-0.55,-0.63,-0.58,-0.86,-1.66],"totalChange":-1.66},"lowConfidenceSparkline":{"data":[0,-0.40,-0.55,-0.63,-0.58,-0.86,-1.66],"totalChange":-1.66},"implicitModifiers":[],"explicitModifiers":[{"text":"8% increased Cooldown Recovery Rate","optional":false}],"flavourText":"","chaosValue":1379.05,"exaltedValue":47.54,"divineValue":5.00,"count":17,"detailsId":"tattoo-of-the-tasalio-makanga","tradeInfo":[],"listingCount":199},{"id":106889,"name":"Tattoo of the Valako Makanga","icon":"https://web.poecdn.com/gen/image/WzI1LDE0LHsiZiI6IjJESXRlbXMvQ3VycmVuY3kvQW5jZXN0b3JzL1JhcmVJbnRUYXR0dG9vRXF1aXBtZW50IiwidyI6MSwiaCI6MSwic2NhbGUiOjF9XQ/b43cc22fc6/RareIntTatttooEquipment.png","baseType":"Tattoo of the Valako Makanga","stackSize":10,"itemClass":5,"sparkline":{"data":[0,-2.95,-2.54,-2.62,-3.37,-4.41,-11.88],"totalChange":-11.88},"lowConfidenceSparkline":{"data":[0,-2.95,-2.54,-2.62,-3.37,-4.41,-11.88],"totalChange":-11.88},"implicitModifiers":[],"explicitModifiers":[{"text":"+1% to maximum Lightning Resistance","optional":false}],"flavourText":"","chaosValue":1235.63,"exaltedValue":42.59,"divineValue":4.48,"count":17,"detailsId":"tattoo-of-the-valako-makanga","tradeInfo":[],"listingCount":151},{"id":106317,"name":"Tattoo of the Tasalio Scout","icon":"https://web.poecdn.com/gen/image/WzI1LDE0LHsiZiI6IjJESXRlbXMvQ3VycmVuY3kvQW5jZXN0b3JzL0NvbW1vbkRleFRhdHR0b29FcXVpcG1lbnQiLCJ3IjoxLCJoIjoxLCJzY2FsZSI6MX1d/b80711f45f/CommonDexTatttooEquipment.png","baseType":"Tattoo of the Tasalio Scout","stackSize":10,"itemClass":5,"sparkline":{"data":[0,-15.91,-13.83,-9.18,-11.22,-11.90,-12.61],"totalChange":-12.61},"lowConfidenceSparkline":{"data":[0,-15.91,-13.83,-9.18,-11.22,-11.90,-12.61],"totalChange":-12.61},"implicitModifiers":[],"explicitModifiers":[{"text":"5% increased Effect of your Marks","optional":false}],"flavourText":"","chaosValue":1103.24,"exaltedValue":38.03,"divineValue":4.00,"count":33,"detailsId":"tattoo-of-the-tasalio-scout","tradeInfo":[],"listingCount":337},{"id":106356,"name":"Honoured Tattoo of the Oak","icon":"https://web.poecdn.com/gen/image/WzI1LDE0LHsiZiI6IjJESXRlbXMvQ3VycmVuY3kvQW5jZXN0b3JzL0hpbmVrb3JhQ29tbW9uVGF0dHRvb0VxdWlwbWVudCIsInciOjEsImgiOjEsInNjYWxlIjoxfV0/80dfeda101/HinekoraCommonTatttooEquipment.png","baseType":"Honoured Tattoo of the Oak","stackSize":10,"itemClass":5,"sparkline":{"data":[0,-0.19,6.63,6.72,6.87,6.56,5.71],"totalChange":5.71},"lowConfidenceSparkline":{"data":[0,-0.19,6.63,6.72,6.87,6.56,5.71],"totalChange":5.71},"implicitModifiers":[],"explicitModifiers":[{"text":"2% increased maximum Life","optional":false}],"flavourText":"","chaosValue":1103.24,"exaltedValue":38.03,"divineValue":4.00,"count":42,"detailsId":"honoured-tattoo-of-the-oak","tradeInfo":[],"listingCount":444},{"id":107285,"name":"Honoured Tattoo of the Storm","icon":"https://web.poecdn.com/gen/image/WzI1LDE0LHsiZiI6IjJESXRlbXMvQ3VycmVuY3kvQW5jZXN0b3JzL0hpbmVrb3JhUmFyZUludFRhdHR0b29FcXVpcG1lbnQiLCJ3IjoxLCJoIjoxLCJzY2FsZSI6MX1d/77b2de82f9/HinekoraRareIntTatttooEquipment.png","baseType":"Honoured Tattoo of the Storm","stackSize":10,"itemClass":5,"sparkline":{"data":[0,-0.40,-0.56,-0.63,-0.58,-0.86,-1.66],"totalChange":-1.66},"lowConfidenceSparkline":{"data":[0,-0.40,-0.56,-0.63,-0.58,-0.86,-1.66],"totalChange":-1.66},"implicitModifiers":[],"explicitModifiers":[{"text":"+1% to maximum Lightning Resistance","optional":false},{"text":"+1 to Maximum Power Charges","optional":false}],"flavourText":"","chaosValue":1103.24,"exaltedValue":38.03,"divineValue":4.00,"count":28,"detailsId":"honoured-tattoo-of-the-storm","tradeInfo":[],"listingCount":303},{"id":106523,"name":"Loyalty Tattoo of Rakiata","icon":"https://web.poecdn.com/gen/image/WzI1LDE0LHsiZiI6IjJESXRlbXMvQ3VycmVuY3kvQW5jZXN0b3JzL1JhcmVEZXhUYXR0dG9vRXF1aXBtZW50IiwidyI6MSwiaCI6MSwic2NhbGUiOjF9XQ/a2e28f4b6c/RareDexTatttooEquipment.png","baseType":"Loyalty Tattoo of Rakiata","stackSize":10,"itemClass":5,"sparkline":{"data":[0,-0.35,-2.98,-3.04,-24.53,-18.18,-18.45],"totalChange":-18.45},"lowConfidenceSparkline":{"data":[0,-0.35,-2.98,-3.04,-24.53,-18.18,-18.45],"totalChange":-18.45},"implicitModifiers":[],"explicitModifiers":[{"text":"Trigger Summon Spirit of Rakiata Skill on Critical Strike against Marked Unique Enemy","optional":false}],"flavourText":"","chaosValue":937.75,"exaltedValue":32.33,"divineValue":3.40,"count":21,"detailsId":"loyalty-tattoo-of-rakiata","tradeInfo":[],"listingCount":186},{"id":106547,"name":"Loyalty Tattoo of Kahuturoa","icon":"https://web.poecdn.com/gen/image/WzI1LDE0LHsiZiI6IjJESXRlbXMvQ3VycmVuY3kvQW5jZXN0b3JzL1JhcmVTdHJUYXR0dG9vRXF1aXBtZW50IiwidyI6MSwiaCI6MSwic2NhbGUiOjF9XQ/c7c5e8c4de/RareStrTatttooEquipment.png","baseType":"Loyalty Tattoo of Kahuturoa","stackSize":10,"itemClass":5,"sparkline":{"data":[0,2.83,6.23,8.41,132.51,108.67,null],"totalChange":108.67},"lowConfidenceSparkline":{"data":[0,2.83,6.23,8.41,132.51,108.67,260.97],"totalChange":260.97},"implicitModifiers":[],"explicitModifiers":[{"text":"Trigger Summon Spirit of Kahuturoa Skill when you take\na Critical Strike from a Unique Enemy","optional":false}],"flavourText":"","chaosValue":890.87,"exaltedValue":30.71,"divineValue":3.23,"count":4,"detailsId":"loyalty-tattoo-of-kahuturoa","tradeInfo":[],"listingCount":129},{"id":106891,"name":"Honoured Tattoo of the Hunter","icon":"https://web.poecdn.com/gen/image/WzI1LDE0LHsiZiI6IjJESXRlbXMvQ3VycmVuY3kvQW5jZXN0b3JzL0hpbmVrb3JhUmFyZURleFRhdHR0b29FcXVpcG1lbnQiLCJ3IjoxLCJoIjoxLCJzY2FsZSI6MX1d/ab06601d49/HinekoraRareDexTatttooEquipment.png","baseType":"Honoured Tattoo of the Hunter","stackSize":10,"itemClass":5,"sparkline":{"data":[0,-2.03,-2.18,-0.75,4.25,4.23,3.40],"totalChange":3.40},"lowConfidenceSparkline":{"data":[0,-2.03,-2.18,-0.75,4.25,4.23,3.40],"totalChange":3.40},"implicitModifiers":[],"explicitModifiers":[{"text":"+1 to Level of all Dexterity Skill Gems","optional":false}],"flavourText":"","chaosValue":827.43,"exaltedValue":28.52,"divineValue":3.00,"count":26,"detailsId":"honoured-tattoo-of-the-hunter","tradeInfo":[],"listingCount":393},{"id":107100,"name":"Tattoo of the Hinekora Makanga","icon":"https://web.poecdn.com/gen/image/WzI1LDE0LHsiZiI6IjJESXRlbXMvQ3VycmVuY3kvQW5jZXN0b3JzL1JhcmVJbnRUYXR0dG9vRXF1aXBtZW50IiwidyI6MSwiaCI6MSwic2NhbGUiOjF9XQ/b43cc22fc6/RareIntTatttooEquipment.png","baseType":"Tattoo of the Hinekora Makanga","stackSize":10,"itemClass":5,"sparkline":{"data":[0,-0.34,-0.55,19.25,19.31,18.97,18.01],"totalChange":18.01},"lowConfidenceSparkline":{"data":[0,-0.34,-0.55,19.25,19.31,18.97,18.01],"totalChange":18.01},"implicitModifiers":[],"explicitModifiers":[{"text":"8% increased Effect of your Curses","optional":false}],"flavourText":"","chaosValue":827.43,"exaltedValue":28.52,"divineValue":3.00,"count":13,"detailsId":"tattoo-of-the-hinekora-makanga","tradeInfo":[],"listingCount":178},{"id":107236,"name":"Honoured Tattoo of the Barbarian","icon":"https://web.poecdn.com/gen/image/WzI1LDE0LHsiZiI6IjJESXRlbXMvQ3VycmVuY3kvQW5jZXN0b3JzL0hpbmVrb3JhUmFyZURleFRhdHR0b29FcXVpcG1lbnQiLCJ3IjoxLCJoIjoxLCJzY2FsZSI6MX1d/ab06601d49/HinekoraRareDexTatttooEquipment.png","baseType":"Honoured Tattoo of the Barbarian","stackSize":10,"itemClass":5,"sparkline":{"data":[0,-2.78,-14.58,-1.19,16.41,15.44,15.19],"totalChange":15.19},"lowConfidenceSparkline":{"data":[0,-2.78,-14.58,-1.19,16.41,15.44,15.19],"totalChange":15.19},"implicitModifiers":[],"explicitModifiers":[{"text":"+1% to maximum Cold Resistance","optional":false},{"text":"+1 to Maximum Frenzy Charges","optional":false}],"flavourText":"","chaosValue":827.43,"exaltedValue":28.52,"divineValue":3.00,"count":27,"detailsId":"honoured-tattoo-of-the-barbarian","tradeInfo":[],"listingCount":333},{"id":107094,"name":"Honoured Tattoo of the Berserker","icon":"https://web.poecdn.com/gen/image/WzI1LDE0LHsiZiI6IjJESXRlbXMvQ3VycmVuY3kvQW5jZXN0b3JzL0hpbmVrb3JhUmFyZURleFRhdHR0b29FcXVpcG1lbnQiLCJ3IjoxLCJoIjoxLCJzY2FsZSI6MX1d/ab06601d49/HinekoraRareDexTatttooEquipment.png","baseType":"Honoured Tattoo of the Berserker","stackSize":10,"itemClass":5,"sparkline":{"data":[0,-0.35,2.81,2.80,2.83,1.87,0.38],"totalChange":0.38},"lowConfidenceSparkline":{"data":[0,-0.35,2.81,2.80,2.83,1.87,0.38],"totalChange":0.38},"implicitModifiers":[],"explicitModifiers":[{"text":"You gain Onslaught for 4 seconds on Hit","optional":false}],"flavourText":"","chaosValue":816.40,"exaltedValue":28.14,"divineValue":2.96,"count":17,"detailsId":"honoured-tattoo-of-the-berserker","tradeInfo":[],"listingCount":314},{"id":107173,"name":"Honoured Tattoo of the Pa","icon":"https://web.poecdn.com/gen/image/WzI1LDE0LHsiZiI6IjJESXRlbXMvQ3VycmVuY3kvQW5jZXN0b3JzL0hpbmVrb3JhUmFyZVN0clRhdHR0b29FcXVpcG1lbnQiLCJ3IjoxLCJoIjoxLCJzY2FsZSI6MX1d/21ddcb435d/HinekoraRareStrTatttooEquipment.png","baseType":"Honoured Tattoo of the Pa","stackSize":10,"itemClass":5,"sparkline":{"data":[0,-3.08,-3.23,-3.30,-3.27,-3.53,-4.30],"totalChange":-4.30},"lowConfidenceSparkline":{"data":[0,-3.08,-3.23,-3.30,-3.27,-3.53,-4.30],"totalChange":-4.30},"implicitModifiers":[],"explicitModifiers":[{"text":"Melee Hits Fortify","optional":false}],"flavourText":"","chaosValue":799.85,"exaltedValue":27.57,"divineValue":2.90,"count":25,"detailsId":"honoured-tattoo-of-the-pa","tradeInfo":[],"listingCount":270},{"id":107016,"name":"Honoured Tattoo of the Warlord","icon":"https://web.poecdn.com/gen/image/WzI1LDE0LHsiZiI6IjJESXRlbXMvQ3VycmVuY3kvQW5jZXN0b3JzL0hpbmVrb3JhUmFyZVN0clRhdHR0b29FcXVpcG1lbnQiLCJ3IjoxLCJoIjoxLCJzY2FsZSI6MX1d/21ddcb435d/HinekoraRareStrTatttooEquipment.png","baseType":"Honoured Tattoo of the Warlord","stackSize":10,"itemClass":5,"sparkline":{"data":[0,-9.96,-10.15,-10.18,0.42,-0.59,-3.00],"totalChange":-3.00},"lowConfidenceSparkline":{"data":[0,-9.96,-10.15,-10.18,0.42,-0.59,-3.00],"totalChange":-3.00},"implicitModifiers":[],"explicitModifiers":[{"text":"+1 to Level of all Strength Skill Gems","optional":false}],"flavourText":"","chaosValue":788.82,"exaltedValue":27.19,"divineValue":2.86,"count":34,"detailsId":"honoured-tattoo-of-the-warlord","tradeInfo":[],"listingCount":388},{"id":106383,"name":"Tattoo of the Ramako Fleetfoot","icon":"https://web.poecdn.com/gen/image/WzI1LDE0LHsiZiI6IjJESXRlbXMvQ3VycmVuY3kvQW5jZXN0b3JzL0NvbW1vbkRleFRhdHR0b29FcXVpcG1lbnQiLCJ3IjoxLCJoIjoxLCJzY2FsZSI6MX1d/b80711f45f/CommonDexTatttooEquipment.png","baseType":"Tattoo of the Ramako Fleetfoot","stackSize":10,"itemClass":5,"sparkline":{"data":[0,-0.34,-0.22,0.03,-0.18,-0.07,-6.97],"totalChange":-6.97},"lowConfidenceSparkline":{"data":[0,-0.34,-0.22,0.03,-0.18,-0.07,-6.97],"totalChange":-6.97},"implicitModifiers":[],"explicitModifiers":[{"text":"2% increased Movement Speed","optional":false}],"flavourText":"","chaosValue":772.27,"exaltedValue":26.62,"divineValue":2.80,"count":35,"detailsId":"tattoo-of-the-ramako-fleetfoot","tradeInfo":[],"listingCount":290},{"id":106883,"name":"Tattoo of the Rongokurai Makanga","icon":"https://web.poecdn.com/gen/image/WzI1LDE0LHsiZiI6IjJESXRlbXMvQ3VycmVuY3kvQW5jZXN0b3JzL1JhcmVTdHJUYXR0dG9vRXF1aXBtZW50IiwidyI6MSwiaCI6MSwic2NhbGUiOjF9XQ/c7c5e8c4de/RareStrTatttooEquipment.png","baseType":"Tattoo of the Rongokurai Makanga","stackSize":10,"itemClass":5,"sparkline":{"data":[0,-8.70,-0.55,7.87,28.29,15.66,4.90],"totalChange":4.90},"lowConfidenceSparkline":{"data":[0,-8.70,-0.55,7.87,28.29,15.66,4.90],"totalChange":4.90},"implicitModifiers":[],"explicitModifiers":[{"text":"8% chance to Defend with 200% of Armour","optional":false}],"flavourText":"","chaosValue":706.07,"exaltedValue":24.34,"divineValue":2.56,"count":5,"detailsId":"tattoo-of-the-rongokurai-makanga","tradeInfo":[],"listingCount":110},{"id":106417,"name":"Tattoo of the Rongokurai Turtle","icon":"https://web.poecdn.com/gen/image/WzI1LDE0LHsiZiI6IjJESXRlbXMvQ3VycmVuY3kvQW5jZXN0b3JzL0NvbW1vbkludFRhdHR0b29FcXVpcG1lbnQiLCJ3IjoxLCJoIjoxLCJzY2FsZSI6MX1d/bae0258602/CommonIntTatttooEquipment.png","baseType":"Tattoo of the Rongokurai Turtle","stackSize":10,"itemClass":5,"sparkline":{"data":[0,-0.40,-0.56,-0.30,15.34,74.53,103.24],"totalChange":103.24},"lowConfidenceSparkline":{"data":[0,-0.40,-0.56,-0.30,15.34,74.53,103.24],"totalChange":103.24},"implicitModifiers":[],"explicitModifiers":[{"text":"You take 10% reduced Extra Damage from Critical Strikes","optional":false}],"flavourText":"","chaosValue":570.01,"exaltedValue":19.65,"divineValue":2.07,"count":14,"detailsId":"tattoo-of-the-rongokurai-turtle","tradeInfo":[],"listingCount":236},{"id":106373,"name":"Tattoo of the Tawhoa Herbalist","icon":"https://web.poecdn.com/gen/image/WzI1LDE0LHsiZiI6IjJESXRlbXMvQ3VycmVuY3kvQW5jZXN0b3JzL0NvbW1vbkRleFRhdHR0b29FcXVpcG1lbnQiLCJ3IjoxLCJoIjoxLCJzY2FsZSI6MX1d/b80711f45f/CommonDexTatttooEquipment.png","baseType":"Tattoo of the Tawhoa Herbalist","stackSize":10,"itemClass":5,"sparkline":{"data":[0,-0.40,-0.56,-0.63,-0.58,-0.75,0.80],"totalChange":0.80},"lowConfidenceSparkline":{"data":[0,-0.40,-0.56,-0.63,-0.58,-0.75,0.80],"totalChange":0.80},"implicitModifiers":[],"explicitModifiers":[{"text":"6% increased Flask Effect Duration","optional":false}],"flavourText":"","chaosValue":565.41,"exaltedValue":19.49,"divineValue":2.05,"count":58,"detailsId":"tattoo-of-the-tawhoa-herbalist","tradeInfo":[],"listingCount":392},{"id":106236,"name":"Tattoo of the Ramako Sniper","icon":"https://web.poecdn.com/gen/image/WzI1LDE0LHsiZiI6IjJESXRlbXMvQ3VycmVuY3kvQW5jZXN0b3JzL0NvbW1vbkRleFRhdHR0b29FcXVpcG1lbnQiLCJ3IjoxLCJoIjoxLCJzY2FsZSI6MX1d/b80711f45f/CommonDexTatttooEquipment.png","baseType":"Tattoo of the Ramako Sniper","stackSize":10,"itemClass":5,"sparkline":{"data":[0,-0.34,34.93,41.96,42.04,41.63,40.49],"totalChange":40.49},"lowConfidenceSparkline":{"data":[0,-0.34,34.93,41.96,42.04,41.63,40.49],"totalChange":40.49},"implicitModifiers":[],"explicitModifiers":[{"text":"8% increased Projectile Speed","optional":false}],"flavourText":"","chaosValue":551.62,"exaltedValue":19.01,"divineValue":2.00,"count":141,"detailsId":"tattoo-of-the-ramako-sniper","tradeInfo":[],"listingCount":619},{"id":107053,"name":"Tattoo of the Tukohama Makanga","icon":"https://web.poecdn.com/gen/image/WzI1LDE0LHsiZiI6IjJESXRlbXMvQ3VycmVuY3kvQW5jZXN0b3JzL1JhcmVTdHJUYXR0dG9vRXF1aXBtZW50IiwidyI6MSwiaCI6MSwic2NhbGUiOjF9XQ/c7c5e8c4de/RareStrTatttooEquipment.png","baseType":"Tattoo of the Tukohama Makanga","stackSize":10,"itemClass":5,"sparkline":{"data":[0,-0.40,-0.56,-0.63,-0.58,-0.86,-1.66],"totalChange":-1.66},"lowConfidenceSparkline":{"data":[0,-0.40,-0.56,-0.63,-0.58,-0.86,-1.66],"totalChange":-1.66},"implicitModifiers":[],"explicitModifiers":[{"text":"16% increased Life Regeneration rate","optional":false}],"flavourText":"","chaosValue":551.62,"exaltedValue":19.01,"divineValue":2.00,"count":17,"detailsId":"tattoo-of-the-tukohama-makanga","tradeInfo":[],"listingCount":175},{"id":107294,"name":"Honoured Tattoo of the Mountain","icon":"https://web.poecdn.com/gen/image/WzI1LDE0LHsiZiI6IjJESXRlbXMvQ3VycmVuY3kvQW5jZXN0b3JzL0hpbmVrb3JhUmFyZVN0clRhdHR0b29FcXVpcG1lbnQiLCJ3IjoxLCJoIjoxLCJzY2FsZSI6MX1d/21ddcb435d/HinekoraRareStrTatttooEquipment.png","baseType":"Honoured Tattoo of the Mountain","stackSize":10,"itemClass":5,"sparkline":{"data":[0,-0.15,4.68,4.61,4.66,4.36,3.52],"totalChange":3.52},"lowConfidenceSparkline":{"data":[0,-0.15,4.68,4.61,4.66,4.36,3.52],"totalChange":3.52},"implicitModifiers":[],"explicitModifiers":[{"text":"+1% to maximum Fire Resistance","optional":false},{"text":"+1 to Maximum Endurance Charges","optional":false}],"flavourText":"","chaosValue":551.62,"exaltedValue":19.01,"divineValue":2.00,"count":33,"detailsId":"honoured-tattoo-of-the-mountain","tradeInfo":[],"listingCount":338},{"id":108019,"name":"Honoured Tattoo of the Makanga","icon":"https://web.poecdn.com/gen/image/WzI1LDE0LHsiZiI6IjJESXRlbXMvQ3VycmVuY3kvQW5jZXN0b3JzL1VuaXF1ZTJUYXR0dG9vRXF1aXBtZW50IiwidyI6MSwiaCI6MSwic2NhbGUiOjF9XQ/180024f962/Unique2TatttooEquipment.png","baseType":"Honoured Tattoo of the Makanga","stackSize":10,"itemClass":5,"sparkline":{"data":[0,-0.37,-0.53,17.25,20.35,16.73,19.23],"totalChange":19.23},"lowConfidenceSparkline":{"data":[0,-0.37,-0.53,17.25,20.35,16.73,19.23],"totalChange":19.23},"implicitModifiers":[],"explicitModifiers":[{"text":"+2% to all maximum Resistances","optional":false}],"flavourText":"","chaosValue":551.62,"exaltedValue":19.01,"divineValue":2.00,"count":35,"detailsId":"honoured-tattoo-of-the-makanga","tradeInfo":[],"listingCount":299},{"id":108021,"name":"Journey Tattoo of the Mind","icon":"https://web.poecdn.com/gen/image/WzI1LDE0LHsiZiI6IjJESXRlbXMvQ3VycmVuY3kvQW5jZXN0b3JzL1VuaXF1ZTNUYXR0dG9vRXF1aXBtZW50IiwidyI6MSwiaCI6MSwic2NhbGUiOjF9XQ/b9554ff666/Unique3TatttooEquipment.png","baseType":"Journey Tattoo of the Mind","stackSize":10,"itemClass":5,"sparkline":{"data":[0,-0.40,-0.55,29.32,29.12,9.18,-1.66],"totalChange":-1.66},"lowConfidenceSparkline":{"data":[0,-0.40,-0.55,29.32,29.12,9.18,-1.66],"totalChange":-1.66},"implicitModifiers":[],"explicitModifiers":[{"text":"+30 to maximum Mana per Allocated Journey Tattoo of the Mind","optional":false}],"flavourText":"","chaosValue":551.62,"exaltedValue":19.01,"divineValue":2.00,"count":16,"detailsId":"journey-tattoo-of-the-mind","tradeInfo":[],"listingCount":131},{"id":106351,"name":"Honoured Tattoo of the Tuatara","icon":"https://web.poecdn.com/gen/image/WzI1LDE0LHsiZiI6IjJESXRlbXMvQ3VycmVuY3kvQW5jZXN0b3JzL0hpbmVrb3JhQ29tbW9uVGF0dHRvb0VxdWlwbWVudCIsInciOjEsImgiOjEsInNjYWxlIjoxfV0/80dfeda101/HinekoraCommonTatttooEquipment.png","baseType":"Honoured Tattoo of the Tuatara","stackSize":10,"itemClass":5,"sparkline":{"data":[0,-0.40,-0.56,-0.63,-0.58,-0.86,-6.57],"totalChange":-6.57},"lowConfidenceSparkline":{"data":[0,-0.40,-0.56,-0.63,-0.58,-0.86,-6.57],"totalChange":-6.57},"implicitModifiers":[],"explicitModifiers":[{"text":"+4 to all Attributes","optional":false}],"flavourText":"","chaosValue":524.04,"exaltedValue":18.06,"divineValue":1.90,"count":72,"detailsId":"honoured-tattoo-of-the-tuatara","tradeInfo":[],"listingCount":725},{"id":106359,"name":"Tattoo of the Tukohama Warmonger","icon":"https://web.poecdn.com/gen/image/WzI1LDE0LHsiZiI6IjJESXRlbXMvQ3VycmVuY3kvQW5jZXN0b3JzL0NvbW1vblN0clRhdHR0b29FcXVpcG1lbnQiLCJ3IjoxLCJoIjoxLCJzY2FsZSI6MX1d/b7072892c0/CommonStrTatttooEquipment.png","baseType":"Tattoo of the Tukohama Warmonger","stackSize":10,"itemClass":5,"sparkline":{"data":[0,-0.40,-0.56,-0.63,-0.48,72.73,77.02],"totalChange":77.02},"lowConfidenceSparkline":{"data":[0,-0.40,-0.56,-0.63,-0.48,72.73,77.02],"totalChange":77.02},"implicitModifiers":[],"explicitModifiers":[{"text":"+0.1 metres to Melee Strike Range","optional":false},{"text":"+1 to Melee Strike Range","optional":true}],"flavourText":"","chaosValue":496.46,"exaltedValue":17.11,"divineValue":1.80,"count":24,"detailsId":"tattoo-of-the-tukohama-warmonger","tradeInfo":[],"listingCount":263},{"id":106445,"name":"Tattoo of the Ngamahu Warmonger","icon":"https://web.poecdn.com/gen/image/WzI1LDE0LHsiZiI6IjJESXRlbXMvQ3VycmVuY3kvQW5jZXN0b3JzL0NvbW1vblN0clRhdHR0b29FcXVpcG1lbnQiLCJ3IjoxLCJoIjoxLCJzY2FsZSI6MX1d/b7072892c0/CommonStrTatttooEquipment.png","baseType":"Tattoo of the Ngamahu Warmonger","stackSize":10,"itemClass":5,"sparkline":{"data":[0,-0.40,-0.56,-0.30,98.80,98.28,47.51],"totalChange":47.51},"lowConfidenceSparkline":{"data":[0,-0.40,-0.56,-0.30,98.80,98.28,47.51],"totalChange":47.51},"implicitModifiers":[],"explicitModifiers":[{"text":"Enemies you Kill have a 2% chance to Explode, dealing a tenth of their maximum Life as Fire Damage","optional":false}],"flavourText":"","chaosValue":413.72,"exaltedValue":14.26,"divineValue":1.50,"count":81,"detailsId":"tattoo-of-the-ngamahu-warmonger","tradeInfo":[],"listingCount":412},{"id":106416,"name":"Tattoo of the Tawhoa Shaman","icon":"https://web.poecdn.com/gen/image/WzI1LDE0LHsiZiI6IjJESXRlbXMvQ3VycmVuY3kvQW5jZXN0b3JzL0NvbW1vbkludFRhdHR0b29FcXVpcG1lbnQiLCJ3IjoxLCJoIjoxLCJzY2FsZSI6MX1d/bae0258602/CommonIntTatttooEquipment.png","baseType":"Tattoo of the Tawhoa Shaman","stackSize":10,"itemClass":5,"sparkline":{"data":[0,-0.40,-0.56,-0.63,-0.48,57.93,18.01],"totalChange":18.01},"lowConfidenceSparkline":{"data":[0,-0.40,-0.56,-0.63,-0.48,57.93,18.01],"totalChange":18.01},"implicitModifiers":[],"explicitModifiers":[{"text":"2% of Damage taken Recouped as Life","optional":false}],"flavourText":"","chaosValue":330.97,"exaltedValue":11.41,"divineValue":1.20,"count":16,"detailsId":"tattoo-of-the-tawhoa-shaman","tradeInfo":[],"listingCount":334},{"id":106374,"name":"Honoured Tattoo of the Pillager","icon":"https://web.poecdn.com/gen/image/WzI1LDE0LHsiZiI6IjJESXRlbXMvQ3VycmVuY3kvQW5jZXN0b3JzL0hpbmVrb3JhQ29tbW9uVGF0dHRvb0VxdWlwbWVudCIsInciOjEsImgiOjEsInNjYWxlIjoxfV0/80dfeda101/HinekoraCommonTatttooEquipment.png","baseType":"Honoured Tattoo of the Pillager","stackSize":10,"itemClass":5,"sparkline":{"data":[0,-0.35,-0.51,-0.58,-0.53,-0.81,-1.61],"totalChange":-1.61},"lowConfidenceSparkline":{"data":[0,-0.35,-0.51,-0.58,-0.53,-0.81,-1.61],"totalChange":-1.61},"implicitModifiers":[],"explicitModifiers":[{"text":"3% increased Rarity of Items found","optional":false}],"flavourText":"","chaosValue":275.81,"exaltedValue":9.51,"divineValue":1.00,"count":42,"detailsId":"honoured-tattoo-of-the-pillager","tradeInfo":[],"listingCount":703},{"id":106437,"name":"Tattoo of the Kitava Shaman","icon":"https://web.poecdn.com/gen/image/WzI1LDE0LHsiZiI6IjJESXRlbXMvQ3VycmVuY3kvQW5jZXN0b3JzL0NvbW1vblN0clRhdHR0b29FcXVpcG1lbnQiLCJ3IjoxLCJoIjoxLCJzY2FsZSI6MX1d/b7072892c0/CommonStrTatttooEquipment.png","baseType":"Tattoo of the Kitava Shaman","stackSize":10,"itemClass":5,"sparkline":{"data":[0,-0.40,-0.56,-0.63,-0.58,-0.86,-1.66],"totalChange":-1.66},"lowConfidenceSparkline":{"data":[0,-0.40,-0.56,-0.63,-0.58,-0.86,-1.66],"totalChange":-1.66},"implicitModifiers":[],"explicitModifiers":[{"text":"4% increased Life Reservation Efficiency of Skills","optional":false}],"flavourText":"","chaosValue":275.81,"exaltedValue":9.51,"divineValue":1.00,"count":34,"detailsId":"tattoo-of-the-kitava-shaman","tradeInfo":[],"listingCount":361},{"id":106462,"name":"Tattoo of the Valako Shaman","icon":"https://web.poecdn.com/gen/image/WzI1LDE0LHsiZiI6IjJESXRlbXMvQ3VycmVuY3kvQW5jZXN0b3JzL0NvbW1vbkludFRhdHR0b29FcXVpcG1lbnQiLCJ3IjoxLCJoIjoxLCJzY2FsZSI6MX1d/bae0258602/CommonIntTatttooEquipment.png","baseType":"Tattoo of the Valako Shaman","stackSize":10,"itemClass":5,"sparkline":{"data":[0,-0.40,-0.56,-0.63,-0.58,-0.86,-1.66],"totalChange":-1.66},"lowConfidenceSparkline":{"data":[0,-0.40,-0.56,-0.63,-0.58,-0.86,-1.66],"totalChange":-1.66},"implicitModifiers":[],"explicitModifiers":[{"text":"1% Chance to Block Spell Damage","optional":false}],"flavourText":"","chaosValue":275.81,"exaltedValue":9.51,"divineValue":1.00,"count":31,"detailsId":"tattoo-of-the-valako-shaman","tradeInfo":[],"listingCount":344},{"id":106637,"name":"Loyalty Tattoo of Ikiaho","icon":"https://web.poecdn.com/gen/image/WzI1LDE0LHsiZiI6IjJESXRlbXMvQ3VycmVuY3kvQW5jZXN0b3JzL1JhcmVEZXhUYXR0dG9vRXF1aXBtZW50IiwidyI6MSwiaCI6MSwic2NhbGUiOjF9XQ/a2e28f4b6c/RareDexTatttooEquipment.png","baseType":"Loyalty Tattoo of Ikiaho","stackSize":10,"itemClass":5,"sparkline":{"data":[0,-1.46,-6.79,-6.86,-6.81,-6.97,2.41],"totalChange":2.41},"lowConfidenceSparkline":{"data":[0,-1.46,-6.79,-6.86,-6.81,-6.97,2.41],"totalChange":2.41},"implicitModifiers":[],"explicitModifiers":[{"text":"Trigger Summon Spirit of Ikiaho Skill when you use a Travel\nSkill while a Unique Enemy is in your Presence","optional":false}],"flavourText":"","chaosValue":275.81,"exaltedValue":9.51,"divineValue":1.00,"count":16,"detailsId":"loyalty-tattoo-of-ikiaho","tradeInfo":[],"listingCount":220},{"id":106321,"name":"Tattoo of the Tasalio Tideshifter","icon":"https://web.poecdn.com/gen/image/WzI1LDE0LHsiZiI6IjJESXRlbXMvQ3VycmVuY3kvQW5jZXN0b3JzL0NvbW1vbkRleFRhdHR0b29FcXVpcG1lbnQiLCJ3IjoxLCJoIjoxLCJzY2FsZSI6MX1d/b80711f45f/CommonDexTatttooEquipment.png","baseType":"Tattoo of the Tasalio Tideshifter","stackSize":10,"itemClass":5,"sparkline":{"data":[0,8.01,8.12,8.05,7.06,8.92,6.02],"totalChange":6.02},"lowConfidenceSparkline":{"data":[0,8.01,8.12,8.05,7.06,8.92,6.02],"totalChange":6.02},"implicitModifiers":[],"explicitModifiers":[{"text":"15% chance to Avoid being Stunned","optional":false}],"flavourText":"","chaosValue":270.65,"exaltedValue":9.33,"divineValue":0.98,"count":24,"detailsId":"tattoo-of-the-tasalio-tideshifter","tradeInfo":[],"listingCount":359},{"id":106331,"name":"Tattoo of the Hinekora Storyteller","icon":"https://web.poecdn.com/gen/image/WzI1LDE0LHsiZiI6IjJESXRlbXMvQ3VycmVuY3kvQW5jZXN0b3JzL0NvbW1vbkludFRhdHR0b29FcXVpcG1lbnQiLCJ3IjoxLCJoIjoxLCJzY2FsZSI6MX1d/bae0258602/CommonIntTatttooEquipment.png","baseType":"Tattoo of the Hinekora Storyteller","stackSize":10,"itemClass":5,"sparkline":{"data":[0,4.02,5.46,4.70,4.71,5.24,7.08],"totalChange":7.08},"lowConfidenceSparkline":{"data":[0,4.02,5.46,4.70,4.71,5.24,7.08],"totalChange":7.08},"implicitModifiers":[],"explicitModifiers":[{"text":"3% increased Skill Effect Duration","optional":false}],"flavourText":"","chaosValue":270.29,"exaltedValue":9.32,"divineValue":0.98,"count":24,"detailsId":"tattoo-of-the-hinekora-storyteller","tradeInfo":[],"listingCount":397},{"id":106330,"name":"Tattoo of the Valako Shieldbearer","icon":"https://web.poecdn.com/gen/image/WzI1LDE0LHsiZiI6IjJESXRlbXMvQ3VycmVuY3kvQW5jZXN0b3JzL0NvbW1vblN0clRhdHR0b29FcXVpcG1lbnQiLCJ3IjoxLCJoIjoxLCJzY2FsZSI6MX1d/b7072892c0/CommonStrTatttooEquipment.png","baseType":"Tattoo of the Valako Shieldbearer","stackSize":10,"itemClass":5,"sparkline":{"data":[0,-4.11,-4.12,-4.13,-5.37,-5.37,1.85],"totalChange":1.85},"lowConfidenceSparkline":{"data":[0,-4.11,-4.12,-4.13,-5.37,-5.37,1.85],"totalChange":1.85},"implicitModifiers":[],"explicitModifiers":[{"text":"+1% Chance to Block Attack Damage","optional":false}],"flavourText":"","chaosValue":267.49,"exaltedValue":9.22,"divineValue":0.97,"count":19,"detailsId":"tattoo-of-the-valako-shieldbearer","tradeInfo":[],"listingCount":355},{"id":106494,"name":"Loyalty Tattoo of Akoya","icon":"https://web.poecdn.com/gen/image/WzI1LDE0LHsiZiI6IjJESXRlbXMvQ3VycmVuY3kvQW5jZXN0b3JzL1JhcmVTdHJUYXR0dG9vRXF1aXBtZW50IiwidyI6MSwiaCI6MSwic2NhbGUiOjF9XQ/c7c5e8c4de/RareStrTatttooEquipment.png","baseType":"Loyalty Tattoo of Akoya","stackSize":10,"itemClass":5,"sparkline":{"data":[0,-3.61,-2.69,-1.69,-1.64,-1.83,2.07],"totalChange":2.07},"lowConfidenceSparkline":{"data":[0,-3.61,-2.69,-1.69,-1.64,-1.83,2.07],"totalChange":2.07},"implicitModifiers":[],"explicitModifiers":[{"text":"Trigger Summon Spirit of Akoya Skill when you reach Maximum Rage while\na Unique Enemy is in your Presence","optional":false}],"flavourText":"","chaosValue":266.23,"exaltedValue":9.18,"divineValue":0.97,"count":10,"detailsId":"loyalty-tattoo-of-akoya","tradeInfo":[],"listingCount":173},{"id":106372,"name":"Tattoo of the Tukohama Warcaller","icon":"https://web.poecdn.com/gen/image/WzI1LDE0LHsiZiI6IjJESXRlbXMvQ3VycmVuY3kvQW5jZXN0b3JzL0NvbW1vblN0clRhdHR0b29FcXVpcG1lbnQiLCJ3IjoxLCJoIjoxLCJzY2FsZSI6MX1d/b7072892c0/CommonStrTatttooEquipment.png","baseType":"Tattoo of the Tukohama Warcaller","stackSize":10,"itemClass":5,"sparkline":{"data":[0,-14.84,-14.84,-14.84,-18.79,-18.79,-6.94],"totalChange":-6.94},"lowConfidenceSparkline":{"data":[0,-14.84,-14.84,-14.84,-18.79,-18.79,-6.94],"totalChange":-6.94},"implicitModifiers":[],"explicitModifiers":[{"text":"10% increased Warcry Cooldown Recovery Rate","optional":false}],"flavourText":"","chaosValue":254.60,"exaltedValue":8.78,"divineValue":0.92,"count":22,"detailsId":"tattoo-of-the-tukohama-warcaller","tradeInfo":[],"listingCount":261},{"id":106403,"name":"Honoured Tattoo of the Dove","icon":"https://web.poecdn.com/gen/image/WzI1LDE0LHsiZiI6IjJESXRlbXMvQ3VycmVuY3kvQW5jZXN0b3JzL0hpbmVrb3JhQ29tbW9uVGF0dHRvb0VxdWlwbWVudCIsInciOjEsImgiOjEsInNjYWxlIjoxfV0/80dfeda101/HinekoraCommonTatttooEquipment.png","baseType":"Honoured Tattoo of the Dove","stackSize":10,"itemClass":5,"sparkline":{"data":[0,-1.92,-1.92,-1.92,-2.31,-2.69,-2.69],"totalChange":-2.69},"lowConfidenceSparkline":{"data":[0,-1.92,-1.92,-1.92,-2.31,-2.69,-2.69],"totalChange":-2.69},"implicitModifiers":[],"explicitModifiers":[{"text":"+4% to Chaos Resistance","optional":false}],"flavourText":"","chaosValue":253.00,"exaltedValue":8.72,"divineValue":0.92,"count":50,"detailsId":"honoured-tattoo-of-the-dove","tradeInfo":[],"listingCount":633},{"id":106389,"name":"Tattoo of the Arohongui Shaman","icon":"https://web.poecdn.com/gen/image/WzI1LDE0LHsiZiI6IjJESXRlbXMvQ3VycmVuY3kvQW5jZXN0b3JzL0NvbW1vbkludFRhdHR0b29FcXVpcG1lbnQiLCJ3IjoxLCJoIjoxLCJzY2FsZSI6MX1d/bae0258602/CommonIntTatttooEquipment.png","baseType":"Tattoo of the Arohongui Shaman","stackSize":10,"itemClass":5,"sparkline":{"data":[0,55.42,55.17,55.06,55.30,56.59,55.16],"totalChange":55.16},"lowConfidenceSparkline":{"data":[0,55.42,55.17,55.06,55.30,56.59,55.16],"totalChange":55.16},"implicitModifiers":[],"explicitModifiers":[{"text":"5% increased Effect of Herald Buffs on you","optional":false}],"flavourText":"","chaosValue":250.99,"exaltedValue":8.65,"divineValue":0.91,"count":26,"detailsId":"tattoo-of-the-arohongui-shaman","tradeInfo":[],"listingCount":305},{"id":106419,"name":"Tattoo of the Ngamahu Shaman","icon":"https://web.poecdn.com/gen/image/WzI1LDE0LHsiZiI6IjJESXRlbXMvQ3VycmVuY3kvQW5jZXN0b3JzL0NvbW1vblN0clRhdHR0b29FcXVpcG1lbnQiLCJ3IjoxLCJoIjoxLCJzY2FsZSI6MX1d/b7072892c0/CommonStrTatttooEquipment.png","baseType":"Tattoo of the Ngamahu Shaman","stackSize":10,"itemClass":5,"sparkline":{"data":[0,-2.24,0,3.93,-2.22,-9.08,37.91],"totalChange":37.91},"lowConfidenceSparkline":{"data":[0,-2.24,0,3.93,-2.22,-9.08,37.91],"totalChange":37.91},"implicitModifiers":[],"explicitModifiers":[{"text":"15% reduced Ignite Duration on you","optional":false}],"flavourText":"","chaosValue":248.23,"exaltedValue":8.56,"divineValue":0.90,"count":19,"detailsId":"tattoo-of-the-ngamahu-shaman","tradeInfo":[],"listingCount":399},{"id":108017,"name":"Ancestral Tattoo of Bloodlines","icon":"https://web.poecdn.com/gen/image/WzI1LDE0LHsiZiI6IjJESXRlbXMvQ3VycmVuY3kvQW5jZXN0b3JzL1VuaXF1ZTFUYXR0dG9vRXF1aXBtZW50IiwidyI6MSwiaCI6MSwic2NhbGUiOjF9XQ/9ddb5a7038/Unique1TatttooEquipment.png","baseType":"Ancestral Tattoo of Bloodlines","stackSize":10,"itemClass":5,"sparkline":{"data":[0,4.86,-0.55,-0.63,-0.48,-0.85,-1.66],"totalChange":-1.66},"lowConfidenceSparkline":{"data":[0,4.86,-0.55,-0.63,-0.48,-0.85,-1.66],"totalChange":-1.66},"implicitModifiers":[],"explicitModifiers":[{"text":"2% increased Recovery Rate of Life, Mana and Energy Shield\nper Tribe for which you have an allocated Tattoo","optional":false}],"flavourText":"","chaosValue":248.23,"exaltedValue":8.56,"divineValue":0.90,"count":18,"detailsId":"ancestral-tattoo-of-bloodlines","tradeInfo":[],"listingCount":258},{"id":106558,"name":"Loyalty Tattoo of Utula","icon":"https://web.poecdn.com/gen/image/WzI1LDE0LHsiZiI6IjJESXRlbXMvQ3VycmVuY3kvQW5jZXN0b3JzL1JhcmVTdHJUYXR0dG9vRXF1aXBtZW50IiwidyI6MSwiaCI6MSwic2NhbGUiOjF9XQ/c7c5e8c4de/RareStrTatttooEquipment.png","baseType":"Loyalty Tattoo of Utula","stackSize":10,"itemClass":5,"sparkline":{"data":[0,-8.25,-4.38,55.69,55.62,54.77,-5.13],"totalChange":-5.13},"lowConfidenceSparkline":{"data":[0,-8.25,-4.38,55.69,55.62,54.77,-5.13],"totalChange":-5.13},"implicitModifiers":[],"explicitModifiers":[{"text":"Trigger Summon Spirit of Utula Skill on taking a Savage Hit from a Unique Enemy","optional":false}],"flavourText":"","chaosValue":237.49,"exaltedValue":8.19,"divineValue":0.86,"count":7,"detailsId":"loyalty-tattoo-of-utula","tradeInfo":[],"listingCount":155},{"id":106251,"name":"Tattoo of the Tasalio Shaman","icon":"https://web.poecdn.com/gen/image/WzI1LDE0LHsiZiI6IjJESXRlbXMvQ3VycmVuY3kvQW5jZXN0b3JzL0NvbW1vbkludFRhdHR0b29FcXVpcG1lbnQiLCJ3IjoxLCJoIjoxLCJzY2FsZSI6MX1d/bae0258602/CommonIntTatttooEquipment.png","baseType":"Tattoo of the Tasalio Shaman","stackSize":10,"itemClass":5,"sparkline":{"data":[0,0.59,1.27,1.27,1.27,-0.25,1.52],"totalChange":1.52},"lowConfidenceSparkline":{"data":[0,0.59,1.27,1.27,1.27,-0.25,1.52],"totalChange":1.52},"implicitModifiers":[],"explicitModifiers":[{"text":"5% chance to Hinder Enemies on Hit with Spells","optional":false}],"flavourText":"","chaosValue":237.20,"exaltedValue":8.18,"divineValue":0.86,"count":29,"detailsId":"tattoo-of-the-tasalio-shaman","tradeInfo":[],"listingCount":420},{"id":106333,"name":"Honoured Tattoo of the Turtle","icon":"https://web.poecdn.com/gen/image/WzI1LDE0LHsiZiI6IjJESXRlbXMvQ3VycmVuY3kvQW5jZXN0b3JzL0hpbmVrb3JhQ29tbW9uVGF0dHRvb0VxdWlwbWVudCIsInciOjEsImgiOjEsInNjYWxlIjoxfV0/80dfeda101/HinekoraCommonTatttooEquipment.png","baseType":"Honoured Tattoo of the Turtle","stackSize":10,"itemClass":5,"sparkline":{"data":[0,24.06,23.88,34.05,34.30,23.62,19.06],"totalChange":19.06},"lowConfidenceSparkline":{"data":[0,24.06,23.88,34.05,34.30,23.62,19.06],"totalChange":19.06},"implicitModifiers":[],"explicitModifiers":[{"text":"3% increased Global Defences","optional":false}],"flavourText":"","chaosValue":222.49,"exaltedValue":7.67,"divineValue":0.81,"count":78,"detailsId":"honoured-tattoo-of-the-turtle","tradeInfo":[],"listingCount":947},{"id":106287,"name":"Tattoo of the Arohongui Scout","icon":"https://web.poecdn.com/gen/image/WzI1LDE0LHsiZiI6IjJESXRlbXMvQ3VycmVuY3kvQW5jZXN0b3JzL0NvbW1vbkRleFRhdHR0b29FcXVpcG1lbnQiLCJ3IjoxLCJoIjoxLCJzY2FsZSI6MX1d/b80711f45f/CommonDexTatttooEquipment.png","baseType":"Tattoo of the Arohongui Scout","stackSize":10,"itemClass":5,"sparkline":{"data":[0,21.82,22.49,23.16,23.16,21.82,37.10],"totalChange":37.10},"lowConfidenceSparkline":{"data":[0,21.82,22.49,23.16,23.16,21.82,37.10],"totalChange":37.10},"implicitModifiers":[],"explicitModifiers":[{"text":"15% chance to Avoid being Chilled","optional":false},{"text":"15% chance to Avoid being Frozen","optional":false}],"flavourText":"","chaosValue":204.82,"exaltedValue":7.06,"divineValue":0.74,"count":26,"detailsId":"tattoo-of-the-arohongui-scout","tradeInfo":[],"listingCount":397},{"id":106281,"name":"Tattoo of the Ramako Archer","icon":"https://web.poecdn.com/gen/image/WzI1LDE0LHsiZiI6IjJESXRlbXMvQ3VycmVuY3kvQW5jZXN0b3JzL0NvbW1vbkRleFRhdHR0b29FcXVpcG1lbnQiLCJ3IjoxLCJoIjoxLCJzY2FsZSI6MX1d/b80711f45f/CommonDexTatttooEquipment.png","baseType":"Tattoo of the Ramako Archer","stackSize":10,"itemClass":5,"sparkline":{"data":[0,0,-0.75,-0.75,-1.5,-2,0],"totalChange":0},"lowConfidenceSparkline":{"data":[0,0,-0.75,-0.75,-1.5,-2,0],"totalChange":0},"implicitModifiers":[],"explicitModifiers":[{"text":"5% increased Global Accuracy Rating","optional":false}],"flavourText":"","chaosValue":200.00,"exaltedValue":6.89,"divineValue":0.73,"count":37,"detailsId":"tattoo-of-the-ramako-archer","tradeInfo":[],"listingCount":430},{"id":106429,"name":"Tattoo of the Ngamahu Woodcarver","icon":"https://web.poecdn.com/gen/image/WzI1LDE0LHsiZiI6IjJESXRlbXMvQ3VycmVuY3kvQW5jZXN0b3JzL0NvbW1vblN0clRhdHR0b29FcXVpcG1lbnQiLCJ3IjoxLCJoIjoxLCJzY2FsZSI6MX1d/b7072892c0/CommonStrTatttooEquipment.png","baseType":"Tattoo of the Ngamahu Woodcarver","stackSize":10,"itemClass":5,"sparkline":{"data":[0,-1.14,-0.50,-0.19,-0.32,-0.71,1.62],"totalChange":1.62},"lowConfidenceSparkline":{"data":[0,-1.14,-0.50,-0.19,-0.32,-0.71,1.62],"totalChange":1.62},"implicitModifiers":[],"explicitModifiers":[{"text":"6% increased Totem Life","optional":false}],"flavourText":"","chaosValue":199.40,"exaltedValue":6.87,"divineValue":0.72,"count":19,"detailsId":"tattoo-of-the-ngamahu-woodcarver","tradeInfo":[],"listingCount":291},{"id":106573,"name":"Loyalty Tattoo of Maata","icon":"https://web.poecdn.com/gen/image/WzI1LDE0LHsiZiI6IjJESXRlbXMvQ3VycmVuY3kvQW5jZXN0b3JzL1JhcmVJbnRUYXR0dG9vRXF1aXBtZW50IiwidyI6MSwiaCI6MSwic2NhbGUiOjF9XQ/b43cc22fc6/RareIntTatttooEquipment.png","baseType":"Loyalty Tattoo of Maata","stackSize":10,"itemClass":5,"sparkline":{"data":[0,-10.40,-10.50,-28.25,-37.02,-45.97,-29.78],"totalChange":-29.78},"lowConfidenceSparkline":{"data":[0,-10.40,-10.50,-28.25,-37.02,-45.97,-29.78],"totalChange":-29.78},"implicitModifiers":[],"explicitModifiers":[{"text":"Trigger Summon Spirit of Maata Skill when you reach Low Life while\na Unique Enemy is in your Presence","optional":false}],"flavourText":"","chaosValue":196.94,"exaltedValue":6.79,"divineValue":0.71,"count":7,"detailsId":"loyalty-tattoo-of-maata","tradeInfo":[],"listingCount":200},{"id":106548,"name":"Tattoo of the Kitava Rebel","icon":"https://web.poecdn.com/gen/image/WzI1LDE0LHsiZiI6IjJESXRlbXMvQ3VycmVuY3kvQW5jZXN0b3JzL0NvbW1vblN0clRhdHR0b29FcXVpcG1lbnQiLCJ3IjoxLCJoIjoxLCJzY2FsZSI6MX1d/b7072892c0/CommonStrTatttooEquipment.png","baseType":"Tattoo of the Kitava Rebel","stackSize":10,"itemClass":5,"sparkline":{"data":[0,-8.82,-7.53,-17.42,-8.82,-13.98,-16.37],"totalChange":-16.37},"lowConfidenceSparkline":{"data":[0,-8.82,-7.53,-17.42,-8.82,-13.98,-16.37],"totalChange":-16.37},"implicitModifiers":[],"explicitModifiers":[{"text":"15% chance to Avoid Bleeding","optional":false}],"flavourText":"","chaosValue":194.45,"exaltedValue":6.70,"divineValue":0.71,"count":27,"detailsId":"tattoo-of-the-kitava-rebel","tradeInfo":[],"listingCount":399},{"id":108020,"name":"Journey Tattoo of the Soul","icon":"https://web.poecdn.com/gen/image/WzI1LDE0LHsiZiI6IjJESXRlbXMvQ3VycmVuY3kvQW5jZXN0b3JzL1VuaXF1ZTNUYXR0dG9vRXF1aXBtZW50IiwidyI6MSwiaCI6MSwic2NhbGUiOjF9XQ/b9554ff666/Unique3TatttooEquipment.png","baseType":"Journey Tattoo of the Soul","stackSize":10,"itemClass":5,"sparkline":{"data":[0,-0.20,4.21,8.65,8.68,8.49,-11.89],"totalChange":-11.89},"lowConfidenceSparkline":{"data":[0,-0.20,4.21,8.65,8.68,8.49,-11.89],"totalChange":-11.89},"implicitModifiers":[],"explicitModifiers":[{"text":"+40 to maximum Energy Shield per Allocated Journey Tattoo of the Soul","optional":false}],"flavourText":"","chaosValue":194.00,"exaltedValue":6.69,"divineValue":0.70,"count":10,"detailsId":"journey-tattoo-of-the-soul","tradeInfo":[],"listingCount":173},{"id":106280,"name":"Tattoo of the Valako Stormrider","icon":"https://web.poecdn.com/gen/image/WzI1LDE0LHsiZiI6IjJESXRlbXMvQ3VycmVuY3kvQW5jZXN0b3JzL0NvbW1vbkludFRhdHR0b29FcXVpcG1lbnQiLCJ3IjoxLCJoIjoxLCJzY2FsZSI6MX1d/bae0258602/CommonIntTatttooEquipment.png","baseType":"Tattoo of the Valako Stormrider","stackSize":10,"itemClass":5,"sparkline":{"data":[0,-15.64,-13.80,-11.93,-11.88,-1.32,1.25],"totalChange":1.25},"lowConfidenceSparkline":{"data":[0,-15.64,-13.80,-11.93,-11.88,-1.32,1.25],"totalChange":1.25},"implicitModifiers":[],"explicitModifiers":[{"text":"+8% to Lightning Resistance","optional":false}],"flavourText":"","chaosValue":193.07,"exaltedValue":6.66,"divineValue":0.70,"count":26,"detailsId":"tattoo-of-the-valako-stormrider","tradeInfo":[],"listingCount":454},{"id":108018,"name":"Journey Tattoo of the Body","icon":"https://web.poecdn.com/gen/image/WzI1LDE0LHsiZiI6IjJESXRlbXMvQ3VycmVuY3kvQW5jZXN0b3JzL1VuaXF1ZTNUYXR0dG9vRXF1aXBtZW50IiwidyI6MSwiaCI6MSwic2NhbGUiOjF9XQ/b9554ff666/Unique3TatttooEquipment.png","baseType":"Journey Tattoo of the Body","stackSize":10,"itemClass":5,"sparkline":{"data":[0,21.77,25.26,25.16,21.66,20.15,-1.40],"totalChange":-1.40},"lowConfidenceSparkline":{"data":[0,21.77,25.26,25.16,21.66,20.15,-1.40],"totalChange":-1.40},"implicitModifiers":[],"explicitModifiers":[{"text":"+25 to maximum Life per Allocated Journey Tattoo of the Body","optional":false}],"flavourText":"","chaosValue":192.00,"exaltedValue":6.62,"divineValue":0.70,"count":7,"detailsId":"journey-tattoo-of-the-body","tradeInfo":[],"listingCount":179},{"id":106273,"name":"Tattoo of the Hinekora Shaman","icon":"https://web.poecdn.com/gen/image/WzI1LDE0LHsiZiI6IjJESXRlbXMvQ3VycmVuY3kvQW5jZXN0b3JzL0NvbW1vbkludFRhdHR0b29FcXVpcG1lbnQiLCJ3IjoxLCJoIjoxLCJzY2FsZSI6MX1d/bae0258602/CommonIntTatttooEquipment.png","baseType":"Tattoo of the Hinekora Shaman","stackSize":10,"itemClass":5,"sparkline":{"data":[0,-0.96,-1.82,-0.20,-1.82,-5.35,-0.52],"totalChange":-0.52},"lowConfidenceSparkline":{"data":[0,-0.96,-1.82,-0.20,-1.82,-5.35,-0.52],"totalChange":-0.52},"implicitModifiers":[],"explicitModifiers":[{"text":"Regenerate 3 Mana per second","optional":false}],"flavourText":"","chaosValue":183.92,"exaltedValue":6.34,"divineValue":0.67,"count":29,"detailsId":"tattoo-of-the-hinekora-shaman","tradeInfo":[],"listingCount":403},{"id":106527,"name":"Loyalty Tattoo of Kiloava","icon":"https://web.poecdn.com/gen/image/WzI1LDE0LHsiZiI6IjJESXRlbXMvQ3VycmVuY3kvQW5jZXN0b3JzL1JhcmVJbnRUYXR0dG9vRXF1aXBtZW50IiwidyI6MSwiaCI6MSwic2NhbGUiOjF9XQ/b43cc22fc6/RareIntTatttooEquipment.png","baseType":"Loyalty Tattoo of Kiloava","stackSize":10,"itemClass":5,"sparkline":{"data":[0,-1.04,2.98,2.95,-1.94,-2.39,-3.83],"totalChange":-3.83},"lowConfidenceSparkline":{"data":[0,-1.04,2.98,2.95,-1.94,-2.39,-3.83],"totalChange":-3.83},"implicitModifiers":[],"explicitModifiers":[{"text":"Trigger Summon Spirit of Kiloava Skill when you Block Damage from a Unique Enemy","optional":false}],"flavourText":"","chaosValue":182.32,"exaltedValue":6.28,"divineValue":0.66,"count":7,"detailsId":"loyalty-tattoo-of-kiloava","tradeInfo":[],"listingCount":148},{"id":106489,"name":"Tattoo of the Kitava Heart Eater","icon":"https://web.poecdn.com/gen/image/WzI1LDE0LHsiZiI6IjJESXRlbXMvQ3VycmVuY3kvQW5jZXN0b3JzL0NvbW1vbkludFRhdHR0b29FcXVpcG1lbnQiLCJ3IjoxLCJoIjoxLCJzY2FsZSI6MX1d/bae0258602/CommonIntTatttooEquipment.png","baseType":"Tattoo of the Kitava Heart Eater","stackSize":10,"itemClass":5,"sparkline":{"data":[0,-0.40,-8.51,-25.72,-7.56,-10.70,-35.11],"totalChange":-35.11},"lowConfidenceSparkline":{"data":[0,-0.40,-8.51,-25.72,-7.56,-10.70,-35.11],"totalChange":-35.11},"implicitModifiers":[],"explicitModifiers":[{"text":"Killing Blows have 4% chance to Consume corpses to recover 10% of Maximum Life","optional":false}],"flavourText":"","chaosValue":182.00,"exaltedValue":6.27,"divineValue":0.66,"count":23,"detailsId":"tattoo-of-the-kitava-heart-eater","tradeInfo":[],"listingCount":355},{"id":106234,"name":"Tattoo of the Rongokurai Warrior","icon":"https://web.poecdn.com/gen/image/WzI1LDE0LHsiZiI6IjJESXRlbXMvQ3VycmVuY3kvQW5jZXN0b3JzL0NvbW1vblN0clRhdHR0b29FcXVpcG1lbnQiLCJ3IjoxLCJoIjoxLCJzY2FsZSI6MX1d/b7072892c0/CommonStrTatttooEquipment.png","baseType":"Tattoo of the Rongokurai Warrior","stackSize":10,"itemClass":5,"sparkline":{"data":[0,0,0,8,0,0,81.55],"totalChange":81.55},"lowConfidenceSparkline":{"data":[0,0,0,8,0,0,81.55],"totalChange":81.55},"implicitModifiers":[],"explicitModifiers":[{"text":"8% increased Armour","optional":false}],"flavourText":"","chaosValue":181.55,"exaltedValue":6.26,"divineValue":0.66,"count":55,"detailsId":"tattoo-of-the-rongokurai-warrior","tradeInfo":[],"listingCount":743},{"id":106249,"name":"Tattoo of the Tukohama Warrior","icon":"https://web.poecdn.com/gen/image/WzI1LDE0LHsiZiI6IjJESXRlbXMvQ3VycmVuY3kvQW5jZXN0b3JzL0NvbW1vblN0clRhdHR0b29FcXVpcG1lbnQiLCJ3IjoxLCJoIjoxLCJzY2FsZSI6MX1d/b7072892c0/CommonStrTatttooEquipment.png","baseType":"Tattoo of the Tukohama Warrior","stackSize":10,"itemClass":5,"sparkline":{"data":[0,4.92,8.67,8.63,8.65,1.21,68.94],"totalChange":68.94},"lowConfidenceSparkline":{"data":[0,4.92,8.67,8.63,8.65,1.21,68.94],"totalChange":68.94},"implicitModifiers":[],"explicitModifiers":[{"text":"Melee Hits which Stun have 5% chance to Fortify","optional":false}],"flavourText":"","chaosValue":180.00,"exaltedValue":6.20,"divineValue":0.65,"count":24,"detailsId":"tattoo-of-the-tukohama-warrior","tradeInfo":[],"listingCount":471},{"id":106327,"name":"Tattoo of the Arohongui Warrior","icon":"https://web.poecdn.com/gen/image/WzI1LDE0LHsiZiI6IjJESXRlbXMvQ3VycmVuY3kvQW5jZXN0b3JzL0NvbW1vbkRleFRhdHR0b29FcXVpcG1lbnQiLCJ3IjoxLCJoIjoxLCJzY2FsZSI6MX1d/b80711f45f/CommonDexTatttooEquipment.png","baseType":"Tattoo of the Arohongui Warrior","stackSize":10,"itemClass":5,"sparkline":{"data":[0,0,0,-1.11,0,0,0],"totalChange":0},"lowConfidenceSparkline":{"data":[0,0,0,-1.11,0,0,0],"totalChange":0},"implicitModifiers":[],"explicitModifiers":[{"text":"Adds 3 to 5 Cold Damage","optional":false}],"flavourText":"","chaosValue":180.00,"exaltedValue":6.20,"divineValue":0.65,"count":26,"detailsId":"tattoo-of-the-arohongui-warrior","tradeInfo":[],"listingCount":387},{"id":106452,"name":"Tattoo of the Kitava Blood Drinker","icon":"https://web.poecdn.com/gen/image/WzI1LDE0LHsiZiI6IjJESXRlbXMvQ3VycmVuY3kvQW5jZXN0b3JzL0NvbW1vblN0clRhdHR0b29FcXVpcG1lbnQiLCJ3IjoxLCJoIjoxLCJzY2FsZSI6MX1d/b7072892c0/CommonStrTatttooEquipment.png","baseType":"Tattoo of the Kitava Blood Drinker","stackSize":10,"itemClass":5,"sparkline":{"data":[0,-6.31,-7.59,-7.59,-7.59,-7.59,-7.59],"totalChange":-7.59},"lowConfidenceSparkline":{"data":[0,-6.31,-7.59,-7.59,-7.59,-7.59,-7.59],"totalChange":-7.59},"implicitModifiers":[],"explicitModifiers":[{"text":"0.5% of Attack Damage Leeched as Life","optional":false}],"flavourText":"","chaosValue":180.00,"exaltedValue":6.20,"divineValue":0.65,"count":31,"detailsId":"tattoo-of-the-kitava-blood-drinker","tradeInfo":[],"listingCount":446},{"id":107127,"name":"Honoured Tattoo of the Flood","icon":"https://web.poecdn.com/gen/image/WzI1LDE0LHsiZiI6IjJESXRlbXMvQ3VycmVuY3kvQW5jZXN0b3JzL0hpbmVrb3JhUmFyZUludFRhdHR0b29FcXVpcG1lbnQiLCJ3IjoxLCJoIjoxLCJzY2FsZSI6MX1d/77b2de82f9/HinekoraRareIntTatttooEquipment.png","baseType":"Honoured Tattoo of the Flood","stackSize":10,"itemClass":5,"sparkline":{"data":[0,-2.08,0,-2.08,-2.08,-4.17,-7.01],"totalChange":-7.01},"lowConfidenceSparkline":{"data":[0,-2.08,0,-2.08,-2.08,-4.17,-7.01],"totalChange":-7.01},"implicitModifiers":[],"explicitModifiers":[{"text":"Gain Arcane Surge on Hit with Spells","optional":false}],"flavourText":"","chaosValue":178.55,"exaltedValue":6.15,"divineValue":0.65,"count":22,"detailsId":"honoured-tattoo-of-the-flood","tradeInfo":[],"listingCount":312},{"id":106592,"name":"Loyalty Tattoo of Kaom","icon":"https://web.poecdn.com/gen/image/WzI1LDE0LHsiZiI6IjJESXRlbXMvQ3VycmVuY3kvQW5jZXN0b3JzL1JhcmVTdHJUYXR0dG9vRXF1aXBtZW50IiwidyI6MSwiaCI6MSwic2NhbGUiOjF9XQ/c7c5e8c4de/RareStrTatttooEquipment.png","baseType":"Loyalty Tattoo of Kaom","stackSize":10,"itemClass":5,"sparkline":{"data":[0,0,0,-20,-20,-30,14.67],"totalChange":14.67},"lowConfidenceSparkline":{"data":[0,0,0,-20,-20,-30,14.67],"totalChange":14.67},"implicitModifiers":[],"explicitModifiers":[{"text":"Trigger Summon Spirit of Kaom Skill when a Totem dies while\na Unique Enemy is in your Presence","optional":false}],"flavourText":"","chaosValue":172.00,"exaltedValue":5.93,"divineValue":0.62,"count":10,"detailsId":"loyalty-tattoo-of-kaom","tradeInfo":[],"listingCount":214},{"id":106424,"name":"Tattoo of the Arohongui Warmonger","icon":"https://web.poecdn.com/gen/image/WzI1LDE0LHsiZiI6IjJESXRlbXMvQ3VycmVuY3kvQW5jZXN0b3JzL0NvbW1vbkludFRhdHR0b29FcXVpcG1lbnQiLCJ3IjoxLCJoIjoxLCJzY2FsZSI6MX1d/bae0258602/CommonIntTatttooEquipment.png","baseType":"Tattoo of the Arohongui Warmonger","stackSize":10,"itemClass":5,"sparkline":{"data":[0,2.43,5.35,-22.25,-0.75,11.57,33.10],"totalChange":33.10},"lowConfidenceSparkline":{"data":[0,2.43,5.35,-22.25,-0.75,11.57,33.10],"totalChange":33.10},"implicitModifiers":[],"explicitModifiers":[{"text":"Killing Blows have 10% chance to Shatter Enemies as though Frozen","optional":false}],"flavourText":"","chaosValue":171.19,"exaltedValue":5.90,"divineValue":0.62,"count":14,"detailsId":"tattoo-of-the-arohongui-warmonger","tradeInfo":[],"listingCount":321},{"id":106461,"name":"Tattoo of the Kitava Warrior","icon":"https://web.poecdn.com/gen/image/WzI1LDE0LHsiZiI6IjJESXRlbXMvQ3VycmVuY3kvQW5jZXN0b3JzL0NvbW1vblN0clRhdHR0b29FcXVpcG1lbnQiLCJ3IjoxLCJoIjoxLCJzY2FsZSI6MX1d/b7072892c0/CommonStrTatttooEquipment.png","baseType":"Tattoo of the Kitava Warrior","stackSize":10,"itemClass":5,"sparkline":{"data":[0,-1.95,-1.95,-10.86,-9.32,-13.93,-13.93],"totalChange":-13.93},"lowConfidenceSparkline":{"data":[0,-1.95,-1.95,-10.86,-9.32,-13.93,-13.93],"totalChange":-13.93},"implicitModifiers":[],"explicitModifiers":[{"text":"Adds 2 to 3 Physical Damage","optional":false}],"flavourText":"","chaosValue":168.00,"exaltedValue":5.79,"divineValue":0.61,"count":34,"detailsId":"tattoo-of-the-kitava-warrior","tradeInfo":[],"listingCount":457},{"id":106370,"name":"Tattoo of the Ngamahu Warrior","icon":"https://web.poecdn.com/gen/image/WzI1LDE0LHsiZiI6IjJESXRlbXMvQ3VycmVuY3kvQW5jZXN0b3JzL0NvbW1vblN0clRhdHR0b29FcXVpcG1lbnQiLCJ3IjoxLCJoIjoxLCJzY2FsZSI6MX1d/b7072892c0/CommonStrTatttooEquipment.png","baseType":"Tattoo of the Ngamahu Warrior","stackSize":10,"itemClass":5,"sparkline":{"data":[0,-1.96,-1.96,-1.96,-1.96,7.84,7.84],"totalChange":7.84},"lowConfidenceSparkline":{"data":[0,-1.96,-1.96,-1.96,-1.96,7.84,7.84],"totalChange":7.84},"implicitModifiers":[],"explicitModifiers":[{"text":"Adds 3 to 5 Fire Damage","optional":false}],"flavourText":"","chaosValue":165.00,"exaltedValue":5.69,"divineValue":0.60,"count":22,"detailsId":"tattoo-of-the-ngamahu-warrior","tradeInfo":[],"listingCount":407},{"id":106659,"name":"Loyalty Tattoo of Tawhanuku","icon":"https://web.poecdn.com/gen/image/WzI1LDE0LHsiZiI6IjJESXRlbXMvQ3VycmVuY3kvQW5jZXN0b3JzL1JhcmVJbnRUYXR0dG9vRXF1aXBtZW50IiwidyI6MSwiaCI6MSwic2NhbGUiOjF9XQ/b43cc22fc6/RareIntTatttooEquipment.png","baseType":"Loyalty Tattoo of Tawhanuku","stackSize":10,"itemClass":5,"sparkline":{"data":[0,-3.33,0,27.43,27.59,21.49,-13.33],"totalChange":-13.33},"lowConfidenceSparkline":{"data":[0,-3.33,0,27.43,27.59,21.49,-13.33],"totalChange":-13.33},"implicitModifiers":[],"explicitModifiers":[{"text":"Trigger Summon Spirit of Tawhanuku Skill when Energy Shield Recharge starts while a Unique Enemy is in your Presence","optional":false}],"flavourText":"","chaosValue":156.00,"exaltedValue":5.38,"divineValue":0.57,"count":7,"detailsId":"loyalty-tattoo-of-tawhanuku","tradeInfo":[],"listingCount":208},{"id":106237,"name":"Tattoo of the Tawhoa Naturalist","icon":"https://web.poecdn.com/gen/image/WzI1LDE0LHsiZiI6IjJESXRlbXMvQ3VycmVuY3kvQW5jZXN0b3JzL0NvbW1vbkRleFRhdHR0b29FcXVpcG1lbnQiLCJ3IjoxLCJoIjoxLCJzY2FsZSI6MX1d/b80711f45f/CommonDexTatttooEquipment.png","baseType":"Tattoo of the Tawhoa Naturalist","stackSize":10,"itemClass":5,"sparkline":{"data":[0,21.52,18.26,21.38,18.22,17.78,20.04],"totalChange":20.04},"lowConfidenceSparkline":{"data":[0,21.52,18.26,21.38,18.22,17.78,20.04],"totalChange":20.04},"implicitModifiers":[],"explicitModifiers":[{"text":"8% increased Life Recovery from Flasks","optional":false},{"text":"8% increased Mana Recovery from Flasks","optional":false}],"flavourText":"","chaosValue":153.90,"exaltedValue":5.31,"divineValue":0.56,"count":23,"detailsId":"tattoo-of-the-tawhoa-naturalist","tradeInfo":[],"listingCount":455},{"id":106446,"name":"Tattoo of the Tasalio Warrior","icon":"https://web.poecdn.com/gen/image/WzI1LDE0LHsiZiI6IjJESXRlbXMvQ3VycmVuY3kvQW5jZXN0b3JzL0NvbW1vbkRleFRhdHR0b29FcXVpcG1lbnQiLCJ3IjoxLCJoIjoxLCJzY2FsZSI6MX1d/b80711f45f/CommonDexTatttooEquipment.png","baseType":"Tattoo of the Tasalio Warrior","stackSize":10,"itemClass":5,"sparkline":{"data":[0,-2.59,-5.13,-42.96,-49.97,-70.85,-8.26],"totalChange":-8.26},"lowConfidenceSparkline":{"data":[0,-2.59,-5.13,-42.96,-49.97,-70.85,-8.26],"totalChange":-8.26},"implicitModifiers":[],"explicitModifiers":[{"text":"5% chance to Blind Enemies on Hit with Attacks","optional":false}],"flavourText":"","chaosValue":150.53,"exaltedValue":5.19,"divineValue":0.55,"count":14,"detailsId":"tattoo-of-the-tasalio-warrior","tradeInfo":[],"listingCount":298},{"id":106245,"name":"Tattoo of the Valako Warrior","icon":"https://web.poecdn.com/gen/image/WzI1LDE0LHsiZiI6IjJESXRlbXMvQ3VycmVuY3kvQW5jZXN0b3JzL0NvbW1vbkludFRhdHR0b29FcXVpcG1lbnQiLCJ3IjoxLCJoIjoxLCJzY2FsZSI6MX1d/bae0258602/CommonIntTatttooEquipment.png","baseType":"Tattoo of the Valako Warrior","stackSize":10,"itemClass":5,"sparkline":{"data":[0,-1.78,-1.78,-18.15,-22.13,-30.10,-20.79],"totalChange":-20.79},"lowConfidenceSparkline":{"data":[0,-1.78,-1.78,-18.15,-22.13,-30.10,-20.79],"totalChange":-20.79},"implicitModifiers":[],"explicitModifiers":[{"text":"Adds 1 to 7 Lightning Damage","optional":false}],"flavourText":"","chaosValue":145.16,"exaltedValue":5.00,"divineValue":0.53,"count":24,"detailsId":"tattoo-of-the-valako-warrior","tradeInfo":[],"listingCount":428},{"id":106422,"name":"Tattoo of the Rongokurai Guard","icon":"https://web.poecdn.com/gen/image/WzI1LDE0LHsiZiI6IjJESXRlbXMvQ3VycmVuY3kvQW5jZXN0b3JzL0NvbW1vblN0clRhdHR0b29FcXVpcG1lbnQiLCJ3IjoxLCJoIjoxLCJzY2FsZSI6MX1d/b7072892c0/CommonStrTatttooEquipment.png","baseType":"Tattoo of the Rongokurai Guard","stackSize":10,"itemClass":5,"sparkline":{"data":[0,-3.82,-1.79,-19.17,-20,-22.12,-40],"totalChange":-40},"lowConfidenceSparkline":{"data":[0,-3.82,-1.79,-19.17,-20,-22.12,-40],"totalChange":-40},"implicitModifiers":[],"explicitModifiers":[{"text":"Guard Skills have 6% increased Duration","optional":false}],"flavourText":"","chaosValue":144.00,"exaltedValue":4.96,"divineValue":0.52,"count":15,"detailsId":"tattoo-of-the-rongokurai-guard","tradeInfo":[],"listingCount":325},{"id":106247,"name":"Tattoo of the Hinekora Deathwarden","icon":"https://web.poecdn.com/gen/image/WzI1LDE0LHsiZiI6IjJESXRlbXMvQ3VycmVuY3kvQW5jZXN0b3JzL0NvbW1vbkludFRhdHR0b29FcXVpcG1lbnQiLCJ3IjoxLCJoIjoxLCJzY2FsZSI6MX1d/bae0258602/CommonIntTatttooEquipment.png","baseType":"Tattoo of the Hinekora Deathwarden","stackSize":10,"itemClass":5,"sparkline":{"data":[0,-2.48,-1.24,-1.28,-1.89,-2.70,3.38],"totalChange":3.38},"lowConfidenceSparkline":{"data":[0,-2.48,-1.24,-1.28,-1.89,-2.70,3.38],"totalChange":3.38},"implicitModifiers":[],"explicitModifiers":[{"text":"6% reduced Effect of Curses on you","optional":false}],"flavourText":"","chaosValue":143.95,"exaltedValue":4.96,"divineValue":0.52,"count":32,"detailsId":"tattoo-of-the-hinekora-deathwarden","tradeInfo":[],"listingCount":464},{"id":106343,"name":"Tattoo of the Hinekora Warrior","icon":"https://web.poecdn.com/gen/image/WzI1LDE0LHsiZiI6IjJESXRlbXMvQ3VycmVuY3kvQW5jZXN0b3JzL0NvbW1vbkludFRhdHR0b29FcXVpcG1lbnQiLCJ3IjoxLCJoIjoxLCJzY2FsZSI6MX1d/bae0258602/CommonIntTatttooEquipment.png","baseType":"Tattoo of the Hinekora Warrior","stackSize":10,"itemClass":5,"sparkline":{"data":[0,-7.58,-7.58,-7.58,-7.58,-7.58,29.94],"totalChange":29.94},"lowConfidenceSparkline":{"data":[0,-7.58,-7.58,-7.58,-7.58,-7.58,29.94],"totalChange":29.94},"implicitModifiers":[],"explicitModifiers":[{"text":"10% increased Energy Shield Recharge Rate","optional":false}],"flavourText":"","chaosValue":140.60,"exaltedValue":4.85,"divineValue":0.51,"count":22,"detailsId":"tattoo-of-the-hinekora-warrior","tradeInfo":[],"listingCount":413},{"id":106311,"name":"Tattoo of the Tukohama Brawler","icon":"https://web.poecdn.com/gen/image/WzI1LDE0LHsiZiI6IjJESXRlbXMvQ3VycmVuY3kvQW5jZXN0b3JzL0NvbW1vblN0clRhdHR0b29FcXVpcG1lbnQiLCJ3IjoxLCJoIjoxLCJzY2FsZSI6MX1d/b7072892c0/CommonStrTatttooEquipment.png","baseType":"Tattoo of the Tukohama Brawler","stackSize":10,"itemClass":5,"sparkline":{"data":[0,-3.23,-8.60,-20.43,-27.74,-27.74,-24.95],"totalChange":-24.95},"lowConfidenceSparkline":{"data":[0,-3.23,-8.60,-20.43,-27.74,-27.74,-24.95],"totalChange":-24.95},"implicitModifiers":[],"explicitModifiers":[{"text":"10% chance to Knock Enemies Back on hit","optional":false}],"flavourText":"","chaosValue":139.60,"exaltedValue":4.81,"divineValue":0.51,"count":23,"detailsId":"tattoo-of-the-tukohama-brawler","tradeInfo":[],"listingCount":447},{"id":106431,"name":"Tattoo of the Ngamahu Firewalker","icon":"https://web.poecdn.com/gen/image/WzI1LDE0LHsiZiI6IjJESXRlbXMvQ3VycmVuY3kvQW5jZXN0b3JzL0NvbW1vblN0clRhdHR0b29FcXVpcG1lbnQiLCJ3IjoxLCJoIjoxLCJzY2FsZSI6MX1d/b7072892c0/CommonStrTatttooEquipment.png","baseType":"Tattoo of the Ngamahu Firewalker","stackSize":10,"itemClass":5,"sparkline":{"data":[0,-4.5,-4.65,0,4.56,4.24,7.01],"totalChange":7.01},"lowConfidenceSparkline":{"data":[0,-4.5,-4.65,0,4.56,4.24,7.01],"totalChange":7.01},"implicitModifiers":[],"explicitModifiers":[{"text":"+8% to Fire Resistance","optional":false}],"flavourText":"","chaosValue":139.11,"exaltedValue":4.80,"divineValue":0.50,"count":29,"detailsId":"tattoo-of-the-ngamahu-firewalker","tradeInfo":[],"listingCount":499},{"id":106274,"name":"Tattoo of the Valako Scout","icon":"https://web.poecdn.com/gen/image/WzI1LDE0LHsiZiI6IjJESXRlbXMvQ3VycmVuY3kvQW5jZXN0b3JzL0NvbW1vbkludFRhdHR0b29FcXVpcG1lbnQiLCJ3IjoxLCJoIjoxLCJzY2FsZSI6MX1d/bae0258602/CommonIntTatttooEquipment.png","baseType":"Tattoo of the Valako Scout","stackSize":10,"itemClass":5,"sparkline":{"data":[0,-3.32,-3.32,-1.66,-3.32,-8.30,-8.30],"totalChange":-8.30},"lowConfidenceSparkline":{"data":[0,-3.32,-3.32,-1.66,-3.32,-8.30,-8.30],"totalChange":-8.30},"implicitModifiers":[],"explicitModifiers":[{"text":"15% reduced Effect of Shock on you","optional":false}],"flavourText":"","chaosValue":127.00,"exaltedValue":4.38,"divineValue":0.46,"count":26,"detailsId":"tattoo-of-the-valako-scout","tradeInfo":[],"listingCount":466},{"id":106248,"name":"Tattoo of the Tasalio Bladedancer","icon":"https://web.poecdn.com/gen/image/WzI1LDE0LHsiZiI6IjJESXRlbXMvQ3VycmVuY3kvQW5jZXN0b3JzL0NvbW1vblN0clRhdHR0b29FcXVpcG1lbnQiLCJ3IjoxLCJoIjoxLCJzY2FsZSI6MX1d/b7072892c0/CommonStrTatttooEquipment.png","baseType":"Tattoo of the Tasalio Bladedancer","stackSize":10,"itemClass":5,"sparkline":{"data":[0,-18.37,2.04,10.20,6.12,30.61,24.49],"totalChange":24.49},"lowConfidenceSparkline":{"data":[0,-18.37,2.04,10.20,6.12,30.61,24.49],"totalChange":24.49},"implicitModifiers":[],"explicitModifiers":[{"text":"Attacks have 5% chance to Maim on Hit","optional":false}],"flavourText":"","chaosValue":122.00,"exaltedValue":4.21,"divineValue":0.44,"count":19,"detailsId":"tattoo-of-the-tasalio-bladedancer","tradeInfo":[],"listingCount":417},{"id":106382,"name":"Tattoo of the Ramako Scout","icon":"https://web.poecdn.com/gen/image/WzI1LDE0LHsiZiI6IjJESXRlbXMvQ3VycmVuY3kvQW5jZXN0b3JzL0NvbW1vbkRleFRhdHR0b29FcXVpcG1lbnQiLCJ3IjoxLCJoIjoxLCJzY2FsZSI6MX1d/b80711f45f/CommonDexTatttooEquipment.png","baseType":"Tattoo of the Ramako Scout","stackSize":10,"itemClass":5,"sparkline":{"data":[0,-0.55,-0.51,-3.37,-2.76,-3.68,-3.68],"totalChange":-3.68},"lowConfidenceSparkline":{"data":[0,-0.55,-0.51,-3.37,-2.76,-3.68,-3.68],"totalChange":-3.68},"implicitModifiers":[],"explicitModifiers":[{"text":"+80 to Evasion Rating","optional":false}],"flavourText":"","chaosValue":120.00,"exaltedValue":4.14,"divineValue":0.44,"count":23,"detailsId":"tattoo-of-the-ramako-scout","tradeInfo":[],"listingCount":315},{"id":106286,"name":"Tattoo of the Arohongui Moonwarden","icon":"https://web.poecdn.com/gen/image/WzI1LDE0LHsiZiI6IjJESXRlbXMvQ3VycmVuY3kvQW5jZXN0b3JzL0NvbW1vbkRleFRhdHR0b29FcXVpcG1lbnQiLCJ3IjoxLCJoIjoxLCJzY2FsZSI6MX1d/b80711f45f/CommonDexTatttooEquipment.png","baseType":"Tattoo of the Arohongui Moonwarden","stackSize":10,"itemClass":5,"sparkline":{"data":[0,-27.28,-37.56,-30.71,-34.13,-39.64,-38.60],"totalChange":-38.60},"lowConfidenceSparkline":{"data":[0,-27.28,-37.56,-30.71,-34.13,-39.64,-38.60],"totalChange":-38.60},"implicitModifiers":[],"explicitModifiers":[{"text":"+8% to Cold Resistance","optional":false}],"flavourText":"","chaosValue":118.00,"exaltedValue":4.07,"divineValue":0.43,"count":24,"detailsId":"tattoo-of-the-arohongui-moonwarden","tradeInfo":[],"listingCount":483},{"id":106289,"name":"Tattoo of the Tawhoa Warrior","icon":"https://web.poecdn.com/gen/image/WzI1LDE0LHsiZiI6IjJESXRlbXMvQ3VycmVuY3kvQW5jZXN0b3JzL0NvbW1vbkludFRhdHR0b29FcXVpcG1lbnQiLCJ3IjoxLCJoIjoxLCJzY2FsZSI6MX1d/bae0258602/CommonIntTatttooEquipment.png","baseType":"Tattoo of the Tawhoa Warrior","stackSize":10,"itemClass":5,"sparkline":{"data":[0,11.39,18.99,18.99,18.99,-8.23,23.63],"totalChange":23.63},"lowConfidenceSparkline":{"data":[0,11.39,18.99,18.99,18.99,-8.23,23.63],"totalChange":23.63},"implicitModifiers":[],"explicitModifiers":[{"text":"Adds 2 to 3 Chaos Damage","optional":false}],"flavourText":"","chaosValue":117.20,"exaltedValue":4.04,"divineValue":0.42,"count":19,"detailsId":"tattoo-of-the-tawhoa-warrior","tradeInfo":[],"listingCount":458},{"id":106557,"name":"Loyalty Tattoo of Ahuana","icon":"https://web.poecdn.com/gen/image/WzI1LDE0LHsiZiI6IjJESXRlbXMvQ3VycmVuY3kvQW5jZXN0b3JzL1JhcmVEZXhUYXR0dG9vRXF1aXBtZW50IiwidyI6MSwiaCI6MSwic2NhbGUiOjF9XQ/a2e28f4b6c/RareDexTatttooEquipment.png","baseType":"Loyalty Tattoo of Ahuana","stackSize":10,"itemClass":5,"sparkline":{"data":[0,-4.55,-0.88,-8.22,-8.22,-15.57,-19.24],"totalChange":-19.24},"lowConfidenceSparkline":{"data":[0,-4.55,-0.88,-8.22,-8.22,-15.57,-19.24],"totalChange":-19.24},"implicitModifiers":[],"explicitModifiers":[{"text":"Trigger Summon Spirit of Ahuana Skill when you Suppress\nSpell Damage from a Unique Enemy","optional":false}],"flavourText":"","chaosValue":110.00,"exaltedValue":3.79,"divineValue":0.40,"count":14,"detailsId":"loyalty-tattoo-of-ahuana","tradeInfo":[],"listingCount":273},{"id":106246,"name":"Tattoo of the Tukohama Shaman","icon":"https://web.poecdn.com/gen/image/WzI1LDE0LHsiZiI6IjJESXRlbXMvQ3VycmVuY3kvQW5jZXN0b3JzL0NvbW1vblN0clRhdHR0b29FcXVpcG1lbnQiLCJ3IjoxLCJoIjoxLCJzY2FsZSI6MX1d/b7072892c0/CommonStrTatttooEquipment.png","baseType":"Tattoo of the Tukohama Shaman","stackSize":10,"itemClass":5,"sparkline":{"data":[0,0,0,-9.66,-9.67,-24.24,-39.57],"totalChange":-39.57},"lowConfidenceSparkline":{"data":[0,0,0,-9.66,-9.67,-24.24,-39.57],"totalChange":-39.57},"implicitModifiers":[],"explicitModifiers":[{"text":"Regenerate 15 Life per second","optional":false}],"flavourText":"","chaosValue":108.77,"exaltedValue":3.75,"divineValue":0.39,"count":39,"detailsId":"tattoo-of-the-tukohama-shaman","tradeInfo":[],"listingCount":496},{"id":106367,"name":"Honoured Tattoo of the Sky","icon":"https://web.poecdn.com/gen/image/WzI1LDE0LHsiZiI6IjJESXRlbXMvQ3VycmVuY3kvQW5jZXN0b3JzL0hpbmVrb3JhQ29tbW9uVGF0dHRvb0VxdWlwbWVudCIsInciOjEsImgiOjEsInNjYWxlIjoxfV0/80dfeda101/HinekoraCommonTatttooEquipment.png","baseType":"Honoured Tattoo of the Sky","stackSize":10,"itemClass":5,"sparkline":{"data":[0,0,0.20,0.20,0.10,-0.20,8.22],"totalChange":8.22},"lowConfidenceSparkline":{"data":[0,0,0.20,0.20,0.10,-0.20,8.22],"totalChange":8.22},"implicitModifiers":[],"explicitModifiers":[{"text":"+3% to all Elemental Resistances","optional":false}],"flavourText":"","chaosValue":108.00,"exaltedValue":3.72,"divineValue":0.39,"count":72,"detailsId":"honoured-tattoo-of-the-sky","tradeInfo":[],"listingCount":1111},{"id":106405,"name":"Tattoo of the Rongokurai Goliath","icon":"https://web.poecdn.com/gen/image/WzI1LDE0LHsiZiI6IjJESXRlbXMvQ3VycmVuY3kvQW5jZXN0b3JzL0NvbW1vblN0clRhdHR0b29FcXVpcG1lbnQiLCJ3IjoxLCJoIjoxLCJzY2FsZSI6MX1d/b7072892c0/CommonStrTatttooEquipment.png","baseType":"Tattoo of the Rongokurai Goliath","stackSize":10,"itemClass":5,"sparkline":{"data":[0,0,0,-18,-0.6,-0.5,0],"totalChange":0},"lowConfidenceSparkline":{"data":[0,0,0,-18,-0.6,-0.5,0],"totalChange":0},"implicitModifiers":[],"explicitModifiers":[{"text":"10% increased Stun Duration on Enemies","optional":false}],"flavourText":"","chaosValue":100.00,"exaltedValue":3.45,"divineValue":0.36,"count":36,"detailsId":"tattoo-of-the-rongokurai-goliath","tradeInfo":[],"listingCount":569},{"id":106433,"name":"Tattoo of the Hinekora Warmonger","icon":"https://web.poecdn.com/gen/image/WzI1LDE0LHsiZiI6IjJESXRlbXMvQ3VycmVuY3kvQW5jZXN0b3JzL0NvbW1vbkludFRhdHR0b29FcXVpcG1lbnQiLCJ3IjoxLCJoIjoxLCJzY2FsZSI6MX1d/bae0258602/CommonIntTatttooEquipment.png","baseType":"Tattoo of the Hinekora Warmonger","stackSize":10,"itemClass":5,"sparkline":{"data":[0,-8.11,-32.43,-32.43,-32.43,-32.93,-32.43],"totalChange":-32.43},"lowConfidenceSparkline":{"data":[0,-8.11,-32.43,-32.43,-32.43,-32.93,-32.43],"totalChange":-32.43},"implicitModifiers":[],"explicitModifiers":[{"text":"Minions have 6% increased maximum Life","optional":false}],"flavourText":"","chaosValue":100.00,"exaltedValue":3.45,"divineValue":0.36,"count":19,"detailsId":"tattoo-of-the-hinekora-warmonger","tradeInfo":[],"listingCount":336},{"id":106347,"name":"Tattoo of the Rongokurai Brute","icon":"https://web.poecdn.com/gen/image/WzI1LDE0LHsiZiI6IjJESXRlbXMvQ3VycmVuY3kvQW5jZXN0b3JzL0NvbW1vblN0clRhdHR0b29FcXVpcG1lbnQiLCJ3IjoxLCJoIjoxLCJzY2FsZSI6MX1d/b7072892c0/CommonStrTatttooEquipment.png","baseType":"Tattoo of the Rongokurai Brute","stackSize":10,"itemClass":5,"sparkline":{"data":[0,0,0,-1.6,-1.8,-38,-0.8],"totalChange":-0.8},"lowConfidenceSparkline":{"data":[0,0,0,-1.6,-1.8,-38,-0.8],"totalChange":-0.8},"implicitModifiers":[],"explicitModifiers":[{"text":"15% increased Stun Threshold","optional":false}],"flavourText":"","chaosValue":99.20,"exaltedValue":3.42,"divineValue":0.36,"count":39,"detailsId":"tattoo-of-the-rongokurai-brute","tradeInfo":[],"listingCount":572},{"id":106294,"name":"Tattoo of the Tawhoa Scout","icon":"https://web.poecdn.com/gen/image/WzI1LDE0LHsiZiI6IjJESXRlbXMvQ3VycmVuY3kvQW5jZXN0b3JzL0NvbW1vbkRleFRhdHR0b29FcXVpcG1lbnQiLCJ3IjoxLCJoIjoxLCJzY2FsZSI6MX1d/b80711f45f/CommonDexTatttooEquipment.png","baseType":"Tattoo of the Tawhoa Scout","stackSize":10,"itemClass":5,"sparkline":{"data":[0,-5.97,-3.23,-1.61,-1.61,-5.97,48.39],"totalChange":48.39},"lowConfidenceSparkline":{"data":[0,-5.97,-3.23,-1.61,-1.61,-5.97,48.39],"totalChange":48.39},"implicitModifiers":[],"explicitModifiers":[{"text":"15% chance to Avoid being Poisoned","optional":false}],"flavourText":"","chaosValue":92.00,"exaltedValue":3.17,"divineValue":0.33,"count":22,"detailsId":"tattoo-of-the-tawhoa-scout","tradeInfo":[],"listingCount":427}]}