{"lines":[{"id":7650,"name":"Faceted Fossil","icon":"https://web.poecdn.com/gen/image/WzI1LDE0LHsiZiI6IjJESXRlbXMvQ3VycmVuY3kvRGVsdmUvRmFjZXRlZEZvc3NpbCIsInciOjEsImgiOjEsInNjYWxlIjoxfV0/db0aba6238/FacetedFossil.png","baseType":"Faceted Fossil","stackSize":10,"itemClass":5,"sparkline":{"data":[0,0,0,0,0,0,0],"totalChange":0},"lowConfidenceSparkline":{"data":[0,0,0,0,0,0,0],"totalChange":0},"implicitModifiers":[],"explicitModifiers":[{"text":"More Gem modifiers","optional":false},{"text":"More Socketed Gem Level modifiers","optional":true}],"flavourText":"","chaosValue":160.00,"exaltedValue":5.52,"divineValue":0.58,"count":128,"detailsId":"faceted-fossil","tradeInfo":[],"listingCount":1366},{"id":7666,"name":"Glyphic Fossil","icon":"https://web.poecdn.com/gen/image/WzI1LDE0LHsiZiI6IjJESXRlbXMvQ3VycmVuY3kvRGVsdmUvR2x5cGhpY0Zvc3NpbCIsInciOjEsImgiOjEsInNjYWxlIjoxfV0/f5b3c6edf7/GlyphicFossil.png","baseType":"Glyphic Fossil","stackSize":10,"itemClass":5,"sparkline":{"data":[0,-0.40,0.12,-0.47,-0.57,-0.86,-2.05],"totalChange":-2.05},"lowConfidenceSparkline":{"data":[0,-0.40,0.12,-0.47,-0.57,-0.86,-2.05],"totalChange":-2.05},"implicitModifiers":[],"explicitModifiers":[{"text":"Has a Corrupt Essence modifier","optional":false}],"flavourText":"","chaosValue":91.56,"exaltedValue":3.16,"divineValue":0.33,"count":109,"detailsId":"glyphic-fossil","tradeInfo":[],"listingCount":1423},{"id":7661,"name":"Hollow Fossil","icon":"https://web.poecdn.com/gen/image/WzI1LDE0LHsiZiI6IjJESXRlbXMvQ3VycmVuY3kvRGVsdmUvQW1iZXJFeWUiLCJ3IjoxLCJoIjoxLCJzY2FsZSI6MX1d/7579485795/AmberEye.png","baseType":"Hollow Fossil","stackSize":10,"itemClass":5,"sparkline":{"data":[0,9.61,9.54,10.22,10.45,10.45,8.79],"totalChange":8.79},"lowConfidenceSparkline":{"data":[0,9.61,9.54,10.22,10.45,10.45,8.79],"totalChange":8.79},"implicitModifiers":[],"explicitModifiers":[{"text":"Has an Abyssal socket","optional":false}],"flavourText":"","chaosValue":78.80,"exaltedValue":2.72,"divineValue":0.29,"count":153,"detailsId":"hollow-fossil","tradeInfo":[],"listingCount":1512},{"id":20445,"name":"Fractured Fossil","icon":"https://web.poecdn.com/gen/image/WzI1LDE0LHsiZiI6IjJESXRlbXMvQ3VycmVuY3kvRGVsdmUvRnJhY3R1cmVkRm9zc2lsIiwidyI6MSwiaCI6MSwic2NhbGUiOjF9XQ/ffb5b47984/FracturedFossil.png","baseType":"Fractured Fossil","stackSize":10,"itemClass":5,"sparkline":{"data":[0,-2.88,-9.47,-12.62,-12.62,-12.62,-12.62],"totalChange":-12.62},"lowConfidenceSparkline":{"data":[0,-2.88,-9.47,-12.62,-12.62,-12.62,-12.62],"totalChange":-12.62},"implicitModifiers":[],"explicitModifiers":[{"text":"Creates a mirrored copy","optional":true},{"text":"Creates a split copy. Cannot be used to split Influenced,\nEnchanted, Fractured, or Synthesised items.","optional":true},{"text":"Creates a split copy\nCannot be used to split Influenced,\nEnchanted, Fractured, or Synthesised items","optional":false}],"flavourText":"","chaosValue":25.00,"exaltedValue":0.86,"divineValue":0.09,"count":154,"detailsId":"fractured-fossil","tradeInfo":[],"listingCount":1907},{"id":7653,"name":"Sanctified Fossil","icon":"https://web.poecdn.com/gen/image/WzI1LDE0LHsiZiI6IjJESXRlbXMvQ3VycmVuY3kvRGVsdmUvR2lsZGVkRm9zc2lsIiwidyI6MSwiaCI6MSwic2NhbGUiOjF9XQ/8a8b6de108/GildedFossil.png","baseType":"Sanctified Fossil","stackSize":10,"itemClass":5,"sparkline":{"data":[0,0,0,0,0,0,0],"totalChange":0},"lowConfidenceSparkline":{"data":[0,0,0,0,0,0,0],"totalChange":0},"implicitModifiers":[],"explicitModifiers":[{"text":"Numeric modifier values are lucky\nHigh Level modifiers are more common","optional":false}],"flavourText":"","chaosValue":20.00,"exaltedValue":0.69,"divineValue":0.07,"count":171,"detailsId":"sanctified-fossil","tradeInfo":[],"listingCount":2873},{"id":7634,"name":"Perfect Fossil","icon":"https://web.poecdn.com/gen/image/WzI1LDE0LHsiZiI6IjJESXRlbXMvQ3VycmVuY3kvRGVsdmUvUGVyZmVjdEZvc3NpbCIsInciOjEsImgiOjEsInNjYWxlIjoxfV0/7a87694b3c/PerfectFossil.png","baseType":"Perfect Fossil","stackSize":20,"itemClass":5,"sparkline":{"data":[0,0,0,0,3.33,15.87,13.33],"totalChange":13.33},"lowConfidenceSparkline":{"data":[0,0,0,0,3.33,15.87,13.33],"totalChange":13.33},"implicitModifiers":[],"explicitModifiers":[{"text":"Improved Quality","optional":false}],"flavourText":"","chaosValue":17.00,"exaltedValue":0.59,"divineValue":0.06,"count":168,"detailsId":"perfect-fossil","tradeInfo":[],"listingCount":4117},{"id":7665,"name":"Shuddering Fossil","icon":"https://web.poecdn.com/gen/image/WzI1LDE0LHsiZiI6IjJESXRlbXMvQ3VycmVuY3kvRGVsdmUvU2h1ZGRlcmluZ0Zvc3NpbCIsInciOjEsImgiOjEsInNjYWxlIjoxfV0/7ea7926999/ShudderingFossil.png","baseType":"Shuddering Fossil","stackSize":20,"itemClass":5,"sparkline":{"data":[0,-8.73,-9.09,-9.09,-9.09,-9.09,-9.09],"totalChange":-9.09},"lowConfidenceSparkline":{"data":[0,-8.73,-9.09,-9.09,-9.09,-9.09,-9.09],"totalChange":-9.09},"implicitModifiers":[],"explicitModifiers":[{"text":"More Speed modifiers\nNo Mana modifiers","optional":false}],"flavourText":"","chaosValue":10.00,"exaltedValue":0.34,"divineValue":0.04,"count":150,"detailsId":"shuddering-fossil","tradeInfo":[],"listingCount":3851},{"id":70510,"name":"Fundamental Fossil","icon":"https://web.poecdn.com/gen/image/WzI1LDE0LHsiZiI6IjJESXRlbXMvQ3VycmVuY3kvRGVsdmUvRW5jcnVzdGVkRm9zc2lsIiwidyI6MSwiaCI6MSwic2NhbGUiOjF9XQ/4f7e7cc55d/EncrustedFossil.png","baseType":"Fundamental Fossil","stackSize":20,"itemClass":5,"sparkline":{"data":[0,5.77,-2.64,-2.64,11.27,11.27,11.27],"totalChange":11.27},"lowConfidenceSparkline":{"data":[0,5.77,-2.64,-2.64,11.27,11.27,11.27],"totalChange":11.27},"implicitModifiers":[],"explicitModifiers":[{"text":"More Attribute modifiers\nNo Critical modifiers","optional":false}],"flavourText":"","chaosValue":8.00,"exaltedValue":0.28,"divineValue":0.03,"count":200,"detailsId":"fundamental-fossil","tradeInfo":[],"listingCount":2611},{"id":7654,"name":"Corroded Fossil","icon":"https://web.poecdn.com/gen/image/WzI1LDE0LHsiZiI6IjJESXRlbXMvQ3VycmVuY3kvRGVsdmUvQ29ycm9kZWRGb3NzaWwiLCJ3IjoxLCJoIjoxLCJzY2FsZSI6MX1d/e934508b43/CorrodedFossil.png","baseType":"Corroded Fossil","stackSize":20,"itemClass":5,"sparkline":{"data":[0,0,0,0,0,0,0],"totalChange":0},"lowConfidenceSparkline":{"data":[0,0,0,0,0,0,0],"totalChange":0},"implicitModifiers":[],"explicitModifiers":[{"text":"More Poison or Bleeding modifiers\nNo Elemental modifiers","optional":true},{"text":"More Physical Ailment or Chaos Ailment modifiers\nNo Elemental modifiers","optional":false}],"flavourText":"","chaosValue":5.00,"exaltedValue":0.17,"divineValue":0.02,"count":203,"detailsId":"corroded-fossil","tradeInfo":[],"listingCount":5450},{"id":70507,"name":"Deft Fossil","icon":"https://web.poecdn.com/gen/image/WzI1LDE0LHsiZiI6IjJESXRlbXMvQ3VycmVuY3kvRGVsdmUvRW5jaGFudGVkRm9zc2lsIiwidyI6MSwiaCI6MSwic2NhbGUiOjF9XQ/314cfdc367/EnchantedFossil.png","baseType":"Deft Fossil","stackSize":20,"itemClass":5,"sparkline":{"data":[0,0,0,0,0,0,0],"totalChange":0},"lowConfidenceSparkline":{"data":[0,0,0,0,0,0,0],"totalChange":0},"implicitModifiers":[],"explicitModifiers":[{"text":"More Critical modifiers\nNo Attribute modifiers","optional":false}],"flavourText":"","chaosValue":5.00,"exaltedValue":0.17,"divineValue":0.02,"count":185,"detailsId":"deft-fossil","tradeInfo":[],"listingCount":2776},{"id":7638,"name":"Gilded Fossil","icon":"https://web.poecdn.com/gen/image/WzI1LDE0LHsiZiI6IjJESXRlbXMvQ3VycmVuY3kvRGVsdmUvU2FuY3RpZmllZEZvc3NpbCIsInciOjEsImgiOjEsInNjYWxlIjoxfV0/3c8e7553b5/SanctifiedFossil.png","baseType":"Gilded Fossil","stackSize":10,"itemClass":5,"sparkline":{"data":[0,0,33.33,33.33,33.33,33.33,33.33],"totalChange":33.33},"lowConfidenceSparkline":{"data":[0,0,33.33,33.33,33.33,33.33,33.33],"totalChange":33.33},"implicitModifiers":[],"explicitModifiers":[{"text":"Item is overvalued by vendors","optional":false}],"flavourText":"","chaosValue":4.00,"exaltedValue":0.14,"divineValue":0.01,"count":172,"detailsId":"gilded-fossil","tradeInfo":[],"listingCount":3028},{"id":7640,"name":"Bound Fossil","icon":"https://web.poecdn.com/gen/image/WzI1LDE0LHsiZiI6IjJESXRlbXMvQ3VycmVuY3kvRGVsdmUvUmVzb25hdGluZ0Zvc3NpbCIsInciOjEsImgiOjEsInNjYWxlIjoxfV0/836925ced6/ResonatingFossil.png","baseType":"Bound Fossil","stackSize":20,"itemClass":5,"sparkline":{"data":[0,0,0,0,0,0,0],"totalChange":0},"lowConfidenceSparkline":{"data":[0,0,0,0,0,0,0],"totalChange":0},"implicitModifiers":[],"explicitModifiers":[{"text":"More Minion, Aura or Curse modifiers","optional":false},{"text":"More Minion or Aura modifiers","optional":true}],"flavourText":"","chaosValue":4.00,"exaltedValue":0.14,"divineValue":0.01,"count":189,"detailsId":"bound-fossil","tradeInfo":[],"listingCount":5465},{"id":7637,"name":"Aetheric Fossil","icon":"https://web.poecdn.com/gen/image/WzI1LDE0LHsiZiI6IjJESXRlbXMvQ3VycmVuY3kvRGVsdmUvQWV0aGVyaWNGb3NzaWwiLCJ3IjoxLCJoIjoxLCJzY2FsZSI6MX1d/fb38994bc8/AethericFossil.png","baseType":"Aetheric Fossil","stackSize":20,"itemClass":5,"sparkline":{"data":[0,0,0,0,0,0,0],"totalChange":0},"lowConfidenceSparkline":{"data":[0,0,0,0,0,0,0],"totalChange":0},"implicitModifiers":[],"explicitModifiers":[{"text":"More Caster modifiers\nFewer Attack modifiers","optional":false}],"flavourText":"","chaosValue":3.00,"exaltedValue":0.10,"divineValue":0.01,"count":195,"detailsId":"aetheric-fossil","tradeInfo":[],"listingCount":4461},{"id":7649,"name":"Prismatic Fossil","icon":"https://web.poecdn.com/gen/image/WzI1LDE0LHsiZiI6IjJESXRlbXMvQ3VycmVuY3kvRGVsdmUvUHJpc21hdGljRm9zc2lsIiwidyI6MSwiaCI6MSwic2NhbGUiOjF9XQ/ebaea2a708/PrismaticFossil.png","baseType":"Prismatic Fossil","stackSize":20,"itemClass":5,"sparkline":{"data":[0,0,0,0,0,0,0],"totalChange":0},"lowConfidenceSparkline":{"data":[0,0,0,0,0,0,0],"totalChange":0},"implicitModifiers":[],"explicitModifiers":[{"text":"More Elemental modifiers\nNo Poison or Bleeding modifiers","optional":true},{"text":"More Elemental modifiers\nNo Physical Ailment or Chaos Ailment modifiers","optional":false}],"flavourText":"","chaosValue":3.00,"exaltedValue":0.10,"divineValue":0.01,"count":214,"detailsId":"prismatic-fossil","tradeInfo":[],"listingCount":5459},{"id":7658,"name":"Serrated Fossil","icon":"https://web.poecdn.com/gen/image/WzI1LDE0LHsiZiI6IjJESXRlbXMvQ3VycmVuY3kvRGVsdmUvU2VycmF0ZWRGb3NzaWwiLCJ3IjoxLCJoIjoxLCJzY2FsZSI6MX1d/42d7279694/SerratedFossil.png","baseType":"Serrated Fossil","stackSize":20,"itemClass":5,"sparkline":{"data":[0,0,0,0,0,0,0],"totalChange":0},"lowConfidenceSparkline":{"data":[0,0,0,0,0,0,0],"totalChange":0},"implicitModifiers":[],"explicitModifiers":[{"text":"More Attack modifiers\nFewer Caster modifiers","optional":false}],"flavourText":"","chaosValue":3.00,"exaltedValue":0.10,"divineValue":0.01,"count":166,"detailsId":"serrated-fossil","tradeInfo":[],"listingCount":4553},{"id":7667,"name":"Bloodstained Fossil","icon":"https://web.poecdn.com/gen/image/WzI1LDE0LHsiZiI6IjJESXRlbXMvQ3VycmVuY3kvRGVsdmUvQmxvb2RzdGFpbmVkRm9zc2lsIiwidyI6MSwiaCI6MSwic2NhbGUiOjF9XQ/fe0b3edea8/BloodstainedFossil.png","baseType":"Bloodstained Fossil","stackSize":10,"itemClass":5,"sparkline":{"data":[0,0,0,-2.5,-12.5,-17.5,-25],"totalChange":-25},"lowConfidenceSparkline":{"data":[0,0,0,-2.5,-12.5,-17.5,-25],"totalChange":-25},"implicitModifiers":[],"explicitModifiers":[{"text":"Has a Vaal modifier","optional":true},{"text":"Corrupted\nHas a Corrupted implicit modifier","optional":false}],"flavourText":"","chaosValue":3.00,"exaltedValue":0.10,"divineValue":0.01,"count":64,"detailsId":"bloodstained-fossil","tradeInfo":[],"listingCount":1558},{"id":7664,"name":"Tangled Fossil","icon":"https://web.poecdn.com/gen/image/WzI1LDE0LHsiZiI6IjJESXRlbXMvQ3VycmVuY3kvRGVsdmUvVGFuZ2xlZEZvc3NpbCIsInciOjEsImgiOjEsInNjYWxlIjoxfV0/3e5e6289c8/TangledFossil.png","baseType":"Tangled Fossil","stackSize":10,"itemClass":5,"sparkline":{"data":[0,0,0,0,0,0,0],"totalChange":0},"lowConfidenceSparkline":{"data":[0,0,0,0,0,0,0],"totalChange":0},"implicitModifiers":[],"explicitModifiers":[{"text":"Can have any Fossil modifiers","optional":true},{"text":"Makes a random modifier type much more likely and prevents \nanother random modifier type\nEffects revealed once resonator is fully socketed","optional":false},{"text":"Makes a random modifier type much more likely and prevents \nanother random modifier type. Effects revealed once resonator is\nfully socketed.","optional":true}],"flavourText":"","chaosValue":2.00,"exaltedValue":0.07,"divineValue":0.01,"count":88,"detailsId":"tangled-fossil","tradeInfo":[],"listingCount":1476},{"id":7639,"name":"Jagged Fossil","icon":"https://web.poecdn.com/gen/image/WzI1LDE0LHsiZiI6IjJESXRlbXMvQ3VycmVuY3kvRGVsdmUvSmFnZ2VkRm9zc2lsIiwidyI6MSwiaCI6MSwic2NhbGUiOjF9XQ/054b08865e/JaggedFossil.png","baseType":"Jagged Fossil","stackSize":20,"itemClass":5,"sparkline":{"data":[0,0,0,0,0,0,0],"totalChange":0},"lowConfidenceSparkline":{"data":[0,0,0,0,0,0,0],"totalChange":0},"implicitModifiers":[],"explicitModifiers":[{"text":"More Physical modifiers\nNo Chaos modifiers","optional":false}],"flavourText":"","chaosValue":1.00,"exaltedValue":0.03,"divineValue":0.00,"count":330,"detailsId":"jagged-fossil","tradeInfo":[],"listingCount":8694},{"id":7643,"name":"Dense Fossil","icon":"https://web.poecdn.com/gen/image/WzI1LDE0LHsiZiI6IjJESXRlbXMvQ3VycmVuY3kvRGVsdmUvRGVuc2VGb3NzaWwiLCJ3IjoxLCJoIjoxLCJzY2FsZSI6MX1d/e51b8071e7/DenseFossil.png","baseType":"Dense Fossil","stackSize":20,"itemClass":5,"sparkline":{"data":[0,0,0,0,0,0,0],"totalChange":0},"lowConfidenceSparkline":{"data":[0,0,0,0,0,0,0],"totalChange":0},"implicitModifiers":[],"explicitModifiers":[{"text":"More Armour, Energy Shield or Evasion modifiers\nNo Life Modifiers","optional":true},{"text":"More Defence modifiers\nNo Life Modifiers","optional":false}],"flavourText":"","chaosValue":1.00,"exaltedValue":0.03,"divineValue":0.00,"count":268,"detailsId":"dense-fossil","tradeInfo":[],"listingCount":8428},{"id":7652,"name":"Pristine Fossil","icon":"https://web.poecdn.com/gen/image/WzI1LDE0LHsiZiI6IjJESXRlbXMvQ3VycmVuY3kvRGVsdmUvUHJpc3RpbmVGb3NzaWwiLCJ3IjoxLCJoIjoxLCJzY2FsZSI6MX1d/e9dda92a19/PristineFossil.png","baseType":"Pristine Fossil","stackSize":20,"itemClass":5,"sparkline":{"data":[0,0,0,0,0,0,0],"totalChange":0},"lowConfidenceSparkline":{"data":[0,0,0,0,0,0,0],"totalChange":0},"implicitModifiers":[],"explicitModifiers":[{"text":"More Life modifiers\nNo Armour, Energy Shield or Evasion modifiers","optional":true},{"text":"More Life modifiers\nNo Defence modifiers","optional":false}],"flavourText":"","chaosValue":1.00,"exaltedValue":0.03,"divineValue":0.00,"count":363,"detailsId":"pristine-fossil","tradeInfo":[],"listingCount":9846},{"id":7655,"name":"Lucent Fossil","icon":"https://web.poecdn.com/gen/image/WzI1LDE0LHsiZiI6IjJESXRlbXMvQ3VycmVuY3kvRGVsdmUvTHVjZW50Rm9zc2lsIiwidyI6MSwiaCI6MSwic2NhbGUiOjF9XQ/633b40a6b0/LucentFossil.png","baseType":"Lucent Fossil","stackSize":20,"itemClass":5,"sparkline":{"data":[0,0,0,0,0,0,0],"totalChange":0},"lowConfidenceSparkline":{"data":[0,0,0,0,0,0,0],"totalChange":0},"implicitModifiers":[],"explicitModifiers":[{"text":"More Mana modifiers\nNo Speed modifiers","optional":false}],"flavourText":"","chaosValue":1.00,"exaltedValue":0.03,"divineValue":0.00,"count":189,"detailsId":"lucent-fossil","tradeInfo":[],"listingCount":5423},{"id":7641,"name":"Aberrant Fossil","icon":"https://web.poecdn.com/gen/image/WzI1LDE0LHsiZiI6IjJESXRlbXMvQ3VycmVuY3kvRGVsdmUvQWJiZXJhbnRGb3NzaWwiLCJ3IjoxLCJoIjoxLCJzY2FsZSI6MX1d/426882fe76/AbberantFossil.png","baseType":"Aberrant Fossil","stackSize":20,"itemClass":5,"sparkline":{"data":[0,0,0,0,0,0,0],"totalChange":0},"lowConfidenceSparkline":{"data":[0,0,0,0,0,0,0],"totalChange":0},"implicitModifiers":[],"explicitModifiers":[{"text":"More Chaos modifiers\nNo Lightning modifiers","optional":false}],"flavourText":"","chaosValue":0.50,"exaltedValue":0.02,"divineValue":0.00,"count":399,"detailsId":"aberrant-fossil","tradeInfo":[],"listingCount":12525},{"id":7642,"name":"Scorched Fossil","icon":"https://web.poecdn.com/gen/image/WzI1LDE0LHsiZiI6IjJESXRlbXMvQ3VycmVuY3kvRGVsdmUvQW1iZXJGaXJlRmx5IiwidyI6MSwiaCI6MSwic2NhbGUiOjF9XQ/cf1a077c8d/AmberFireFly.png","baseType":"Scorched Fossil","stackSize":20,"itemClass":5,"sparkline":{"data":[0,0,0,0,0,0,0],"totalChange":0},"lowConfidenceSparkline":{"data":[0,0,0,0,0,0,0],"totalChange":0},"implicitModifiers":[],"explicitModifiers":[{"text":"More Fire modifiers\nNo Cold modifiers","optional":false}],"flavourText":"","chaosValue":0.50,"exaltedValue":0.02,"divineValue":0.00,"count":399,"detailsId":"scorched-fossil","tradeInfo":[],"listingCount":11777},{"id":7644,"name":"Frigid Fossil","icon":"https://web.poecdn.com/gen/image/WzI1LDE0LHsiZiI6IjJESXRlbXMvQ3VycmVuY3kvRGVsdmUvQW1iZXJGYW5nIiwidyI6MSwiaCI6MSwic2NhbGUiOjF9XQ/559d8ae855/AmberFang.png","baseType":"Frigid Fossil","stackSize":20,"itemClass":5,"sparkline":{"data":[0,0,0,0,0,0,0],"totalChange":0},"lowConfidenceSparkline":{"data":[0,0,0,0,0,0,0],"totalChange":0},"implicitModifiers":[],"explicitModifiers":[{"text":"More Cold modifiers\nNo Fire modifiers","optional":false}],"flavourText":"","chaosValue":0.50,"exaltedValue":0.02,"divineValue":0.00,"count":399,"detailsId":"frigid-fossil","tradeInfo":[],"listingCount":11371},{"id":7645,"name":"Metallic Fossil","icon":"https://web.poecdn.com/gen/image/WzI1LDE0LHsiZiI6IjJESXRlbXMvQ3VycmVuY3kvRGVsdmUvTWV0YWxsaWNGb3NzaWwiLCJ3IjoxLCJoIjoxLCJzY2FsZSI6MX1d/c26857827c/MetallicFossil.png","baseType":"Metallic Fossil","stackSize":20,"itemClass":5,"sparkline":{"data":[0,0,0,0,0,0,0],"totalChange":0},"lowConfidenceSparkline":{"data":[0,0,0,0,0,0,0],"totalChange":0},"implicitModifiers":[],"explicitModifiers":[{"text":"More Lightning modifiers\nNo Physical modifiers","optional":false}],"flavourText":"","chaosValue":0.50,"exaltedValue":0.02,"divineValue":0.00,"count":399,"detailsId":"metallic-fossil","tradeInfo":[],"listingCount":10817}]}