[
    {
        "user": 143126541902020608,
        "conf": {
            "visibility": "Public",
            "league": "Ancestor"
        }
    },
    {
        "user": 220238479785852929,
        "conf": {
            "league": "Ancestor"
        }
    },
    {
        "user": 235542168188616704,
        "conf": {
            "league": "Ancestor"
        }
    },
    {
        "user": 211185842516000768,
        "conf": {
            "real_name": "\u0415\u0433\u043e\u0440",
            "profile_link": "https://pathofexile.com/account/view-profile/xacan180",
            "playing": "1",
            "online": "\u0432 \u0432\u044b\u0445\u043e\u0434\u043d\u044b\u0435"
        }
    },
    {
        "user": 244964908482035712,
        "conf": {
            "real_name": "\u041c\u0430\u043a\u0441",
            "profile_link": "https://ru.pathofexile.com/account/view-profile/lazy46",
            "playing": "1500 \u0447\u0430\u0441\u043e\u0432, \u043d\u043e \u0432\u0435\u0440\u043d\u0443\u043b\u0441\u044f \u0432 \u0438\u0433\u0440\u0443 \u043d\u0435 \u0442\u0430\u043a \u0434\u0430\u0432\u043d\u043e",
            "online": "\u043f\u043e-\u0440\u0430\u0437\u043d\u043e\u043c\u0443. \u0438\u043d\u043e\u0433\u0434\u0430 30-40 \u0447\u0430\u0441\u043e\u0432, \u0438\u043d\u043e\u0433\u0434\u0430 0, \u0438\u043d\u043e\u0433\u0434\u0430 \u043c\u043e\u0433\u0443 \u0443\u0439\u0442\u0438 \u0434\u043e \u0441\u043b\u0435\u0434\u0443\u044e\u0449\u0435\u0433\u043e \u0441\u0435\u0437\u043e\u043d\u0430 =) \u0432\u0441\u0435 \u043f\u043e \u043d\u0430\u0441\u0442\u0440\u043e\u0435\u043d\u0438\u044e"
        }
    },
    {
        "user": 302095791030534147,
        "conf": {
            "real_name": "\u041f\u0430\u0432\u0435\u043b",
            "profile_link": "https://ru.pathofexile.com/account/view-profile/Hedshoter",
            "playing": "\u0421 \u043b\u0438\u0433\u0438 \u0430\u043b\u044c\u0432\u044b",
            "online": "\u0432\u0441\u0435\u0433\u0434\u0430 \u043f\u043e \u0440\u0430\u0437\u043d\u043e\u043c\u0443, \u043a\u043e\u0433\u0434\u0430 \u0435\u0441\u0442\u044c \u0441\u0432\u043e\u0431\u043e\u0434\u043d\u043e\u0435 \u0432\u0440\u0435\u043c\u044f, \u0442\u043e\u0433\u0434\u0430 \u0438 \u0438\u0433\u0440\u0430\u044e"
        }
    }
]